Generation,BestFitness,AvgChildFitness,SurvivalRate,DeltaBest,SuccessRatio,CrossoverGain,MutationGain
1,0.5110272794474255,0.46953309311603947,1.0,0.0,0.0,-0.0043025842455410935,0.0
2,0.5220982720626254,0.4772255053152329,0.6666666666666666,0.011070992615199837,0.14285714285714285,-0.0052512281218743085,0.0
3,0.5318560663739252,0.47285711012379356,0.6666666666666666,0.009757794311299861,0.2857142857142857,-0.0004617700622558713,-0.06465394542221331
4,0.5318560663739252,0.47578592723905505,1.0,0.0,0.14285714285714285,-0.0025674122940074684,0.0
5,0.5362548048824534,0.48019387991723317,0.6666666666666666,0.004398738508528122,0.2857142857142857,0.006430314509582147,0.0
