{
  "pattern": {
    "panels": {
      "skirt_back": {
        "translation": [
          -19.498596786321507,
          57.77250000000001,
          -20.0
        ],
        "rotation": [
          0.0,
          0.0,
          0.0
        ],
        "vertices": [
          [
            -0.4985967863215066,
            0.0
          ],
          [
            -8,
            35.76474165917811
          ],
          [
            -6.609201805522385,
            51.88046421617558
          ],
          [
            4.279681212953511,
            51.88046421617558
          ],
          [
            5.213629724893238,
            39.48346589340003
          ],
          [
            6.147578236832967,
            51.88046421617558
          ],
          [
            10.706128174268944,
            51.88046421617558
          ],
          [
            11.640076686208673,
            38.098596687808524
          ],
          [
            12.5740251981484,
            51.88046421617558
          ],
          [
            26.249675161318407,
            51.88046421617558
          ],
          [
            27.183623673258133,
            38.098596687808524
          ],
          [
            28.11757218519786,
            51.88046421617558
          ],
          [
            32.67612198114478,
            51.88046421617558
          ],
          [
            33.61007049308451,
            39.48346589340003
          ],
          [
            34.54401900502424,
            51.88046421617558
          ],
          [
            45.432901805522384,
            51.88046421617558
          ],
          [
            46.8237,
            35.76474165917811
          ],
          [
            39.32229678632151,
            0.0
          ],
          [
            20.411849794220462,
            0.0
          ],
          [
            19.411849794220466,
            22.62963126237848
          ],
          [
            18.411849794220462,
            0.0
          ]
        ],
        "edges": [
          {
            "endpoints": [
              0,
              1
            ],
            "curvature": {
              "type": "quadratic",
              "params": [
                [
                  0.7530450465076769,
                  0.05179706181872889
                ]
              ]
            }
          },
          {
            "endpoints": [
              1,
              2
            ],
            "curvature": {
              "type": "quadratic",
              "params": [
                [
                  0.4980453962580173,
                  0.04298166013445659
                ]
              ]
            }
          },
          {
            "endpoints": [
              2,
              3
            ],
            "label": "lower_interface"
          },
          {
            "endpoints": [
              3,
              4
            ]
          },
          {
            "endpoints": [
              4,
              5
            ]
          },
          {
            "endpoints": [
              5,
              6
            ],
            "label": "lower_interface"
          },
          {
            "endpoints": [
              6,
              7
            ]
          },
          {
            "endpoints": [
              7,
              8
            ]
          },
          {
            "endpoints": [
              8,
              9
            ],
            "label": "lower_interface"
          },
          {
            "endpoints": [
              9,
              10
            ]
          },
          {
            "endpoints": [
              10,
              11
            ]
          },
          {
            "endpoints": [
              11,
              12
            ],
            "label": "lower_interface"
          },
          {
            "endpoints": [
              12,
              13
            ]
          },
          {
            "endpoints": [
              13,
              14
            ]
          },
          {
            "endpoints": [
              14,
              15
            ],
            "label": "lower_interface"
          },
          {
            "endpoints": [
              15,
              16
            ],
            "curvature": {
              "type": "quadratic",
              "params": [
                [
                  0.5019546015414285,
                  0.04298166024786808
                ]
              ]
            }
          },
          {
            "endpoints": [
              16,
              17
            ],
            "curvature": {
              "type": "quadratic",
              "params": [
                [
                  0.2469549292174953,
                  0.05179705855561159
                ]
              ]
            }
          },
          {
            "endpoints": [
              17,
              18
            ]
          },
          {
            "endpoints": [
              18,
              19
            ]
          },
          {
            "endpoints": [
              19,
              20
            ]
          },
          {
            "endpoints": [
              20,
              0
            ]
          }
        ],
        "label": "leg"
      },
      "skirt_front": {
        "translation": [
          -16.498596786321507,
          57.77250000000001,
          25.0
        ],
        "rotation": [
          0.0,
          0.0,
          0.0
        ],
        "vertices": [
          [
            -0.4985967863215066,
            0.0
          ],
          [
            15.327149830736097,
            0.0
          ],
          [
            16.3271498307361,
            28.213046056147178
          ],
          [
            17.327149830736097,
            0.0
          ],
          [
            33.1528967863215,
            0.0
          ],
          [
            40.65429999999999,
            35.76474165917811
          ],
          [
            39.52482819262985,
            51.11304885631856
          ],
          [
            -6.870528192629855,
            51.11304885631856
          ],
          [
            -8,
            35.76474165917811
          ]
        ],
        "edges": [
          {
            "endpoints": [
              0,
              1
            ]
          },
          {
            "endpoints": [
              1,
              2
            ]
          },
          {
            "endpoints": [
              2,
              3
            ]
          },
          {
            "endpoints": [
              3,
              4
            ]
          },
          {
            "endpoints": [
              4,
              5
            ],
            "curvature": {
              "type": "quadratic",
              "params": [
                [
                  0.7530450707825047,
                  -0.05179705855561159
                ]
              ]
            }
          },
          {
            "endpoints": [
              5,
              6
            ],
            "curvature": {
              "type": "quadratic",
              "params": [
                [
                  0.49855453862539223,
                  -0.03668751570703502
                ]
              ]
            }
          },
          {
            "endpoints": [
              6,
              7
            ],
            "label": "lower_interface"
          },
          {
            "endpoints": [
              7,
              8
            ],
            "curvature": {
              "type": "quadratic",
              "params": [
                [
                  0.5014454624836497,
                  -0.036687515673488234
                ]
              ]
            }
          },
          {
            "endpoints": [
              8,
              0
            ],
            "curvature": {
              "type": "quadratic",