{
  "pattern": {
    "panels": {
      "skirt_back": {
        "translation": [
          -17.144527000248015,
          55.34520022937096,
          -20.0
        ],
        "rotation": [
          0.0,
          0.0,
          0.0
        ],
        "vertices": [
          [
            -0.7326770002480103,
            0.0
          ],
          [
            -11,
            18.66068518650738
          ],
          [
            -9.302676013236823,
            38.328241966940396
          ],
          [
            0.4563286685622465,
            38.328241966940396
          ],
          [
            1.5961153162667188,
            23.198999852117907
          ],
          [
            2.735901963971191,
            38.328241966940396
          ],
          [
            7.294451900473254,
            38.328241966940396
          ],
          [
            8.434238548177726,
            21.50891157726003
          ],
          [
            9.574025195882198,
            38.328241966940396
          ],
          [
            23.2496751597043,
            38.328241966940396
          ],
          [
            24.38946180740877,
            21.50891157726003
          ],
          [
            25.529248455113244,
            38.328241966940396
          ],
          [
            30.087798269535647,
            38.328241966940396
          ],
          [
            31.22758491724012,
            23.198999852117907
          ],
          [
            32.36737156494459,
            38.328241966940396
          ],
          [
            42.12637601323683,
            38.328241966940396
          ],
          [
            43.8237,
            18.66068518650738
          ],
          [
            33.55637700024801,
            0.0
          ],
          [
            17.411849820894236,
            0.0
          ],
          [
            16.41184982089424,
            16.03325909735238
          ],
          [
            15.411849820894236,
            0.0
          ]
        ],
        "edges": [
          {
            "endpoints": [
              0,
              1
            ],
            "curvature": {
              "type": "quadratic",
              "params": [
                [
                  0.4397864675764778,
                  0.3082371996692494
                ]
              ]
            }
          },
          {
            "endpoints": [
              1,
              2
            ],
            "curvature": {
              "type": "quadratic",
              "params": [
                [
                  0.49804539625723215,
                  0.04298166013438899
                ]
              ]
            }
          },
          {
            "endpoints": [
              2,
              3
            ]
          },
          {
            "endpoints": [
              3,
              4
            ]
          },
          {
            "endpoints": [
              4,
              5
            ]
          },
          {
            "endpoints": [
              5,
              6
            ]
          },
          {
            "endpoints": [
              6,
              7
            ]
          },
          {
            "endpoints": [
              7,
              8
            ]
          },
          {
            "endpoints": [
              8,
              9
            ]
          },
          {
            "endpoints": [
              9,
              10
            ]
          },
          {
            "endpoints": [
              10,
              11
            ]
          },
          {
            "endpoints": [
              11,
              12
            ]
          },
          {
            "endpoints": [
              12,
              13
            ]
          },
          {
            "endpoints": [
              13,
              14
            ]
          },
          {
            "endpoints": [
              14,
              15
            ]
          },
          {
            "endpoints": [
              15,
              16
            ],
            "curvature": {
              "type": "quadratic",
              "params": [
                [
                  0.5019546014275647,
                  0.04298166025769439
                ]
              ]
            }
          },
          {
            "endpoints": [
              16,
              17
            ],
            "curvature": {
              "type": "quadratic",
              "params": [
                [
                  0.5602134935006629,
                  0.3082371827683378
                ]
              ]
            }
          },
          {
            "endpoints": [
              17,
              18
            ]
          },
          {
            "endpoints": [
              18,
              19
            ]
          },
          {
            "endpoints": [
              19,
              20
            ]
          },
          {
            "endpoints": [
              20,
              0
            ]
          }
        ],
        "label": "leg"
      },
      "skirt_front": {
        "translation": [
          -14.144527000248011,
          56.34520022937096,
          25.0
        ],
        "rotation": [
          0.0,
          0.0,
          0.0
        ],
        "vertices": [
          [
            -0.7326770002480085,
            0.0
          ],
          [
            12.327149858660597,
            0.0
          ],
          [
            13.327149858660597,
            13.726776267448745
          ],
          [
            14.327149858660597,
            0.0
          ],
          [
            27.386977000248002,
            0.0
          ],
          [
            37.65429999999999,
            18.66068518650738
          ],
          [
            36.275897584297866,
            37.39169164406263
          ],
          [
            -9.62159758429787,
            37.39169164406263
          ],
          [
            -11,
            18.66068518650738
          ]
        ],
        "edges": [
          {
            "endpoints": [
              0,
              1
            ]
          },
          {
            "endpoints": [
              1,
              2
            ]
          },
          {
            "endpoints": [
              2,
              3
            ]
          },
          {
            "endpoints": [
              3,
              4
            ]
          },
          {
            "endpoints": [
              4,
              5
            ],
            "curvature": {
              "type": "quadratic",
              "params": [
                [
                  0.43978650649933715,
                  -0.3082371827683378
                ]
              ]
            }
          },
          {
            "endpoints": [
              5,
              6
            ],
            "curvature": {
              "type": "quadratic",
              "params": [
                [
                  0.4985545386419167,
                  -0.03668751570831601
                ]
              ]
            }
          },
          {
            "endpoints": [
              6,
              7
            ]
          },
          {
            "endpoints": [
              7,
              8
            ],
            "curvature": {
              "type": "quadratic",
              "params": [
                [
                  0.5014454625800404,
                  -0.036687515666317255
                ]
              ]
            }
          },
          {
            "endpoints": [
              8,
              0
            ],
            "curvature": {
              "type": "quadratic",
              "params": [
                [
                  0.56021353258111,
                  -0.30823719975593034
                ]
              ]
            }
          }
        ],
        "label": "leg"
      },