{
  "pattern": {
    "panels": {
      "skirt_front": {
        "translation": [
          -19.55448479414422,
          102.4672053132898,
          17.5
        ],
        "rotation": [
          0.0,
          0.0,
          0.0
        ],
        "vertices": [
          [
            -0.5544847941442193,
            0
          ],
          [
            -41.02746480554422,
            -30.230230361715275
          ],
          [
            79.02746480554421,
            -30.230230361715275
          ],
          [
            38.554484794144216,
            0
          ]
        ],
        "edges": [
          {
            "endpoints": [
              0,
              1
            ]
          },
          {
            "endpoints": [
              1,
              2
            ],
            "curvature": {
              "type": "circle",
              "params": [
                74.92368126938952,
                0,
                1
              ]
            }
          },
          {
            "endpoints": [
              2,
              3
            ]
          },
          {
            "endpoints": [
              3,
              0
            ],
            "curvature": {
              "type": "circle",
              "params": [
                24.407060848724484,
                0,
                0
              ]
            }
          }
        ],
        "label": "leg"
      },
      "skirt_back": {
        "translation": [
          -19.55448479414422,
          102.4672053132898,
          -12.5
        ],
        "rotation": [
          0.0,
          0.0,
          0.0
        ],
        "vertices": [
          [
            -0.5544847941442193,
            0
          ],
          [
            38.554484794144216,
            0
          ],
          [
            79.02746480554421,
            -30.230230361715275
          ],
          [
            19.089034063813617,
            -60.31791908375156
          ],
          [
            12.485081671541916,
            -33.947105407137244
          ],
          [
            -0.8370855679205107,
            -57.644190907466054
          ],
          [
            -41.02746480554422,
            -30.230230361715275
          ]
        ],
        "edges": [
          {
            "endpoints": [
              0,
              1
            ],
            "curvature": {
              "type": "circle",
              "params": [
                24.407060848724484,
                0,
                1
              ]
            }
          },
          {
            "endpoints": [
              1,
              2
            ]
          },
          {
            "endpoints": [
              2,
              3
            ],
            "curvature": {
              "type": "circle",
              "params": [
                74.92368126938948,
                0,
                0
              ]
            }
          },
          {
            "endpoints": [
              3,
              4
            ]
          },
          {
            "endpoints": [
              4,
              5
            ]
          },
          {
            "endpoints": [
              5,
              6
            ],
            "curvature": {
              "type": "circle",
              "params": [
                74.92367944499847,
                0,
                0
              ]
            }
          },
          {
            "endpoints": [
              6,
              0
            ]
          }
        ],
        "label": "leg"
      },
      "wb_back": {
        "translation": [
          -20.19565197442283,
          108.77250000000001,
          -15.0
        ],
        "rotation": [
          0.0,
          0.0,
          0.0
        ],
        "vertices": [
          [
            -0.19565197442283022,
            0
          ],
          [
            40.19565197442283,
            0
          ],
          [
            41.6719478402012,
            -4.458690070445097
          ],
          [
            -1.6719478402012022,
            -4.458690070445097
          ]
        ],
        "edges": [
          {
            "endpoints": [
              0,
              1
            ],
            "label": "lower_interface",
            "curvature": {
              "type": "circle",
              "params": [
                64.2511630988945,
                0,
                1
              ]
            }
          },
          {
            "endpoints": [
              1,
              2
            ]
          },
          {
            "endpoints": [
              2,
              3
            ],
            "curvature": {
              "type": "circle",
              "params": [
                68.94790309889443,
                0,
                0
              ]
            }
          },
          {
            "endpoints": [
              3,
              0
            ]
          }
        ],
        "label": "body"
      },
      "wb_front": {
        "translation": [
          -22.873549975584233,
          108.77250000000001,
          20.0
        ],
        "rotation": [
          0.0,
          0.0,
          0.0
        ],
        "vertices": [
          [
            -0.8735499755842326,
            0
          ],
          [
            -1.2856849109538828,
            -4.67862281260713
          ],
          [
            45.28568491095388,
            -4.67862281260713
          ],
          [
            44.87354997558423,
            0
          ]
        ],
        "edges": [
          {
            "endpoints": [
              0,
              1
            ]
          },
          {
            "endpoints": [
              1,
              2
            ],
            "curvature": {
              "type": "circle",
              "params": [
                265.36650587651656,
                0,
                1
              ]
            }
          },
          {
            "endpoints": [
              2,
              3
            ]
          },
          {
            "endpoints": [
              3,
              0
            ],
            "label": "lower_interface",
            "curvature": {
              "type": "circle",
              "params": [
                260.6697658765159,
                0,
                0
              ]
            }
          }
        ],
        "label": "body"
      }
    },
    "stitches": [
      [
        {
          "panel": "skirt_front",
          "edge": 0
        },
        {
          "panel": "skirt_back",
          "edge": 6
        }
      ],
      [
        {
          "panel": "skirt_front",
          "edge": 2
        },
        {
          "panel": "skirt_back",
          "edge": 1
        }
      ],
      [
        {
          "panel": "wb_front",
          "edge": 0
        },
        {
          "panel": "wb_back",
          "edge": 3
        }
      ],
      [
        {
          "panel": "wb_front",
          "edge": 2
        },
        {
          "panel": "wb_back",
          "edge": 1
        }
      ],
      [
        {
          "panel": "wb_front",
          "edge": 1
        },
        {
          "panel": "skirt_front",
          "edge": 3
        }
      ],
      [
        {
          "panel": "wb_back",
          "edge": 2
        },
        {
          "panel": "skirt_back",
          "edge": 0
        }
      ]
    ],
    "panel_order": [
      "wb_back",
      "skirt_back",
      "skirt_front",
      "wb_front"
    ]
  },
  "parameters": {},
  "parameter_order": [],
  "properties": {
    "curvature_coords": "relative",
    "normalize_panel_translation": false,
    "normalized_edge_loops": true,
    "units_in_meter": 100
  }
}