{
  "pattern": {
    "panels": {
      "skirt_back": {
        "translation": [
          -37.96611238615816,
          17.772500000000008,
          -20.0
        ],
        "rotation": [
          0.0,
          0.0,
          0.0
        ],
        "vertices": [
          [
            -0.9661123861581586,
            0.0
          ],
          [
            2.359397543675776,
            15.6599840925807
          ],
          [
            10,
            67.14966257556473
          ],
          [
            12.127992822930928,
            91.80754757556474
          ],
          [
            20.29951807728598,
            91.80754757556474
          ],
          [
            21.72850737155325,
            72.83950205932669
          ],
          [
            23.157496665820517,
            91.80754757556474
          ],
          [
            27.716046605358557,
            91.80754757556474
          ],
          [
            29.145035899625825,
            70.72058089456081
          ],
          [
            30.574025193893092,
            91.80754757556474
          ],
          [
            44.24967517337137,
            91.80754757556474
          ],
          [
            45.67866446763864,
            70.72058089456081
          ],
          [
            47.10765376190591,
            91.80754757556474
          ],
          [
            51.66620363029078,
            91.80754757556474
          ],
          [
            53.09519292455805,
            72.83950205932669
          ],
          [
            54.52418221882532,
            91.80754757556474
          ],
          [
            62.695707177069075,
            91.80754757556474
          ],
          [
            64.8237,
            67.14966257556473
          ],
          [
            66.69335373929852,
            47.436978436398064
          ],
          [
            75.78981238615816,
            0.0
          ],
          [
            38.41184961459529,
            0.0
          ],
          [
            37.4118496145953,
            51.86581073182799
          ],
          [
            36.41184961459529,
            0.0
          ]
        ],
        "edges": [
          {
            "endpoints": [
              0,
              1
            ],
            "curvature": {
              "type": "quadratic",
              "params": [
                [
                  0.5295359557079805,
                  -0.0032932902673835323
                ]
              ]
            }
          },
          {
            "endpoints": [
              1,
              2
            ],
            "curvature": {
              "type": "quadratic",
              "params": [
                [
                  0.7296279671685987,
                  -0.04012088600674341
                ]
              ]
            }
          },
          {
            "endpoints": [
              2,
              3
            ],
            "curvature": {
              "type": "quadratic",
              "params": [
                [
                  0.4980453961474161,
                  0.04298166012491112
                ]
              ]
            }
          },
          {
            "endpoints": [
              3,
              4
            ],
            "label": "lower_interface"
          },
          {
            "endpoints": [
              4,
              5
            ]
          },
          {
            "endpoints": [
              5,
              6
            ]
          },
          {
            "endpoints": [
              6,
              7
            ],
            "label": "lower_interface"
          },
          {
            "endpoints": [
              7,
              8
            ]
          },
          {
            "endpoints": [
              8,
              9
            ]
          },
          {
            "endpoints": [
              9,
              10
            ],
            "label": "lower_interface"
          },
          {
            "endpoints": [
              10,
              11
            ]
          },
          {
            "endpoints": [
              11,
              12
            ]
          },
          {
            "endpoints": [
              12,
              13
            ],
            "label": "lower_interface"
          },
          {
            "endpoints": [
              13,
              14
            ]
          },
          {
            "endpoints": [
              14,
              15
            ]
          },
          {
            "endpoints": [
              15,
              16
            ],
            "label": "lower_interface"
          },
          {
            "endpoints": [
              16,
              17
            ],
            "curvature": {
              "type": "quadratic",
              "params": [
                [
                  0.5019546015423779,
                  0.042981660247787885
                ]
              ]
            }
          },
          {
            "endpoints": [
              17,
              18
            ],
            "curvature": {
              "type": "quadratic",
              "params": [
                [
                  0.35385339764635676,
                  -0.033561460814336815
                ]
              ]
            }
          },
          {
            "endpoints": [
              18,
              19
            ],
            "curvature": {
              "type": "quadratic",
              "params": [
                [
                  0.37678779664102974,
                  -0.016212730269265743
                ]
              ]
            }
          },
          {
            "endpoints": [
              19,
              20
            ]
          },
          {
            "endpoints": [
              20,
              21
            ]
          },
          {
            "endpoints": [
              21,
              22
            ]
          },
          {
            "endpoints": [
              22,
              0
            ]
          }
        ],
        "label": "leg"
      },
      "skirt_front": {
        "translation": [
          -34.966112386158166,
          18.772500000000008,
          25.0
        ],
        "rotation": [
          0.0,
          0.0,
          0.0
        ],
        "vertices": [
          [
            -0.9661123861581657,
            0.0
          ],
          [
            33.3271496408629,
            0.0
          ],
          [
            34.3271496408629,
            31.083077481130175
          ],
          [
            35.3271496408629,
            0.0
          ],
          [
            69.62041238615816,
            0.0
          ],
          [
            60.5239537389031,
            47.436978436473694
          ],
          [
            58.65429999999999,
            67.14966257556473
          ],
          [
            56.92614999999999,
            90.63336257556473
          ],
          [
            11.72815,
            90.63336257556473
          ],
          [
            10,
            67.14966257556473
          ],
          [
            2.35939754407487,
            15.65998409261148
          ]
        ],
        "edges": [
          {
            "endpoints": [
              0,
              1
            ]
          },
          {
            "endpoints": [
              1,
              2
            ]
          },
          {
            "endpoints": [
              2,
              3
            ]
          },
          {
            "endpoints": [
              3,
              4
            ]
          },
          {
            "endpoints": [
              4,
              5
            ],
            "curvature": {
              "type": "quadratic",