{
  "pattern": {
    "panels": {
      "ins_skirt_front_0": {
        "translation": [
          -36.672850000000004,
          41.77250000000001,
          30.0
        ],
        "rotation": [
          0.0,
          0.0,
          0.0
        ],
        "vertices": [
          [
            0,
            0
          ],
          [
            37,
            0
          ],
          [
            18.5,
            36
          ]
        ],
        "edges": [
          {
            "endpoints": [
              0,
              1
            ]
          },
          {
            "endpoints": [
              1,
              2
            ]
          },
          {
            "endpoints": [
              2,
              0
            ]
          }
        ],
        "label": "leg"
      },
      "skirt_back": {
        "translation": [
          -22.002875158280744,
          40.77250000000001,
          -20.0
        ],
        "rotation": [
          0.0,
          0.0,
          0.0
        ],
        "vertices": [
          [
            -0.002875158280744472,
            0.0
          ],
          [
            -5,
            50.42711836783916
          ],
          [
            -3.471777979119455,
            68.13522454154275
          ],
          [
            6.910549938266438,
            68.13522454154275
          ],
          [
            7.936781269297892,
            54.51328722172859
          ],
          [
            8.963012600329348,
            68.13522454154275
          ],
          [
            13.521562536971087,
            68.13522454154275
          ],
          [
            14.547793868002543,
            52.99158002910515
          ],
          [
            15.574025199033997,
            68.13522454154275
          ],
          [
            29.249675167711132,
            68.13522454154275
          ],
          [
            30.275906498742586,
            52.99158002910515
          ],
          [
            31.30213782977404,
            68.13522454154275
          ],
          [
            35.86068762496356,
            68.13522454154275
          ],
          [
            36.886918955995014,
            54.51328722172859
          ],
          [
            37.913150287026475,
            68.13522454154275
          ],
          [
            48.295477979119454,
            68.13522454154275
          ],
          [
            49.8237,
            50.42711836783916
          ],
          [
            44.82657515828075,
            0.0
          ],
          [
            39.826574963702456,
            0.0
          ],
          [
            33.61921238456208,
            39.99648296801968
          ],
          [
            27.411849805421713,
            0.0
          ],
          [
            17.4118496586032,
            0.0
          ],
          [
            11.20448707946282,
            39.99648296801968
          ],
          [
            4.997124500322453,
            0.0
          ]
        ],
        "edges": [
          {
            "endpoints": [
              0,
              1
            ],
            "curvature": {
              "type": "quadratic",
              "params": [
                [
                  0.7502441222975,
                  0.024749713456100948
                ]
              ]
            }
          },
          {
            "endpoints": [
              1,
              2
            ],
            "curvature": {
              "type": "quadratic",
              "params": [
                [
                  0.49804539625723215,
                  0.04298166013438899
                ]
              ]
            }
          },
          {
            "endpoints": [
              2,
              3
            ],
            "label": "lower_interface"
          },
          {
            "endpoints": [
              3,
              4
            ]
          },
          {
            "endpoints": [
              4,
              5
            ]
          },
          {
            "endpoints": [
              5,
              6
            ],
            "label": "lower_interface"
          },
          {
            "endpoints": [
              6,
              7
            ]
          },
          {
            "endpoints": [
              7,
              8
            ]
          },
          {
            "endpoints": [
              8,
              9
            ],
            "label": "lower_interface"
          },
          {
            "endpoints": [
              9,
              10
            ]
          },
          {
            "endpoints": [
              10,
              11
            ]
          },
          {
            "endpoints": [
              11,
              12
            ],
            "label": "lower_interface"
          },
          {
            "endpoints": [
              12,
              13
            ]
          },
          {
            "endpoints": [
              13,
              14
            ]
          },
          {
            "endpoints": [
              14,
              15
            ],
            "label": "lower_interface"
          },
          {
            "endpoints": [
              15,
              16
            ],
            "curvature": {
              "type": "quadratic",
              "params": [
                [
                  0.501954601383619,
                  0.04298166026148827
                ]
              ]
            }
          },
          {
            "endpoints": [
              16,
              17
            ],
            "curvature": {
              "type": "quadratic",
              "params": [
                [
                  0.24975587070412425,
                  0.024749713113480058
                ]
              ]
            }
          },
          {
            "endpoints": [
              17,
              18
            ]
          },
          {
            "endpoints": [
              18,
              19
            ]
          },
          {
            "endpoints": [
              19,
              20
            ]
          },
          {
            "endpoints": [
              20,
              21
            ]
          },
          {
            "endpoints": [
              21,
              22
            ]
          },
          {
            "endpoints": [
              22,
              23
            ]
          },
          {
            "endpoints": [
              23,
              0
            ]
          }
        ],
        "label": "leg"
      },
      "skirt_front": {
        "translation": [
          -19.002875158280744,
          41.77250000000001,
          25.0
        ],
        "rotation": [
          0.0,
          0.0,
          0.0
        ],
        "vertices": [
          [
            -0.002875158280744472,
            0.0
          ],
          [
            4.997125016737929,
            0.0
          ],
          [
            9.6621375958783,
            40.20556749551562
          ],
          [
            14.32715017501867,
            0.0
          ],
          [
            24.32715026540717,
            0.0
          ],
          [
            28.992162844547543,
            40.20556749551562
          ],
          [
            33.65717542368791,
            0.0
          ],
          [
            38.65717515828074,
            0.0
          ],
          [
            43.65429999999999,
            50.42711836783916
          ],
          [
            42.41322584931408,
            67.29198139041401
          ],
          [
            -3.758925849314089,
            67.29198139041401
          ],
          [
            -5,
            50.42711836783916
          ]
        ],