Generation,BestFitness,AvgFitness,SurvivalRate,AvgChildFitness,AllFitnesses
1,0.5497290879180059,0.48216913430519925,1.0,0.4678443792894414,[0.5497290879180059, 0.5281330260846562, 0.46891857402324016, 0.4689185740232401, 0.4685869866927522, 0.4683874220417908, 0.46744830526059705, 0.4672209731519624, 0.46717419692787365, 0.46717419692787365]
2,0.5497290879180059,0.482525578830393,0.6666666666666666,0.46811530539305596,[0.5497290879180059, 0.5281330260846562, 0.470586536549876, 0.46891857402324016, 0.4689185740232401, 0.4685869866927522, 0.468312195563092, 0.46744830526059694, 0.4674483052605969, 0.46717419692787365]
3,0.554780268945956,0.4911224813823668,0.6666666666666666,0.46836891869643565,[0.554780268945956, 0.5497290879180059, 0.5281330260846562, 0.470586536549876, 0.4689185740232401, 0.4688008319556529, 0.4687538975626598, 0.46717419692787365, 0.4671741969278736, 0.4671741969278736]
4,0.554780268945956,0.4910211888927784,1.0,0.46822421513988083,[0.554780268945956, 0.5497290879180059, 0.5281330260846562, 0.4694202068209184, 0.4689185740232401, 0.4688008319556529, 0.46835908573028695, 0.46744830526059694, 0.46744830526059694, 0.4671741969278736]
5,0.554780268945956,0.4992110253421145,0.6666666666666666,0.47683882980559683,[0.554780268945956, 0.5497290879180059, 0.5497290879180059, 0.5281330260846562, 0.46966276519850786, 0.4687538975626599, 0.4683874220417907, 0.468312195563092, 0.46744830526059683, 0.46717419692787376]
