{
  "pattern": {
    "panels": {
      "skirt_back": {
        "translation": [
          -32.22205762369774,
          60.935570617544656,
          -20.0
        ],
        "rotation": [
          0.0,
          0.0,
          0.0
        ],
        "vertices": [
          [
            -0.8102076236977354,
            -0.9661387251855587
          ],
          [
            4,
            10.8539726935184
          ],
          [
            5.9000157924716525,
            32.87019869019349
          ],
          [
            14.91188242319172,
            32.87019869019349
          ],
          [
            16.187780629766106,
            15.934245878315398
          ],
          [
            17.463678836340492,
            32.87019869019349
          ],
          [
            22.02222878471717,
            32.87019869019349
          ],
          [
            23.298126991291557,
            14.04232987527526
          ],
          [
            24.574025197865943,
            32.87019869019349
          ],
          [
            38.249675158221415,
            32.87019869019349
          ],
          [
            39.525573364795804,
            14.04232987527526
          ],
          [
            40.801471571370186,
            32.87019869019349
          ],
          [
            45.360021416360254,
            32.87019869019349
          ],
          [
            46.63591962293464,
            15.934245878315398
          ],
          [
            47.911817829509026,
            32.87019869019349
          ],
          [
            56.923684207528346,
            32.87019869019349
          ],
          [
            58.8237,
            10.8539726935184
          ],
          [
            63.597321371127805,
            -16.875612471896424
          ],
          [
            63.63390762369774,
            -17.03386127481444
          ],
          [
            32.38214540142734,
            -9.241921814605803
          ],
          [
            33.56194590308792,
            -0.3764349627307837
          ],
          [
            30.44155394887535,
            -8.758078023406469
          ]
        ],
        "edges": [
          {
            "endpoints": [
              0,
              1
            ],
            "curvature": {
              "type": "quadratic",
              "params": [
                [
                  0.7460999744921393,
                  -0.10332461724936022
                ]
              ]
            }
          },
          {
            "endpoints": [
              1,
              2
            ],
            "curvature": {
              "type": "quadratic",
              "params": [
                [
                  0.49804539632017875,
                  0.042981660139820854
                ]
              ]
            }
          },
          {
            "endpoints": [
              2,
              3
            ]
          },
          {
            "endpoints": [
              3,
              4
            ]
          },
          {
            "endpoints": [
              4,
              5
            ]
          },
          {
            "endpoints": [
              5,
              6
            ]
          },
          {
            "endpoints": [
              6,
              7
            ]
          },
          {
            "endpoints": [
              7,
              8
            ]
          },
          {
            "endpoints": [
              8,
              9
            ]
          },
          {
            "endpoints": [
              9,
              10
            ]
          },
          {
            "endpoints": [
              10,
              11
            ]
          },
          {
            "endpoints": [
              11,
              12
            ]
          },
          {
            "endpoints": [
              12,
              13
            ]
          },
          {
            "endpoints": [
              13,
              14
            ]
          },
          {
            "endpoints": [
              14,
              15
            ]
          },
          {
            "endpoints": [
              15,
              16
            ],
            "curvature": {
              "type": "quadratic",
              "params": [
                [
                  0.501954601383619,
                  0.04298166026148827
                ]
              ]
            }
          },
          {
            "endpoints": [
              16,
              17
            ],
            "curvature": {
              "type": "quadratic",
              "params": [
                [
                  0.24756965376621065,
                  -0.04261888077337381
                ]
              ]
            }
          },
          {
            "endpoints": [
              17,
              18
            ],
            "curvature": {
              "type": "quadratic",
              "params": [
                [
                  0.4993551714334015,
                  -7.156614803176322e-05
                ]
              ]
            }
          },
          {
            "endpoints": [
              18,
              19
            ]
          },
          {
            "endpoints": [
              19,
              20
            ]
          },
          {
            "endpoints": [
              20,
              21
            ]
          },
          {
            "endpoints": [
              21,
              0
            ]
          }
        ],
        "label": "leg"
      },
      "skirt_front": {
        "translation": [
          -29.222057623697737,
          61.166468527174295,
          25.0
        ],
        "rotation": [
          0.0,
          0.0,
          0.0
        ],
        "vertices": [
          [
            -0.8102076236977389,
            -0.7352408155559189
          ],
          [
            57.46450762369773,
            -15.264759184444081
          ],
          [
            57.42792438547032,
            -15.110962547952653
          ],
          [
            52.65429999999999,
            11.8539726935184
          ],
          [
            51.11129089941598,
            32.82180697606611
          ],
          [
            5.543009100584015,
            32.82180697606611
          ],
          [
            4,
            11.8539726935184
          ]
        ],
        "edges": [
          {
            "endpoints": [
              0,
              1
            ]
          },
          {
            "endpoints": [
              1,
              2
            ],
            "curvature": {
              "type": "quadratic",
              "params": [
                [
                  0.5006450977852244,
                  7.354899270060058e-05
                ]
              ]
            }
          },
          {
            "endpoints": [
              2,
              3
            ],
            "curvature": {
              "type": "quadratic",
              "params": [
                [
                  0.7524852507120267,
                  0.04381774018820973
                ]
              ]
            }
          },
          {
            "endpoints": [
              3,
              4
            ],
            "curvature": {
              "type": "quadratic",
              "params": [
                [
                  0.49855453852158493,
                  -0.036687515699264366
                ]
              ]
            }
          },
          {
            "endpoints": [
              4,
              5
            ]
          },
          {
            "endpoints": [
              5,
              6
            ],
            "curvature": {
              "type": "quadratic",