Generation,BestFitness,AvgFitness,SurvivalRate,AvgChildFitness,AllFitnesses
1,0.5894071108284161,0.49275150559064607,0.8,0.46789655757901166,[0.5894071108284161, 0.5365542999934295, 0.5008393641475626, 0.4918441347196288, 0.4693873583223635, 0.46937321041868524, 0.4685869866927524, 0.46717419692787376, 0.46717419692787365, 0.4671741969278736]
2,0.5894071108284161,0.4925362818639737,1.0,0.4674661101256671,[0.5894071108284161, 0.5365542999934295, 0.5008393641475626, 0.4918441347196288, 0.4693873583223635, 0.4685869866927524, 0.4672209731519622, 0.46717419692787365, 0.46717419692787365, 0.4671741969278736]
3,0.5894071108284161,0.49473851542849967,0.8,0.4681142831522142,[0.5894071108284161, 0.5365542999934295, 0.5008393641475626, 0.4918441347196288, 0.48816882883488744, 0.4693873583223635, 0.4693873583223635, 0.46744830526059694, 0.46717419692787365, 0.46717419692787365]
4,0.5894071108284161,0.4945171992890507,1.0,0.4676716508733162,[0.5894071108284161, 0.5365542999934295, 0.5008393641475626, 0.4918441347196288, 0.48816882883488744, 0.46938735832236356, 0.46744830526059694, 0.46717419692787365, 0.46717419692787365, 0.46717419692787365]
5,0.6058041260965522,0.508321523752357,0.8,0.471753240347596,[0.6058041260965522, 0.5894071108284161, 0.5365542999934295, 0.5008393641475626, 0.4918441347196288, 0.48816882883488744, 0.46875389756265984, 0.46744830526059705, 0.4672209731519622, 0.4671741969278736]
