{
  "pattern": {
    "panels": {
      "skirt_back": {
        "translation": [
          -25.76765329363165,
          5.530757459959204,
          -20.0
        ],
        "rotation": [
          0.0,
          0.0,
          0.0
        ],
        "vertices": [
          [
            -0.3558032936316451,
            0.0
          ],
          [
            -1.3494856993239743,
            37.968615195175715
          ],
          [
            -2,
            77.83925279301265
          ],
          [
            -0.926120690774173,
            90.28271229411142
          ],
          [
            11.130950432745221,
            90.28271229411142
          ],
          [
            11.852081641310695,
            80.71059748392773
          ],
          [
            12.573212849876167,
            90.28271229411142
          ],
          [
            17.131762778317675,
            90.28271229411142
          ],
          [
            17.85289398688315,
            79.64129613469257
          ],
          [
            18.574025195448623,
            90.28271229411142
          ],
          [
            32.249675163237,
            90.28271229411142
          ],
          [
            32.97080637180247,
            79.64129613469257
          ],
          [
            33.69193758036795,
            90.28271229411142
          ],
          [
            38.25048751173475,
            90.28271229411142
          ],
          [
            38.97161872030023,
            80.71059748392773
          ],
          [
            39.692749928865695,
            90.28271229411142
          ],
          [
            51.74982069077418,
            90.28271229411142
          ],
          [
            52.8237,
            77.83925279301265
          ],
          [
            51.17950329363165,
            0.0
          ],
          [
            26.411849731181714,
            0.0
          ],
          [
            25.411849731181714,
            10.544180705056263
          ],
          [
            24.411849731181714,
            0.0
          ]
        ],
        "edges": [
          {
            "endpoints": [
              0,
              1
            ],
            "curvature": {
              "type": "quadratic",
              "params": [
                [
                  0.5706362671768374,
                  0.0011315565614893608
                ]
              ]
            }
          },
          {
            "endpoints": [
              1,
              2
            ],
            "curvature": {
              "type": "quadratic",
              "params": [
                [
                  0.693355443968774,
                  0.005003050838250917
                ]
              ]
            }
          },
          {
            "endpoints": [
              2,
              3
            ],
            "curvature": {
              "type": "quadratic",
              "params": [
                [
                  0.49804539626341526,
                  0.04298166013492264
                ]
              ]
            }
          },
          {
            "endpoints": [
              3,
              4
            ]
          },
          {
            "endpoints": [
              4,
              5
            ]
          },
          {
            "endpoints": [
              5,
              6
            ]
          },
          {
            "endpoints": [
              6,
              7
            ]
          },
          {
            "endpoints": [
              7,
              8
            ]
          },
          {
            "endpoints": [
              8,
              9
            ]
          },
          {
            "endpoints": [
              9,
              10
            ]
          },
          {
            "endpoints": [
              10,
              11
            ]
          },
          {
            "endpoints": [
              11,
              12
            ]
          },
          {
            "endpoints": [
              12,
              13
            ]
          },
          {
            "endpoints": [
              13,
              14
            ]
          },
          {
            "endpoints": [
              14,
              15
            ]
          },
          {
            "endpoints": [
              15,
              16
            ]
          },
          {
            "endpoints": [
              16,
              17
            ],
            "curvature": {
              "type": "quadratic",
              "params": [
                [
                  0.5019546013226257,
                  0.042981660266752354
                ]
              ]
            }
          },
          {
            "endpoints": [
              17,
              18
            ],
            "curvature": {
              "type": "quadratic",
              "params": [
                [
                  0.24966666688001438,
                  0.005273665515257129
                ]
              ]
            }
          },
          {
            "endpoints": [
              18,
              19
            ]
          },
          {
            "endpoints": [
              19,
              20
            ]
          },
          {
            "endpoints": [
              20,
              21
            ]
          },
          {
            "endpoints": [
              21,
              0
            ]
          }
        ],
        "label": "leg"
      },
      "skirt_front": {
        "translation": [
          -22.76765329363165,
          6.530757459959204,
          25.0
        ],
        "rotation": [
          0.0,
          0.0,
          0.0
        ],
        "vertices": [
          [
            -0.3558032936316451,
            0.0
          ],
          [
            21.32714977318188,
            0.0
          ],
          [
            22.327149773181887,
            60.20809526065365
          ],
          [
            23.32714977318188,
            0.0
          ],
          [
            45.01010329363164,
            0.0
          ],
          [
            46.65429999999999,
            77.83925279301265
          ],
          [
            45.782199066086804,
            89.69016660358291
          ],
          [
            -1.1278990660868118,
            89.69016660358291
          ],
          [
            -2,
            77.83925279301265
          ],
          [
            -1.3494856993239743,
            37.968615195175715
          ]
        ],
        "edges": [
          {
            "endpoints": [
              0,
              1
            ]
          },
          {
            "endpoints": [
              1,
              2
            ]
          },
          {
            "endpoints": [
              2,
              3
            ]
          },
          {
            "endpoints": [
              3,
              4
            ]
          },
          {
            "endpoints": [
              4,
              5
            ],
            "curvature": {
              "type": "quadratic",
              "params": [
                [
                  0.7503333331199856,
                  -0.005273665515257129
                ]
              ]
            }
          },
          {
            "endpoints": [
              5,
              6
            ],
            "curvature": {
              "type": "quadratic",
              "params": [
                [
                  0.49855453862478294,
                  -0.03668751570704506
                ]
              ]
            }
          },
          {
            "endpoints": [
              6,
              7
            ]
          },
          {
            "endpoints": [
              7,
              8
            ],
            "curvature": {
              "type": "quadratic",