Generation,BestFitness,AvgChildFitness,SurvivalRate,DeltaBest,SuccessRatio,CrossoverGain,MutationGain
1,0.46937321041868524,0.46835635846311513,0.3333333333333333,0.00040768551407788234,0.42857142857142855,0.0005595435392561751,-0.00022733210863468134
2,0.46937321041868524,0.4682058798712844,0.6666666666666666,0.0,0.0,-0.00040345108562280164,0.0
3,0.5119363292860738,0.4682303059128213,0.6666666666666666,0.04256311886738856,0.14285714285714285,0.005804030696755867,0.0011379986352182958
4,0.5119363292860738,0.467857736640823,1.0,0.0,0.0,-0.0035342179691082837,-0.0008722758763226035
5,0.5119363292860738,0.4675398836655312,0.6666666666666666,0.0,0.2857142857142857,0.0023947970956354797,0.0
