Generation,BestFitness,AvgFitness,SurvivalRate,AvgChildFitness,AllFitnesses
1,0.6365346715695805,0.4930685575583832,0.6666666666666666,0.4739057665335899,[0.6365346715695805, 0.604472346298084, 0.5639661022289749, 0.5197391700779704, 0.5194877807023123, 0.46966276519850786, 0.4689292165147553, 0.46838742204179074, 0.4679794619499102, 0.4677518715261445, 0.4677050421507147, 0.4677050421507146, 0.4677050421507146, 0.4677050421507146, 0.46744830526059705, 0.46744830526059683, 0.46722097315196237, 0.4671741969278737, 0.46717419692787365, 0.46717419692787365]
2,0.6365346715695805,0.5105732400322982,0.6666666666666666,0.49199795809999025,[0.6365346715695805, 0.6064924950784661, 0.604472346298084, 0.569662729524217, 0.5639661022289749, 0.5354505565993026, 0.5206685182925833, 0.5194877807023123, 0.4993098744248612, 0.4782454713816699, 0.4688619239613405, 0.4685869866927524, 0.4685869866927524, 0.4685869866927524, 0.46722097315196237, 0.46717419692787365, 0.46717419692787365, 0.46717419692787365, 0.4671741969278735, 0.466633609642857]
3,0.6365346715695805,0.5013651213151088,1.0,0.4811648772562382,[0.6365346715695805, 0.6064924950784661, 0.604472346298084, 0.5602625220807658, 0.5226296427999999, 0.5166448988856673, 0.5031555118686364, 0.4688619239613405, 0.4681596332165615, 0.4677050421507147, 0.46744830526059694, 0.46744830526059694, 0.46722097315196237, 0.46722097315196237, 0.4671741969278737, 0.46717419692787365, 0.46717419692787365, 0.46717419692787365, 0.46717419692787365, 0.4671741969278735]
4,0.6365346715695805,0.5134349087724206,0.6666666666666666,0.4935536817204285,[0.6365346715695805, 0.6352584195530835, 0.6064924950784661, 0.604472346298084, 0.531828142350087, 0.519149266119932, 0.519149266119932, 0.5156415087298101, 0.5150562556174016, 0.5046771133654331, 0.4693873583223635, 0.4693732104186852, 0.46858697160158885, 0.4685869716015887, 0.46835908573028695, 0.46744830526059705, 0.4671741969278737, 0.4671741969278737, 0.4671741969278737, 0.4671741969278736]
5,0.6365346715695805,0.5079844531670992,0.6666666666666666,0.4856231662112831,[0.6365346715695805, 0.6352584195530835, 0.6323021466275114, 0.6064924950784661, 0.5301845176884925, 0.5233438672156656, 0.514181784696539, 0.4696627651985079, 0.46858697160158885, 0.4683121955630919, 0.4681127630177242, 0.46797946194991014, 0.4677050421507147, 0.4677050421507146, 0.46744830526059705, 0.46744830526059694, 0.46744830526059694, 0.46717419692787365, 0.46717419692787365, 0.466633609642857]
