{
  "pattern": {
    "panels": {
      "skirt_back": {
        "translation": [
          -36.39377116441071,
          41.97784285039492,
          -20.0
        ],
        "rotation": [
          0.0,
          0.0,
          0.0
        ],
        "vertices": [
          [
            -0.9819211644107071,
            -0.029740150673745802
          ],
          [
            6.443372753906711,
            29.433311221763738
          ],
          [
            8,
            41.98961982763941
          ],
          [
            9.350421792246614,
            57.63748522262139
          ],
          [
            20.38813542057982,
            57.63748522262139
          ],
          [
            21.29497037935932,
            45.6003854046936
          ],
          [
            22.20180533813881,
            57.63748522262139
          ],
          [
            26.760355279822143,
            57.63748522262139
          ],
          [
            27.667190238601638,
            44.25572047626057
          ],
          [
            28.574025197381133,
            57.63748522262139
          ],
          [
            42.24967516825419,
            57.63748522262139
          ],
          [
            43.156510127033684,
            44.25572047626057
          ],
          [
            44.06334508581318,
            57.63748522262139
          ],
          [
            48.62189487396332,
            57.63748522262139
          ],
          [
            49.52872983274281,
            45.6003854046936
          ],
          [
            50.43556479152231,
            57.63748522262139
          ],
          [
            61.47327820775339,
            57.63748522262139
          ],
          [
            62.8237,
            41.98961982763941
          ],
          [
            68.69713479696733,
            -9.217143904571685
          ],
          [
            71.80562116441071,
            -27.970259849326254
          ],
          [
            36.345430055661595,
            -14.358367807194853
          ],
          [
            52.03485509863963,
            29.304409913225484
          ],
          [
            34.47826920266719,
            -13.641631908104245
          ]
        ],
        "edges": [
          {
            "endpoints": [
              0,
              1
            ],
            "curvature": {
              "type": "quadratic",
              "params": [
                [
                  0.6227500287480264,
                  -0.020996953901335977
                ]
              ]
            }
          },
          {
            "endpoints": [
              1,
              2
            ],
            "curvature": {
              "type": "quadratic",
              "params": [
                [
                  0.6456427341783438,
                  -0.0439302845123634
                ]
              ]
            }
          },
          {
            "endpoints": [
              2,
              3
            ],
            "curvature": {
              "type": "quadratic",
              "params": [
                [
                  0.4980453962580173,
                  0.04298166013445659
                ]
              ]
            }
          },
          {
            "endpoints": [
              3,
              4
            ]
          },
          {
            "endpoints": [
              4,
              5
            ]
          },
          {
            "endpoints": [
              5,
              6
            ]
          },
          {
            "endpoints": [
              6,
              7
            ]
          },
          {
            "endpoints": [
              7,
              8
            ]
          },
          {
            "endpoints": [
              8,
              9
            ]
          },
          {
            "endpoints": [
              9,
              10
            ]
          },
          {
            "endpoints": [
              10,
              11
            ]
          },
          {
            "endpoints": [
              11,
              12
            ]
          },
          {
            "endpoints": [
              12,
              13
            ]
          },
          {
            "endpoints": [
              13,
              14
            ]
          },
          {
            "endpoints": [
              14,
              15
            ]
          },
          {
            "endpoints": [
              15,
              16
            ]
          },
          {
            "endpoints": [
              16,
              17
            ],
            "curvature": {
              "type": "quadratic",
              "params": [
                [
                  0.5019546014281809,
                  0.04298166025764156
                ]
              ]
            }
          },
          {
            "endpoints": [
              17,
              18
            ],
            "curvature": {
              "type": "quadratic",
              "params": [
                [
                  0.27494000847118966,
                  -0.03153561802351998
                ]
              ]
            }
          },
          {
            "endpoints": [
              18,
              19
            ],
            "curvature": {
              "type": "quadratic",
              "params": [
                [
                  0.4656342337977389,
                  -0.0030718862352704717
                ]
              ]
            }
          },
          {
            "endpoints": [
              19,
              20
            ]
          },
          {
            "endpoints": [
              20,
              21
            ]
          },
          {
            "endpoints": [
              21,
              22
            ]
          },
          {
            "endpoints": [
              22,
              0
            ]
          }
        ],
        "label": "leg"
      },
      "skirt_front": {
        "translation": [
          -33.393771164410715,
          41.793737461521175,
          25.0
        ],
        "rotation": [
          0.0,
          0.0,
          0.0
        ],
        "vertices": [
          [
            -0.9819211644107142,
            -0.21384553954749208
          ],
          [
            31.39356922991631,
            -12.641631918564201
          ],
          [
            32.52325624543049,
            -12.489124737546987
          ],
          [
            33.26073008291071,
            -13.358367817654809
          ],
          [
            65.6362211644107,
            -25.786154460452508
          ],
          [
            62.527926903480704,
            -7.3533581622144055
          ],
          [
            56.65429999999999,
            42.98961982763941
          ],
          [
            55.55761800223992,
            57.8923487752413
          ],
          [
            9.096681997760076,
            57.8923487752413
          ],
          [
            8,
            42.98961982763941
          ],
          [
            6.4428431997716835,
            30.090279279302493
          ]
        ],
        "edges": [
          {
            "endpoints": [
              0,
              1
            ]
          },
          {
            "endpoints": [
              1,
              2
            ]
          },
          {
            "endpoints": [
              2,
              3
            ]
          },
          {
            "endpoints": [
              3,
              4
            ]
          },
          {
            "endpoints": [
              4,
              5
            ],
            "curvature": {
              "type": "quadratic",