Generation,BestFitness,AvgFitness,SurvivalRate,AvgChildFitness,AllFitnesses
1,0.5962980842361563,0.49111496453880427,0.8,0.4676235006191397,[0.5962980842361563, 0.5700199633820906, 0.46937321041868524, 0.46875389756265984, 0.4685869866927523, 0.4683121955630919, 0.46775187152614445, 0.4677050421507147, 0.46717419692787365, 0.46717419692787365]
2,0.5962980842361563,0.4913045775410244,0.8,0.46784548187839325,[0.5962980842361563, 0.5700199633820906, 0.46937321041868524, 0.46937321041868524, 0.46875389756265984, 0.4685869866927524, 0.4685869866927523, 0.4677050421507146, 0.46717419692787365, 0.46717419692787365]
3,0.5962980842361563,0.49152447889010553,0.8,0.4681614220053505,[0.5962980842361563, 0.5700199633820906, 0.46937321041868524, 0.46937321041868524, 0.46937321041868524, 0.46875389756265984, 0.4685869866927523, 0.4685869866927523, 0.4677050421507146, 0.46717419692787365]
4,0.5962980842361563,0.4915645256585145,1.0,0.4682415155421684,[0.5962980842361563, 0.5700199633820906, 0.46937321041868524, 0.46937321041868524, 0.46937321041868524, 0.46937321041868524, 0.46937321041868524, 0.4681127630177243, 0.46717419692787365, 0.46717419692787365]
5,0.5962980842361563,0.49192095762430316,0.8,0.4687212047494042,[0.5962980842361563, 0.5700199633820906, 0.47053908404039235, 0.46937321041868524, 0.46937321041868524, 0.46937321041868524, 0.46937321041868524, 0.4693732104186852, 0.468312195563092, 0.46717419692787365]
