Generation,BestFitness,AvgFitness,SurvivalRate,AvgChildFitness,AllFitnesses
1,0.5455150919369384,0.487440793475096,0.3333333333333333,0.47105891041770515,[0.5455150919369384, 0.5160910181087096, 0.5153894517813752, 0.4893916497028008, 0.46891857402324005, 0.46838742204179074, 0.46811276301772414, 0.4679794619499101, 0.4674483052605969, 0.4671741969278736]
2,0.5938942024472466,0.5094803723948745,0.3333333333333333,0.4896858842232316,[0.5938942024472466, 0.5455150919369384, 0.5275932400019381, 0.5269994811386826, 0.5160910181087096, 0.5153894517813752, 0.46775187152614445, 0.4672209731519623, 0.4671741969278737, 0.46717419692787365]
3,0.5938942024472466,0.49756045336602234,1.0,0.4726574284677286,[0.5938942024472466, 0.5455150919369384, 0.5275932400019381, 0.5034734836924688, 0.4683121955630919, 0.46775187152614445, 0.4674483052605969, 0.46722097315196237, 0.4672209731519623, 0.46717419692787365]
4,0.5938942024472466,0.4939549929565586,1.0,0.46750677073992325,[0.5938942024472466, 0.5455150919369384, 0.5275932400019381, 0.4677518715261445, 0.46775187152614445, 0.46775187152614445, 0.4674483052605969, 0.46744830526059683, 0.4672209731519622, 0.4671741969278736]
5,0.5938942024472466,0.5089793054045468,0.6666666666666666,0.4850419492682299,[0.5938942024472466, 0.5550901147836743, 0.5455150919369384, 0.5275932400019382, 0.5275932400019381, 0.46886192396134047, 0.46815963321656145, 0.4681127630177242, 0.46775187152614445, 0.4672209731519622]
