{
  "pattern": {
    "panels": {
      "wb_front": {
        "translation": [
          -23.024644365390117,
          108.77250000000001,
          20.0
        ],
        "rotation": [
          0.0,
          0.0,
          0.0
        ],
        "vertices": [
          [
            -0.024644365390116718,
            0
          ],
          [
            -0.4193804293102694,
            -4.680122868840178
          ],
          [
            46.419380429310266,
            -4.680122868840178
          ],
          [
            46.02464436539012,
            0
          ]
        ],
        "edges": [
          {
            "endpoints": [
              0,
              1
            ]
          },
          {
            "endpoints": [
              1,
              2
            ],
            "curvature": {
              "type": "circle",
              "params": [
                278.6538927940779,
                0,
                1
              ]
            }
          },
          {
            "endpoints": [
              2,
              3
            ]
          },
          {
            "endpoints": [
              3,
              0
            ],
            "label": "lower_interface",
            "curvature": {
              "type": "circle",
              "params": [
                273.95715279407773,
                0,
                0
              ]
            }
          }
        ],
        "label": "body"
      },
      "wb_back": {
        "translation": [
          -20.693770144048052,
          108.77250000000001,
          -15.0
        ],
        "rotation": [
          0.0,
          0.0,
          0.0
        ],
        "vertices": [
          [
            -0.6937701440480524,
            0
          ],
          [
            40.69377014404805,
            0
          ],
          [
            42.18663407511032,
            -4.453170096788728
          ],
          [
            31.270887196764402,
            -7.15709369036513
          ],
          [
            26.7815546014061,
            -7.742846188602314
          ],
          [
            13.218445752878125,
            -7.74284622318612
          ],
          [
            8.729113016535267,
            -7.157093725264438
          ],
          [
            -2.186634075110316,
            -4.453170096788728
          ]
        ],
        "edges": [
          {
            "endpoints": [
              0,
              1
            ],
            "label": "lower_interface",
            "curvature": {
              "type": "circle",
              "params": [
                65.10523562398411,
                0,
                1
              ]
            }
          },
          {
            "endpoints": [
              1,
              2
            ]
          },
          {
            "endpoints": [
              2,
              3
            ],
            "curvature": {
              "type": "circle",
              "params": [
                69.8019756239897,
                0,
                0
              ]
            }
          },
          {
            "endpoints": [
              3,
              4
            ],
            "curvature": {
              "type": "circle",
              "params": [
                69.80197562404356,
                0,
                0
              ]
            }
          },
          {
            "endpoints": [
              4,
              5
            ],
            "curvature": {
              "type": "circle",
              "params": [
                69.80197562398152,
                0,
                0
              ]
            }
          },
          {
            "endpoints": [
              5,
              6
            ],
            "curvature": {
              "type": "circle",
              "params": [
                69.80197562400403,
                0,
                0
              ]
            }
          },
          {
            "endpoints": [
              6,
              7
            ],
            "curvature": {
              "type": "circle",
              "params": [
                69.80197562397736,
                0,
                0
              ]
            }
          },
          {
            "endpoints": [
              7,
              0
            ]
          }
        ],
        "label": "body"
      },
      "skirt_back": {
        "translation": [
          -18.564146166063296,
          55.93156176735157,
          -20.0
        ],
        "rotation": [
          0.0,
          0.0,
          0.0
        ],
        "vertices": [
          [
            -0.15229616606329444,
            0.0
          ],
          [
            -9,
            27.20977949801851
          ],
          [
            -7.729784295241359,
            41.92826559234362
          ],
          [
            3.6035753268198185,
            41.92826559234362
          ],
          [
            4.456550310546616,
            30.606089575735723
          ],
          [
            5.3095252942734135,
            41.92826559234362
          ],
          [
            9.868075229135728,
            41.92826559234362
          ],
          [
            10.721050212862526,
            29.34128881530645
          ],
          [
            11.574025196589325,
            41.92826559234362
          ],
          [
            25.249675161766437,
            41.92826559234362
          ],
          [
            26.102650145493236,
            29.34128881530645
          ],
          [
            26.95562512922003,
            41.92826559234362
          ],
          [
            31.51417492331209,
            41.92826559234362
          ],
          [
            32.367149907038886,
            30.606089575735723
          ],
          [
            33.22012489076569,
            41.92826559234362
          ],
          [
            44.55348429524136,
            41.92826559234362
          ],
          [
            45.8237,
            27.20977949801851
          ],
          [
            36.9759961660633,
            0.0
          ]
        ],
        "edges": [
          {
            "endpoints": [
              0,
              1
            ],
            "curvature": {
              "type": "quadratic",
              "params": [
                [
                  0.7498070291106071,
                  0.08135432757944648
                ]
              ]
            }
          },
          {
            "endpoints": [
              1,
              2
            ],
            "curvature": {
              "type": "quadratic",