{
  "pattern": {
    "panels": {
      "skirt_front": {
        "translation": [
          -13.422141139723283,
          108.77250000000001,
          15.0
        ],
        "rotation": [
          0.0,
          0.0,
          0.0
        ],
        "vertices": [
          [
            -0.4221411397232835,
            0
          ],
          [
            -20.840628288468878,
            0
          ],
          [
            46.84062828846888,
            0
          ],
          [
            26.422141139723283,
            0
          ]
        ],
        "edges": [
          {
            "endpoints": [
              0,
              1
            ]
          },
          {
            "endpoints": [
              1,
              2
            ],
            "curvature": {
              "type": "circle",
              "params": [
                34.56682887463003,
                0,
                1
              ]
            }
          },
          {
            "endpoints": [
              2,
              3
            ]
          },
          {
            "endpoints": [
              3,
              0
            ],
            "label": "lower_interface",
            "curvature": {
              "type": "circle",
              "params": [
                13.422141139723292,
                0,
                0
              ]
            }
          }
        ],
        "label": "leg"
      },
      "skirt_back": {
        "translation": [
          -13.422141139723283,
          108.77250000000001,
          -15.0
        ],
        "rotation": [
          0.0,
          0.0,
          0.0
        ],
        "vertices": [
          [
            -0.4221411397232835,
            0
          ],
          [
            26.422141139723283,
            0
          ],
          [
            46.84062828846888,
            0
          ],
          [
            -20.86845405738336,
            -13.961511982631887
          ],
          [
            -7.183567931347721,
            -10.260985518977911
          ],
          [
            -21.341079991106653,
            -10.992324474966491
          ],
          [
            -20.840628288468878,
            0
          ]
        ],
        "edges": [
          {
            "endpoints": [
              0,
              1
            ],
            "label": "lower_interface",
            "curvature": {
              "type": "circle",
              "params": [
                13.422141139723292,
                0,
                1
              ]
            }
          },
          {
            "endpoints": [
              1,
              2
            ]
          },
          {
            "endpoints": [
              2,
              3
            ],
            "curvature": {
              "type": "circle",
              "params": [
                34.56682887463001,
                1,
                0
              ]
            }
          },
          {
            "endpoints": [
              3,
              4
            ]
          },
          {
            "endpoints": [
              4,
              5
            ]
          },
          {
            "endpoints": [
              5,
              6
            ],
            "curvature": {
              "type": "circle",
              "params": [
                34.56682509767409,
                0,
                0
              ]
            }
          },
          {
            "endpoints": [
              6,
              0
            ]
          }
        ],
        "label": "leg"
      }
    },
    "stitches": [
      [
        {
          "panel": "skirt_front",
          "edge": 0
        },
        {
          "panel": "skirt_back",
          "edge": 6
        }
      ],
      [
        {
          "panel": "skirt_front",
          "edge": 2
        },
        {
          "panel": "skirt_back",
          "edge": 1
        }
      ]
    ],
    "panel_order": [
      "skirt_back",
      "skirt_front"
    ]
  },
  "parameters": {},
  "parameter_order": [],
  "properties": {
    "curvature_coords": "relative",
    "normalize_panel_translation": false,
    "normalized_edge_loops": true,
    "units_in_meter": 100
  }
}