Generation,BestFitness,AvgFitness,SurvivalRate,AvgChildFitness,AllFitnesses
1,0.5859034232116194,0.49456490079101406,1.0,0.46730255075059846,[0.5859034232116194, 0.5595318900099352, 0.5278831357671547, 0.46811276301772414, 0.4677050421507146, 0.46744830526059705, 0.46744830526059705, 0.4672209731519623, 0.4672209731519623, 0.46717419692787365]
2,0.5859034232116194,0.4947452241074172,0.6,0.4674774344352297,[0.5859034232116194, 0.5595318900099352, 0.5278831357671547, 0.4685869866927522, 0.4681596332165615, 0.46811276301772414, 0.4677050421507146, 0.4672209731519623, 0.4671741969278737, 0.4671741969278736]
3,0.5859034232116194,0.49610918188301295,0.8,0.46759297751956536,[0.5859034232116194, 0.5595318900099352, 0.5278831357671547, 0.48122149555084115, 0.4685869866927522, 0.4681596332165615, 0.46770504215071473, 0.46770504215071457, 0.4672209731519624, 0.46717419692787365]
4,0.5859034232116194,0.4964155486127534,0.8,0.46808243685025464,[0.5859034232116194, 0.5595318900099352, 0.5278831357671547, 0.48122149555084115, 0.4692033573367099, 0.4685869866927522, 0.4685869866927522, 0.4683121955630919, 0.4677050421507146, 0.4672209731519624]
5,0.5859034232116194,0.4962039635360777,1.0,0.4676592666969032,[0.5859034232116194, 0.5595318900099352, 0.5278831357671547, 0.48122149555084115, 0.4692033573367099, 0.4681127630177242, 0.4681127630177242, 0.46744830526059705, 0.4674483052605969, 0.4671741969278736]
