{
  "pattern": {
    "panels": {
      "wb_front": {
        "translation": [
          -22.565001190024535,
          108.77250000000001,
          20.0
        ],
        "rotation": [
          0.0,
          0.0,
          0.0
        ],
        "vertices": [
          [
            -0.5650011900245353,
            0
          ],
          [
            -1.0106611130225147,
            -4.675548509066443
          ],
          [
            45.010661113022515,
            -4.675548509066443
          ],
          [
            44.56500119002453,
            0
          ]
        ],
        "edges": [
          {
            "endpoints": [
              0,
              1
            ]
          },
          {
            "endpoints": [
              1,
              2
            ],
            "curvature": {
              "type": "circle",
              "params": [
                242.50574686848867,
                0,
                1
              ]
            }
          },
          {
            "endpoints": [
              2,
              3
            ]
          },
          {
            "endpoints": [
              3,
              0
            ],
            "label": "lower_interface",
            "curvature": {
              "type": "circle",
              "params": [
                237.80900686848858,
                0,
                0
              ]
            }
          }
        ],
        "label": "body"
      },
      "wb_back": {
        "translation": [
          -19.250809956528524,
          108.77250000000001,
          -15.0
        ],
        "rotation": [
          0.0,
          0.0,
          0.0
        ],
        "vertices": [
          [
            -0.2508099565285242,
            0
          ],
          [
            38.25080995652853,
            0
          ],
          [
            39.69510876295775,
            -4.469157368603966
          ],
          [
            30.375335069181883,
            -6.761811701530355
          ],
          [
            25.846262074990808,
            -7.381011086466536
          ],
          [
            12.15373828661713,
            -7.381011123444523
          ],
          [
            7.624665168254539,
            -6.7618117422494635
          ],
          [
            -1.6951087629577515,
            -4.469157368603966
          ]
        ],
        "edges": [
          {
            "endpoints": [
              0,
              1
            ],
            "label": "lower_interface",
            "curvature": {
              "type": "circle",
              "params": [
                62.60203827126582,
                0,
                1
              ]
            }
          },
          {
            "endpoints": [
              1,
              2
            ]
          },
          {
            "endpoints": [
              2,
              3
            ],
            "curvature": {
              "type": "circle",
              "params": [
                67.29877827126299,
                0,
                0
              ]
            }
          },
          {
            "endpoints": [
              3,
              4
            ],
            "curvature": {
              "type": "circle",
              "params": [
                67.29877827124642,
                0,
                0
              ]
            }
          },
          {
            "endpoints": [
              4,
              5
            ],
            "curvature": {
              "type": "circle",
              "params": [
                67.29877827125887,
                0,
                0
              ]
            }
          },
          {
            "endpoints": [
              5,
              6
            ],
            "curvature": {
              "type": "circle",
              "params": [
                67.29877827134841,
                0,
                0
              ]
            }
          },
          {
            "endpoints": [
              6,
              7
            ],
            "curvature": {
              "type": "circle",
              "params": [
                67.29877827126548,
                0,
                0
              ]
            }
          },
          {
            "endpoints": [
              7,
              0
            ]
          }
        ],
        "label": "body"
      },
      "skirt_back": {
        "translation": [
          -39.34648476660475,
          41.908343277757595,
          -20.0
        ],
        "rotation": [
          0.0,
          0.0,
          0.0
        ],
        "vertices": [
          [
            -0.9346347666047521,
            0.0
          ],
          [
            11,
            35.5077616359653
          ],
          [
            12.746606566602814,
            55.746374941163936
          ],
          [
            22.32395175603617,
            55.746374941163936
          ],
          [
            23.49683263142122,
            40.177848347802474
          ],
          [
            24.669713506806275,
            55.746374941163936
          ],
          [
            29.22826344817505,
            55.746374941163936
          ],
          [
            30.4011443235601,
            38.43868758531626
          ],
          [
            31.57402519894515,
            55.746374941163936
          ],
          [
            45.24967516347259,
            55.746374941163936
          ],
          [
            46.422556038857635,
            38.43868758531626
          ],
          [
            47.59543691424269,
            55.746374941163936
          ],
          [
            52.15398673338332,
            55.746374941163936
          ],
          [
            53.32686760876837,
            40.177848347802474
          ],
          [
            54.49974848415342,
            55.746374941163936
          ],
          [
            64.07709343339718,
            55.746374941163936
          ],
          [
            65.8237,
            35.5077616359653
          ],
          [
            69.58084047927184,
            19.450339478339117
          ],
          [
            77.75833476660475,
            0.0
          ]
        ],
        "edges": [
          {
            "endpoints": [
              0,
              1
            ],
            "curvature": {
              "type": "quadratic",
              "params": [
                [
                  0.7493294067658177,
                  -0.08425372587518488
                ]
              ]
            }
          },
          {
            "endpoints": [
              1,
              2
            ],
            "curvature": {
              "type": "quadratic",