Generation,BestFitness,AvgFitness,SurvivalRate,AvgChildFitness,AllFitnesses
1,0.5361931856235328,0.48339622991818443,1.0,0.4675452754325911,[0.5361931856235328, 0.5139249060827478, 0.5110272794474255, 0.4685869716015888, 0.46831219556309195, 0.46722097315196237, 0.4671741969278737, 0.4671741969278737, 0.4671741969278736, 0.4671741969278736]
2,0.5361931856235328,0.4880752970983392,1.0,0.4742296571185264,[0.5361931856235328, 0.5139249060827478, 0.5110272794474255, 0.49552257581273984, 0.4872286970636375, 0.4681127630177242, 0.46722097315196237, 0.4671741969278737, 0.46717419692787365, 0.46717419692787365]
3,0.6002380175122659,0.5029757859959865,0.6666666666666666,0.48277167867733095,[0.6002380175122659, 0.5361931856235328, 0.5139249060827478, 0.5110272794474255, 0.5099334423367262, 0.48811776438679594, 0.4687538975626598, 0.46722097315196237, 0.46717419692787365, 0.4671741969278736]
4,0.6076361490860467,0.5115633570866368,0.6666666666666666,0.4816523169492175,[0.6076361490860467, 0.6002380175122659, 0.5361931856235328, 0.5139249060827478, 0.4942636165969642, 0.49278032306171815, 0.4687538975626598, 0.4674483052605969, 0.46722097315196237, 0.4671741969278736]
5,0.6076361490860467,0.5110656197284389,1.0,0.4809412635803632,[0.6076361490860467, 0.6002380175122659, 0.5361931856235328, 0.5262832272716946, 0.4927803230617181, 0.47741640004969377, 0.46831219556309195, 0.46744830526059705, 0.46717419692787365, 0.4671741969278736]
