Generation,BestFitness,AvgChildFitness,SurvivalRate,DeltaBest,SuccessRatio,CrossoverGain,MutationGain
1,0.48189720516256507,0.4675777514481103,0.6666666666666666,0.002081727725686988,0.14285714285714285,0.0008991113701188801,-0.0014136187007434686
2,0.5233078497733061,0.46822982970348914,0.6666666666666666,0.041410644610741065,0.42857142857142855,0.023124113961747097,-0.11762647622679329
3,0.531828142350087,0.4697562582919483,0.6666666666666666,0.008520292576780886,0.2857142857142857,0.002286693147655315,0.0
4,0.531828142350087,0.46985852160897207,0.6666666666666666,0.0,0.14285714285714285,-0.009885660127751097,-0.001099506745405765
5,0.531828142350087,0.4731846728858909,0.6666666666666666,0.0,0.2857142857142857,-0.007408790828483035,0.04346366788212702
