{
  "pattern": {
    "panels": {
      "skirt_back": {
        "translation": [
          -23.18675796116713,
          6.772500000000008,
          -20.0
        ],
        "rotation": [
          0.0,
          0.0,
          0.0
        ],
        "vertices": [
          [
            -0.18675796116713173,
            0.0
          ],
          [
            -4,
            77.69833209163446
          ],
          [
            -1.8720071770690723,
            102.35621709163445
          ],
          [
            6.299518077285981,
            102.35621709163445
          ],
          [
            7.728507371553249,
            83.3881715753964
          ],
          [
            9.157496665820517,
            102.35621709163445
          ],
          [
            13.716046605358555,
            102.35621709163445
          ],
          [
            15.145035899625823,
            81.26925041063052
          ],
          [
            16.574025193893092,
            102.35621709163445
          ],
          [
            30.249675173371372,
            102.35621709163445
          ],
          [
            31.67866446763864,
            81.26925041063052
          ],
          [
            33.10765376190591,
            102.35621709163445
          ],
          [
            37.66620363029078,
            102.35621709163445
          ],
          [
            39.09519292455805,
            83.3881715753964
          ],
          [
            40.52418221882532,
            102.35621709163445
          ],
          [
            48.695707177069075,
            102.35621709163445
          ],
          [
            50.8237,
            77.69833209163446
          ],
          [
            47.010457961167134,
            0.0
          ],
          [
            24.411849763097884,
            0.0
          ],
          [
            23.411849763097884,
            10.530384032236825
          ],
          [
            22.411849763097884,
            0.0
          ]
        ],
        "edges": [
          {
            "endpoints": [
              0,
              1
            ],
            "curvature": {
              "type": "quadratic",
              "params": [
                [
                  0.7461211986384064,
                  0.01245974812577227
                ]
              ]
            }
          },
          {
            "endpoints": [
              1,
              2
            ],
            "curvature": {
              "type": "quadratic",
              "params": [
                [
                  0.4980453961471247,
                  0.04298166012488582
                ]
              ]
            }
          },
          {
            "endpoints": [
              2,
              3
            ],
            "label": "lower_interface"
          },
          {
            "endpoints": [
              3,
              4
            ]
          },
          {
            "endpoints": [
              4,
              5
            ]
          },
          {
            "endpoints": [
              5,
              6
            ],
            "label": "lower_interface"
          },
          {
            "endpoints": [
              6,
              7
            ]
          },
          {
            "endpoints": [
              7,
              8
            ]
          },
          {
            "endpoints": [
              8,
              9
            ],
            "label": "lower_interface"
          },
          {
            "endpoints": [
              9,
              10
            ]
          },
          {
            "endpoints": [
              10,
              11
            ]
          },
          {
            "endpoints": [
              11,
              12
            ],
            "label": "lower_interface"
          },
          {
            "endpoints": [
              12,
              13
            ]
          },
          {
            "endpoints": [
              13,
              14
            ]
          },
          {
            "endpoints": [
              14,
              15
            ],
            "label": "lower_interface"
          },
          {
            "endpoints": [
              15,
              16
            ],
            "curvature": {
              "type": "quadratic",
              "params": [
                [
                  0.5019546015423715,
                  0.042981660247787205
                ]
              ]
            }
          },
          {
            "endpoints": [
              16,
              17
            ],
            "curvature": {
              "type": "quadratic",
              "params": [
                [
                  0.25387879742920155,
                  0.012459747975263443
                ]
              ]
            }
          },
          {
            "endpoints": [
              17,
              18
            ]
          },
          {
            "endpoints": [
              18,
              19
            ]
          },
          {
            "endpoints": [
              19,
              20
            ]
          },
          {
            "endpoints": [
              20,
              0
            ]
          }
        ],
        "label": "leg"
      },
      "skirt_front": {
        "translation": [
          -20.18675796116713,
          7.772500000000008,
          25.0
        ],
        "rotation": [
          0.0,
          0.0,
          0.0
        ],
        "vertices": [
          [
            -0.18675796116713173,
            0.0
          ],
          [
            40.841057961167124,
            0.0
          ],
          [
            44.65429999999999,
            77.69833209163446
          ],
          [
            42.92614999999999,
            101.18203209163445
          ],
          [
            -2.2718500000000006,
            101.18203209163445
          ],
          [
            -4,
            77.69833209163446
          ]
        ],
        "edges": [
          {
            "endpoints": [
              0,
              1
            ]
          },
          {
            "endpoints": [
              1,
              2
            ],
            "curvature": {
              "type": "quadratic",
              "params": [
                [
                  0.7461212025707984,
                  -0.012459747975263443
                ]
              ]
            }
          },
          {
            "endpoints": [
              2,
              3
            ],
            "curvature": {
              "type": "quadratic",
              "params": [
                [
                  0.4985545385734096,
                  -0.03668751570317946
                ]
              ]
            }
          },
          {
            "endpoints": [
              3,
              4
            ],
            "label": "lower_interface"
          },
          {
            "endpoints": [
              4,
              5
            ],
            "curvature": {
              "type": "quadratic",
              "params": [
                [
                  0.5014454625191118,
                  -0.03668751567083784
                ]
              ]
            }
          },
          {
            "endpoints": [
              5,
              0
            ],
            "curvature": {
              "type": "quadratic",
              "params": [
                [
                  0.2538788013615936,
                  -0.01245974812577227
                ]
              ]
            }
          }
        ],
        "label": "leg"
      }
    },
    "stitches": [
      [
        {
          "panel": "skirt_back",
          "edge": 3
        },
        {
          "panel": "skirt_back",
          "edge": 4
        }
      ],
      [
        {
          "panel": "skirt_back",
          "edge": 6
        },
        {
          "panel": "skirt_back",