Generation,BestFitness,AvgFitness,SurvivalRate,AvgChildFitness,AllFitnesses
1,0.5321833991821173,0.47944457425622833,0.4,0.4674507225586407,[0.5321833991821173, 0.4937138013494131, 0.4937138013494131, 0.46919370584634545, 0.46838742204179074, 0.46775187152614445, 0.4677050421507146, 0.46744830526059694, 0.46717419692787365, 0.4671741969278736]
2,0.5321833991821173,0.48962037975114986,0.6,0.4681066352402044,[0.5321833991821173, 0.5289436678211361, 0.5071159516083957, 0.4937138013494131, 0.4937138013494131, 0.46919370584634545, 0.46838742204179074, 0.46775187152614445, 0.46775187152614445, 0.46744830526059694]
3,0.5321833991821173,0.49544301860930473,0.8,0.4778635708526696,[0.5321833991821173, 0.5289436678211361, 0.5071159516083957, 0.5031555118686363, 0.4937138013494131, 0.4937138013494131, 0.4937138013494131, 0.46744830526059705, 0.4672209731519623, 0.4672209731519623]
4,0.5904702321363172,0.5064896644994201,0.8,0.4806055764755198,[0.5904702321363172, 0.5321833991821173, 0.5289436678211361, 0.5071159516083957, 0.5031555118686363, 0.4937138013494131, 0.4937138013494131, 0.4809310012662141, 0.4674483052605969, 0.4672209731519623]
5,0.5904702321363172,0.5036298240802943,1.0,0.4748858956372679,[0.5904702321363172, 0.5321833991821173, 0.5289436678211361, 0.5071159516083957, 0.5031555118686363, 0.5031555118686363, 0.4691563826445469, 0.46744830526059694, 0.4674483052605969, 0.46722097315196237]
