Generation,BestFitness,AvgFitness,SurvivalRate,AvgChildFitness,AllFitnesses
1,0.533987601809496,0.4744838848973759,0.6,0.46728384026096287,[0.533987601809496, 0.4693732104186852, 0.4685869866927522, 0.46835908573028684, 0.46811276301772414, 0.46744830526059694, 0.4674483052605969, 0.46717419692787365, 0.4671741969278736, 0.4671741969278736]
2,0.533987601809496,0.4747391149106658,0.6,0.4675988879063263,[0.533987601809496, 0.4693732104186852, 0.46886192396134047, 0.4685869866927522, 0.4685869866927522, 0.46835908573028684, 0.46811276301772414, 0.46717419692787365, 0.46717419692787365, 0.4671741969278736]
3,0.533987601809496,0.4746754476969691,1.0,0.467471553478933,[0.533987601809496, 0.4693732104186852, 0.46886192396134047, 0.4685869866927522, 0.4685869866927522, 0.4681127630177242, 0.46744830526059694, 0.46744830526059683, 0.46717419692787365, 0.4671741969278736]
4,0.533987601809496,0.4748044329152135,0.8,0.4675722791702353,[0.533987601809496, 0.4693732104186852, 0.4693732104186852, 0.46886192396134047, 0.4685869866927522, 0.4685869866927522, 0.4677050421507146, 0.46722097315196237, 0.46717419692787365, 0.4671741969278735]
5,0.533987601809496,0.4747712344146122,0.8,0.46734863742384614,[0.533987601809496, 0.4693732104186852, 0.4693732104186852, 0.4693732104186852, 0.46886192396134047, 0.4685869866927522, 0.4671741969278737, 0.46717419692787365, 0.4671741969278736, 0.46663360964285716]
