{
  "pattern": {
    "panels": {
      "skirt_back": {
        "translation": [
          -31.78513768398036,
          32.77250000000001,
          -20.0
        ],
        "rotation": [
          0.0,
          0.0,
          0.0
        ],
        "vertices": [
          [
            -0.7851376839803592,
            0.0
          ],
          [
            -0.3558409990478779,
            3.761233651108583
          ],
          [
            4,
            55.59644632062367
          ],
          [
            5.814063144818604,
            76.6167053767922
          ],
          [
            15.142758045904387,
            76.6167053767922
          ],
          [
            16.360937348548934,
            60.44689882036938
          ],
          [
            17.57911665119348,
            76.6167053767922
          ],
          [
            22.137666592584996,
            76.6167053767922
          ],
          [
            23.355845895229542,
            58.64056904784522
          ],
          [
            24.57402519787409,
            76.6167053767922
          ],
          [
            38.24967516259102,
            76.6167053767922
          ],
          [
            39.46785446523557,
            58.64056904784522
          ],
          [
            40.68603376788011,
            76.6167053767922
          ],
          [
            45.24458359473968,
            76.6167053767922
          ],
          [
            46.46276289738422,
            60.44689882036938
          ],
          [
            47.68094220002877,
            76.6167053767922
          ],
          [
            57.0096368551814,
            76.6167053767922
          ],
          [
            58.8237,
            55.59644632062367
          ],
          [
            63.60883768398036,
            0.0
          ],
          [
            32.41184967704205,
            0.0
          ],
          [
            31.411849677042053,
            17.666265416579023
          ],
          [
            30.41184967704205,
            0.0
          ]
        ],
        "edges": [
          {
            "endpoints": [
              0,
              1
            ],
            "curvature": {
              "type": "quadratic",
              "params": [
                [
                  0.5077837843127595,
                  -0.0004524045268277821
                ]
              ]
            }
          },
          {
            "endpoints": [
              1,
              2
            ],
            "curvature": {
              "type": "quadratic",
              "params": [
                [
                  0.7441026608818659,
                  -0.021503691269943254
                ]
              ]
            }
          },
          {
            "endpoints": [
              2,
              3
            ],
            "curvature": {
              "type": "quadratic",
              "params": [
                [
                  0.4980453962581381,
                  0.04298166013446693
                ]
              ]
            }
          },
          {
            "endpoints": [
              3,
              4
            ],
            "label": "lower_interface"
          },
          {
            "endpoints": [
              4,
              5
            ]
          },
          {
            "endpoints": [
              5,
              6
            ]
          },
          {
            "endpoints": [
              6,
              7
            ],
            "label": "lower_interface"
          },
          {
            "endpoints": [
              7,
              8
            ]
          },
          {
            "endpoints": [
              8,
              9
            ]
          },
          {
            "endpoints": [
              9,
              10
            ],
            "label": "lower_interface"
          },
          {
            "endpoints": [
              10,
              11
            ]
          },
          {
            "endpoints": [
              11,
              12
            ]
          },
          {
            "endpoints": [
              12,
              13
            ],
            "label": "lower_interface"
          },
          {
            "endpoints": [
              13,
              14
            ]
          },
          {
            "endpoints": [
              14,
              15
            ]
          },
          {
            "endpoints": [
              15,
              16
            ],
            "label": "lower_interface"
          },
          {
            "endpoints": [
              16,
              17
            ],
            "curvature": {
              "type": "quadratic",
              "params": [
                [
                  0.5019546014273689,
                  0.042981660257711794
                ]
              ]
            }
          },
          {
            "endpoints": [
              17,
              18
            ],
            "curvature": {
              "type": "quadratic",
              "params": [
                [
                  0.24998010438813814,
                  -0.021515575424339933
                ]
              ]
            }
          },
          {
            "endpoints": [
              18,
              19
            ]
          },
          {
            "endpoints": [
              19,
              20
            ]
          },
          {
            "endpoints": [
              20,
              21
            ]
          },
          {
            "endpoints": [
              21,
              0
            ]
          }
        ],
        "label": "leg"
      },
      "skirt_front": {
        "translation": [
          -28.78513768398036,
          33.77250000000001,
          25.0
        ],
        "rotation": [
          0.0,
          0.0,
          0.0
        ],
        "vertices": [
          [
            -0.7851376839803592,
            0.0
          ],
          [
            27.3271497030534,
            0.0
          ],
          [
            28.327149703053404,
            37.08995281041286
          ],
          [
            29.3271497030534,
            0.0
          ],
          [
            57.43943768398035,
            0.0
          ],
          [
            52.65429999999999,
            55.59644632062367
          ],
          [
            51.18109332846602,
            75.6157406598318
          ],
          [
            5.473206671533973,
            75.6157406598318
          ],
          [
            4,
            55.59644632062367
          ],
          [
            -0.3558409990478779,
            3.761233651108583
          ]
        ],
        "edges": [
          {
            "endpoints": [
              0,
              1
            ]
          },
          {
            "endpoints": [
              1,
              2
            ]
          },
          {
            "endpoints": [
              2,
              3
            ]
          },
          {
            "endpoints": [
              3,
              4
            ]
          },
          {
            "endpoints": [
              4,
              5
            ],
            "curvature": {
              "type": "quadratic",
              "params": [
                [
                  0.7500198956118619,
                  0.021515575424339933
                ]
              ]
            }
          },
          {
            "endpoints": [
              5,
              6
            ],
            "curvature": {
              "type": "quadratic",
              "params": [
                [
                  0.4985545386249056,
                  -0.0366875157069845
                ]
              ]
            }
          },
          {
            "endpoints": [
              6,
              7
            ],