{
  "pattern": {
    "panels": {
      "wb_front": {
        "translation": [
          -23.128573436091365,
          108.77250000000001,
          20.0
        ],
        "rotation": [
          0.0,
          0.0,
          0.0
        ],
        "vertices": [
          [
            -0.12857343609136507,
            0
          ],
          [
            -0.5109081205343351,
            -4.681152295821179
          ],
          [
            46.51090812053434,
            -4.681152295821179
          ],
          [
            46.128573436091365,
            0
          ]
        ],
        "edges": [
          {
            "endpoints": [
              0,
              1
            ]
          },
          {
            "endpoints": [
              1,
              2
            ],
            "curvature": {
              "type": "circle",
              "params": [
                288.8166496505587,
                0,
                1
              ]
            }
          },
          {
            "endpoints": [
              2,
              3
            ]
          },
          {
            "endpoints": [
              3,
              0
            ],
            "label": "lower_interface",
            "curvature": {
              "type": "circle",
              "params": [
                284.11990965055935,
                0,
                0
              ]
            }
          }
        ],
        "label": "body"
      },
      "wb_back": {
        "translation": [
          -21.052041931844947,
          108.77250000000001,
          -15.0
        ],
        "rotation": [
          0.0,
          0.0,
          0.0
        ],
        "vertices": [
          [
            -0.05204193184494699,
            0
          ],
          [
            42.05204193184495,
            0
          ],
          [
            43.556699305250376,
            -4.449199120769564
          ],
          [
            32.27080970081593,
            -7.252211635799426
          ],
          [
            27.781176828244902,
            -7.8328393041479885
          ],
          [
            14.218823535400016,
            -7.8328393393341
          ],
          [
            9.729190649362753,
            -7.252211692586137
          ],
          [
            -1.5566993052503797,
            -4.449199120769564
          ]
        ],
        "edges": [
          {
            "endpoints": [
              0,
              1
            ],
            "label": "lower_interface",
            "curvature": {
              "type": "circle",
              "params": [
                65.71327743484386,
                0,
                1
              ]
            }
          },
          {
            "endpoints": [
              1,
              2
            ]
          },
          {
            "endpoints": [
              2,
              3
            ],
            "curvature": {
              "type": "circle",
              "params": [
                70.41001743484112,
                0,
                0
              ]
            }
          },
          {
            "endpoints": [
              3,
              4
            ],
            "curvature": {
              "type": "circle",
              "params": [
                70.41001743490112,
                0,
                0
              ]
            }
          },
          {
            "endpoints": [
              4,
              5
            ],
            "curvature": {
              "type": "circle",
              "params": [
                70.41001743483633,
                0,
                0
              ]
            }
          },
          {
            "endpoints": [
              5,
              6
            ],
            "curvature": {
              "type": "circle",
              "params": [
                70.41001743484124,
                0,
                0
              ]
            }
          },
          {
            "endpoints": [
              6,
              7
            ],
            "curvature": {
              "type": "circle",
              "params": [
                70.4100174348317,
                0,
                0
              ]
            }
          },
          {
            "endpoints": [
              7,
              0
            ]
          }
        ],
        "label": "body"
      },
      "skirt_front": {
        "translation": [
          -25.948922517845503,
          3.820949475991725,
          25.0
        ],
        "rotation": [
          0.0,
          0.0,
          0.0
        ],
        "vertices": [
          [
            -0.5370725178455018,
            0.0
          ],
          [
            24.3271497404922,
            0.0
          ],
          [
            25.3271497404922,
            2.575624237591512
          ],
          [
            26.3271497404922,
            0.0
          ],
          [
            51.191372517845494,
            0.0
          ],
          [
            51.126382646646874,
            2.561556137838565
          ],
          [
            49.65429999999999,
            80.46863737213867
          ],
          [
            48.70817512427941,
            93.32545694449033
          ],
          [
            1.9461248757205851,
            93.32545694449033
          ],
          [
            1,
            80.46863737213867
          ]
        ],
        "edges": [
          {
            "endpoints": [
              0,
              1
            ]
          },
          {
            "endpoints": [
              1,
              2
            ]
          },
          {
            "endpoints": [
              2,
              3
            ]
          },
          {
            "endpoints": [
              3,
              4
            ]
          },
          {
            "endpoints": [
              4,
              5
            ],
            "curvature": {
              "type": "quadratic",
              "params": [
                [
                  0.5035899883286153,
                  4.592161921353218e-05
                ]
              ]
            }
          },
          {
            "endpoints": [
              5,
              6
            ],
            "curvature": {
              "type": "quadratic",
              "params": [
                [
                  0.7475719279821054,
                  0.004769709215340078
                ]
              ]
            }
          },
          {
            "endpoints": [
              6,
              7
            ],
            "curvature": {
              "type": "quadratic",
              "params": [
                [
                  0.4985545385734096,
                  -0.03668751570317946
                ]
              ]
            }
          },
          {
            "endpoints": [
              7,
              8
            ]
          },
          {
            "endpoints": [
              8,
              9
            ],
            "curvature": {
              "type": "quadratic",
              "params": [
                [
                  0.5014454625191118,
                  -0.03668751567083784
                ]
              ]
            }
          },
          {
            "endpoints": [
              9,
              0
            ],
            "curvature": {
              "type": "quadratic",
              "params": [
                [
                  0.24972707169151132,
                  0.004770153332579456
                ]
              ]
            }
          }
        ],
        "label": "leg"
      },
      "skirt_back": {
        "translation": [
          -28.948922517845503,
          3.820949475991725,
          -20.0
        ],
        "rotation": [
          0.0,
          0.0,
          0.0
        ],