{
  "pattern": {
    "panels": {
      "skirt_back": {
        "translation": [
          -20.645158547659662,
          45.633893473913716,
          -20.0
        ],
        "rotation": [
          0.0,
          0.0,
          0.0
        ],
        "vertices": [
          [
            -0.645158547659662,
            -0.1386065260862921
          ],
          [
            -3.751061307717663,
            16.18571768762417
          ],
          [
            -7,
            42.19585262503886
          ],
          [
            -5.1410780410623005,
            63.735908302636574
          ],
          [
            4.022263716851466,
            63.735908302636574
          ],
          [
            5.270566600947488,
            47.166248880712295
          ],
          [
            6.518869485043508,
            63.735908302636574
          ],
          [
            11.077419429426897,
            63.735908302636574
          ],
          [
            12.325722313522917,
            45.3152515277156
          ],
          [
            13.574025197618939,
            63.735908302636574
          ],
          [
            27.24967516659145,
            63.735908302636574
          ],
          [
            28.497978050687472,
            45.3152515277156
          ],
          [
            29.746280934783492,
            63.735908302636574
          ],
          [
            34.30483076303594,
            63.735908302636574
          ],
          [
            35.553133647131965,
            47.166248880712295
          ],
          [
            36.801436531227985,
            63.735908302636574
          ],
          [
            45.9647780410623,
            63.735908302636574
          ],
          [
            47.8237,
            42.19585262503886
          ],
          [
            41.468858547659664,
            -9.861393473913708
          ],
          [
            21.38621985362272,
            -5.224951005593155
          ],
          [
            28.15684442791489,
            28.547257474374575
          ],
          [
            19.43747972405225,
            -4.775048896905432
          ]
        ],
        "edges": [
          {
            "endpoints": [
              0,
              1
            ],
            "curvature": {
              "type": "quadratic",
              "params": [
                [
                  0.5530885246298614,
                  0.005706904558236888
                ]
              ]
            }
          },
          {
            "endpoints": [
              1,
              2
            ],
            "curvature": {
              "type": "quadratic",
              "params": [
                [
                  0.7099851784518808,
                  0.036225888011276096
                ]
              ]
            }
          },
          {
            "endpoints": [
              2,
              3
            ],
            "curvature": {
              "type": "quadratic",
              "params": [
                [
                  0.498045396320672,
                  0.04298166013986343
                ]
              ]
            }
          },
          {
            "endpoints": [
              3,
              4
            ],
            "label": "lower_interface"
          },
          {
            "endpoints": [
              4,
              5
            ]
          },
          {
            "endpoints": [
              5,
              6
            ]
          },
          {
            "endpoints": [
              6,
              7
            ],
            "label": "lower_interface"
          },
          {
            "endpoints": [
              7,
              8
            ]
          },
          {
            "endpoints": [
              8,
              9
            ]
          },
          {
            "endpoints": [
              9,
              10
            ],
            "label": "lower_interface"
          },
          {
            "endpoints": [
              10,
              11
            ]
          },
          {
            "endpoints": [
              11,
              12
            ]
          },
          {
            "endpoints": [
              12,
              13
            ],
            "label": "lower_interface"
          },
          {
            "endpoints": [
              13,
              14
            ]
          },
          {
            "endpoints": [
              14,
              15
            ]
          },
          {
            "endpoints": [
              15,
              16
            ],
            "label": "lower_interface"
          },
          {
            "endpoints": [
              16,
              17
            ],
            "curvature": {
              "type": "quadratic",
              "params": [
                [
                  0.5019546013841197,
                  0.04298166026144426
                ]
              ]
            }
          },
          {
            "endpoints": [
              17,
              18
            ],
            "curvature": {
              "type": "quadratic",
              "params": [
                [
                  0.24851846107406114,
                  0.030337627712380744
                ]
              ]
            }
          },
          {
            "endpoints": [
              18,
              19
            ]
          },
          {
            "endpoints": [
              19,
              20
            ]
          },
          {
            "endpoints": [
              20,
              21
            ]
          },
          {
            "endpoints": [
              21,
              0
            ]
          }
        ],
        "label": "leg"
      },
      "skirt_front": {
        "translation": [
          -17.645158547659662,
          45.92173436474869,
          25.0
        ],
        "rotation": [
          0.0,
          0.0,
          0.0
        ],
        "vertices": [
          [
            -0.645158547659662,
            -0.8507656352513209
          ],
          [
            35.299458547659654,
            -9.14923436474868
          ],
          [
            41.65429999999999,
            42.19585262503886
          ],
          [
            40.14466333735676,
            62.71019136560811
          ],
          [
            -5.490363337356772,
            62.71019136560811
          ],
          [
            -7,
            42.19585262503886
          ],
          [
            -3.751192262778442,
            15.751189677060971
          ]
        ],
        "edges": [
          {
            "endpoints": [
              0,
              1
            ]
          },
          {
            "endpoints": [
              1,
              2
            ],
            "curvature": {
              "type": "quadratic",
              "params": [
                [
                  0.7516204618721705,
                  -0.03074120529385454
                ]
              ]
            }
          },
          {
            "endpoints": [
              2,
              3
            ],
            "curvature": {
              "type": "quadratic",
              "params": [
                [
                  0.49855453864189947,
                  -0.03668751570833185
                ]
              ]
            }
          },
          {
            "endpoints": [
              3,
              4
            ],
            "label": "lower_interface"
          },
          {
            "endpoints": [
              4,
              5
            ],
            "curvature": {
              "type": "quadratic",
              "params": [
                [
                  0.5014454625202256,
                  -0.036687515670738025
                ]
              ]
            }
          },
          {
            "endpoints": [
              5,
              6
            ],