{
  "pattern": {
    "panels": {
      "wb_front": {
        "translation": [
          -22.578238941155895,
          108.77250000000001,
          20.0
        ],
        "rotation": [
          0.0,
          0.0,
          0.0
        ],
        "vertices": [
          [
            -0.5782389411558952,
            0
          ],
          [
            -2.2772207736086187,
            -22.8388331444987
          ],
          [
            46.27722077360862,
            -22.8388331444987
          ],
          [
            44.578238941155895,
            0
          ]
        ],
        "edges": [
          {
            "endpoints": [
              0,
              1
            ]
          },
          {
            "endpoints": [
              1,
              2
            ],
            "curvature": {
              "type": "circle",
              "params": [
                327.252142338017,
                0,
                1
              ]
            }
          },
          {
            "endpoints": [
              2,
              3
            ]
          },
          {
            "endpoints": [
              3,
              0
            ],
            "label": "lower_interface",
            "curvature": {
              "type": "circle",
              "params": [
                304.35020271112546,
                0,
                0
              ]
            }
          }
        ],
        "label": "body"
      },
      "wb_back": {
        "translation": [
          -19.2074973584538,
          108.77250000000001,
          -15.0
        ],
        "rotation": [
          0.0,
          0.0,
          0.0
        ],
        "vertices": [
          [
            -0.20749735845380002,
            0
          ],
          [
            38.2074973584538,
            0
          ],
          [
            45.70131290532812,
            -21.641200688009008
          ],
          [
            33.66542361151858,
            -24.804716008720973
          ],
          [
            27.83000076077632,
            -25.654211713646696
          ],
          [
            10.16999971636777,
            -25.65421176558246
          ],
          [
            4.334576691191165,
            -24.804716064024007
          ],
          [
            -7.701312905328123,
            -21.641200688009008
          ]
        ],
        "edges": [
          {
            "endpoints": [
              0,
              1
            ],
            "label": "lower_interface",
            "curvature": {
              "type": "circle",
              "params": [
                58.700263188166176,
                0,
                1
              ]
            }
          },
          {
            "endpoints": [
              1,
              2
            ]
          },
          {
            "endpoints": [
              2,
              3
            ],
            "curvature": {
              "type": "circle",
              "params": [
                81.60220281495671,
                0,
                0
              ]
            }
          },
          {
            "endpoints": [
              3,
              4
            ],
            "curvature": {
              "type": "circle",
              "params": [
                81.60220281497932,
                0,
                0
              ]
            }
          },
          {
            "endpoints": [
              4,
              5
            ],
            "curvature": {
              "type": "circle",
              "params": [
                81.60220281494922,
                0,
                0
              ]
            }
          },
          {
            "endpoints": [
              5,
              6
            ],
            "curvature": {
              "type": "circle",
              "params": [
                81.60220281492865,
                0,
                0
              ]
            }
          },
          {
            "endpoints": [
              6,
              7
            ],
            "curvature": {
              "type": "circle",
              "params": [
                81.60220281495342,
                0,
                0
              ]
            }
          },
          {
            "endpoints": [
              7,
              0
            ]
          }
        ],
        "label": "body"
      },
      "skirt_front": {
        "translation": [
          -24.856014716939082,
          11.603234883348534,
          25.0
        ],
        "rotation": [
          0.0,
          0.0,
          0.0
        ],
        "vertices": [
          [
            -0.44416471693908477,
            0.0
          ],
          [
            23.32714974552986,
            0.0
          ],
          [
            24.327149745529862,
            21.028281655206115
          ],
          [
            25.32714974552986,
            0.0
          ],
          [
            49.09846471693908,
            0.0
          ],
          [
            48.65429999999999,
            49.179060744040086
          ],
          [
            47.24691815189066,
            68.30386652273127
          ],
          [
            1.4073818481093312,
            68.30386652273127
          ],
          [
            0,
            49.179060744040086
          ],
          [
            -0.14615208493091458,
            26.98218149712355
          ]
        ],
        "edges": [
          {
            "endpoints": [
              0,
              1
            ]
          },
          {
            "endpoints": [
              1,
              2
            ]
          },
          {
            "endpoints": [
              2,
              3
            ]
          },
          {
            "endpoints": [
              3,
              4
            ]
          },
          {
            "endpoints": [
              4,
              5
            ],
            "curvature": {
              "type": "quadratic",
              "params": [
                [
                  0.7500289752717467,
                  0.0022579028328268917
                ]
              ]
            }
          },
          {
            "endpoints": [
              5,
              6
            ],
            "curvature": {
              "type": "quadratic",
              "params": [
                [
                  0.498554538641899,
                  -0.036687515708356835
                ]
              ]
            }
          },
          {
            "endpoints": [
              6,
              7
            ]
          },
          {
            "endpoints": [
              7,
              8
            ],
            "curvature": {
              "type": "quadratic",
              "params": [
                [
                  0.5014454624563581,
                  -0.03668751567553965
                ]
              ]
            }
          },
          {
            "endpoints": [
              8,
              9
            ],
            "curvature": {
              "type": "quadratic",
              "params": [
                [
                  0.31771277160276923,
                  0.002092274926087206
                ]
              ]
            }
          },
          {
            "endpoints": [
              9,
              0
            ],
            "curvature": {
              "type": "quadratic",
              "params": [
                [
                  0.41715947154388344,
                  0.0005813272795719536
                ]
              ]
            }
          }
        ],
        "label": "leg"
      },
      "skirt_back": {
        "translation": [
          -27.856014716939082,
          10.603234883348534,
          -20.0
        ],
        "rotation": [
          0.0,
          0.0,
          0.0
        ],