population_size,elite_size,mutation_rate,pmx,generations,allow_dups,best_fitness,avg_child_fitness,success_ratio,survival_rate,delta_best,crossover_gain,mutation_gain,elapsed_sec
10,3,0.1,False,150,False,0.6290566255920208,0.5886279302312827,0.0,1.0,0.0,-0.006516648896813725,0.0,2196.4188709259033
10,15,0.1,False,150,False,0.48189654074260946,0.0,0.0,1.0,0.0,0.0,0.0,12.774866104125977
100,3,0.1,False,150,False,0.6164841567464645,0.5540211502793543,0.25773195876288657,1.0,0.0,-0.0005929543173491373,-0.0030957171435301856,23785.677274227142
100,15,0.1,False,150,False,0.6654578413152223,0.5990186601313522,0.09411764705882353,0.9333333333333333,0.0,-0.00819346206794261,-0.017770849206681223,51227.94427585602
