{
  "pattern": {
    "panels": {
      "skirt_back": {
        "translation": [
          -27.0,
          6.772500000000008,
          -20.0
        ],
        "rotation": [
          0.0,
          0.0,
          0.0
        ],
        "vertices": [
          [
            0.0,
            0.0
          ],
          [
            0.0,
            4.228059573861174
          ],
          [
            0,
            78.92598379077148
          ],
          [
            2.0054830398175802,
            102.16430002586223
          ],
          [
            10.628589052678372,
            102.16430002586223
          ],
          [
            11.975310603076629,
            84.28825590983465
          ],
          [
            13.322032153474886,
            102.16430002586223
          ],
          [
            17.880582098979012,
            102.16430002586223
          ],
          [
            19.22730364937727,
            82.29132226755121
          ],
          [
            20.574025199775527,
            102.16430002586223
          ],
          [
            34.24967515749002,
            102.16430002586223
          ],
          [
            35.596396707888275,
            82.29132226755121
          ],
          [
            36.94311825828653,
            102.16430002586223
          ],
          [
            41.501668119039564,
            102.16430002586223
          ],
          [
            42.84838966943782,
            84.28825590983465
          ],
          [
            44.19511121983608,
            102.16430002586223
          ],
          [
            52.81821696018242,
            102.16430002586223
          ],
          [
            54.8237,
            78.92598379077148
          ],
          [
            54.8237,
            0.0
          ],
          [
            28.411849730593072,
            0.0
          ],
          [
            27.411849730593076,
            20.471875181319604
          ],
          [
            26.411849730593072,
            0.0
          ]
        ],
        "edges": [
          {
            "endpoints": [
              0,
              1
            ]
          },
          {
            "endpoints": [
              1,
              2
            ]
          },
          {
            "endpoints": [
              2,
              3
            ],
            "curvature": {
              "type": "quadratic",
              "params": [
                [
                  0.49804539632017875,
                  0.042981660139820854
                ]
              ]
            }
          },
          {
            "endpoints": [
              3,
              4
            ],
            "label": "lower_interface"
          },
          {
            "endpoints": [
              4,
              5
            ]
          },
          {
            "endpoints": [
              5,
              6
            ]
          },
          {
            "endpoints": [
              6,
              7
            ],
            "label": "lower_interface"
          },
          {
            "endpoints": [
              7,
              8
            ]
          },
          {
            "endpoints": [
              8,
              9
            ]
          },
          {
            "endpoints": [
              9,
              10
            ],
            "label": "lower_interface"
          },
          {
            "endpoints": [
              10,
              11
            ]
          },
          {
            "endpoints": [
              11,
              12
            ]
          },
          {
            "endpoints": [
              12,
              13
            ],
            "label": "lower_interface"
          },
          {
            "endpoints": [
              13,
              14
            ]
          },
          {
            "endpoints": [
              14,
              15
            ]
          },
          {
            "endpoints": [
              15,
              16
            ],
            "label": "lower_interface"
          },
          {
            "endpoints": [
              16,
              17
            ],
            "curvature": {
              "type": "quadratic",
              "params": [
                [
                  0.5019546013841197,
                  0.04298166026144428
                ]
              ]
            }
          },
          {
            "endpoints": [
              17,
              18
            ]
          },
          {
            "endpoints": [
              18,
              19
            ]
          },
          {
            "endpoints": [
              19,
              20
            ]
          },
          {
            "endpoints": [
              20,
              21
            ]
          },
          {
            "endpoints": [
              21,
              0
            ]
          }
        ],
        "label": "leg"
      },
      "skirt_front": {
        "translation": [
          -24.0,
          7.772500000000008,
          25.0
        ],
        "rotation": [
          0.0,
          0.0,
          0.0
        ],
        "vertices": [
          [
            0.0,
            0.0
          ],
          [
            48.65429999999999,
            0.0
          ],
          [
            48.65429999999999,
            78.92598379077148
          ],
          [
            47.025640599501045,
            101.05771353847695
          ],
          [
            1.6286594004989503,
            101.05771353847695
          ],
          [
            0,
            78.92598379077148
          ],
          [
            0.0,
            4.228059573861174
          ]
        ],
        "edges": [
          {
            "endpoints": [
              0,
              1
            ]
          },
          {
            "endpoints": [
              1,
              2
            ]
          },
          {
            "endpoints": [
              2,
              3
            ],
            "curvature": {
              "type": "quadratic",
              "params": [
                [
                  0.49855453864191623,
                  -0.03668751570831611
                ]
              ]
            }
          },
          {
            "endpoints": [
              3,
              4
            ],
            "label": "lower_interface"
          },
          {
            "endpoints": [
              4,
              5
            ],
            "curvature": {
              "type": "quadratic",
              "params": [
                [
                  0.5014454625800404,
                  -0.03668751566631723
                ]
              ]
            }
          },
          {
            "endpoints": [
              5,
              6
            ]
          },
          {
            "endpoints": [
              6,
              0
            ]
          }
        ],
        "label": "leg"
      }
    },
    "stitches": [
      [
        {
          "panel": "skirt_back",
          "edge": 4
        },
        {
          "panel": "skirt_back",
          "edge": 5
        }
      ],
      [
        {
          "panel": "skirt_back",
          "edge": 7
        },
        {
          "panel": "skirt_back",
          "edge": 8
        }
      ],
      [
        {
          "panel": "skirt_back",
          "edge": 10
        },
        {
          "panel": "skirt_back",
          "edge": 11
        }
      ],
      [
        {
          "panel": "skirt_back",
          "edge": 13
        },
        {
          "panel": "skirt_back",
          "edge": 14
        }
      ],
      [
        {
          "panel": "skirt_front",
          "edge": 5
        },
        {
          "panel": "skirt_back",
          "edge": 1
        }
      ],
      [
        {
          "panel": "skirt_front",
          "edge": 4
        },
        {
          "panel": "skirt_back",