{
  "pattern": {
    "panels": {
      "skirt_back": {
        "translation": [
          -27.0,
          25.94593141498561,
          -20.0
        ],
        "rotation": [
          0.0,
          0.0,
          0.0
        ],
        "vertices": [
          [
            0.0,
            -0.8265685850143996
          ],
          [
            0.0,
            32.01503615477944
          ],
          [
            0,
            67.2539376504266
          ],
          [
            1.2851747480998306,
            82.145760029744
          ],
          [
            12.563394152433936,
            82.145760029744
          ],
          [
            13.42641442980867,
            70.69024530451006
          ],
          [
            14.289434707183402,
            82.145760029744
          ],
          [
            18.847984642836156,
            82.145760029744
          ],
          [
            19.71100492021089,
            69.41054927131543
          ],
          [
            20.57402519758562,
            82.145760029744
          ],
          [
            34.249675168692576,
            82.145760029744
          ],
          [
            35.112695446067306,
            69.41054927131543
          ],
          [
            35.97571572344204,
            82.145760029744
          ],
          [
            40.534265510955606,
            82.145760029744
          ],
          [
            41.397285788330336,
            70.69024530451006
          ],
          [
            42.260306065705066,
            82.145760029744
          ],
          [
            53.538525251900175,
            82.145760029744
          ],
          [
            54.8237,
            67.2539376504266
          ],
          [
            54.8237,
            50.341716184615
          ],
          [
            54.8237,
            10.8265685850144
          ],
          [
            28.389997331253234,
            5.20791163353789
          ],
          [
            16.713218389892365,
            55.33310307804407
          ],
          [
            26.433702129785623,
            4.792088251902371
          ]
        ],
        "edges": [
          {
            "endpoints": [
              0,
              1
            ]
          },
          {
            "endpoints": [
              1,
              2
            ]
          },
          {
            "endpoints": [
              2,
              3
            ],
            "curvature": {
              "type": "quadratic",
              "params": [
                [
                  0.49804539636777306,
                  0.04298166014392841
                ]
              ]
            }
          },
          {
            "endpoints": [
              3,
              4
            ],
            "label": "lower_interface"
          },
          {
            "endpoints": [
              4,
              5
            ]
          },
          {
            "endpoints": [
              5,
              6
            ]
          },
          {
            "endpoints": [
              6,
              7
            ],
            "label": "lower_interface"
          },
          {
            "endpoints": [
              7,
              8
            ]
          },
          {
            "endpoints": [
              8,
              9
            ]
          },
          {
            "endpoints": [
              9,
              10
            ],
            "label": "lower_interface"
          },
          {
            "endpoints": [
              10,
              11
            ]
          },
          {
            "endpoints": [
              11,
              12
            ]
          },
          {
            "endpoints": [
              12,
              13
            ],
            "label": "lower_interface"
          },
          {
            "endpoints": [
              13,
              14
            ]
          },
          {
            "endpoints": [
              14,
              15
            ]
          },
          {
            "endpoints": [
              15,
              16
            ],
            "label": "lower_interface"
          },
          {
            "endpoints": [
              16,
              17
            ],
            "curvature": {
              "type": "quadratic",
              "params": [
                [
                  0.5019546014331798,
                  0.04298166025720973
                ]
              ]
            }
          },
          {
            "endpoints": [
              17,
              18
            ]
          },
          {
            "endpoints": [
              18,
              19
            ]
          },
          {
            "endpoints": [
              19,
              20
            ]
          },
          {
            "endpoints": [
              20,
              21
            ]
          },
          {
            "endpoints": [
              21,
              22
            ]
          },
          {
            "endpoints": [
              22,
              0
            ]
          }
        ],
        "label": "leg"
      },
      "skirt_front": {
        "translation": [
          -24.0,
          27.601604640769125,
          25.0
        ],
        "rotation": [
          0.0,
          0.0,
          0.0
        ],
        "vertices": [
          [
            0.0,
            -0.17089535923088306
          ],
          [
            23.34900214882593,
            4.792088255949523
          ],
          [
            23.135958035166492,
            10.604116352463024
          ],
          [
            25.305297350293543,
            5.207911637585042
          ],
          [
            48.65429999999999,
            10.170895359230883
          ],
          [
            48.65429999999999,
            50.14520000838145
          ],
          [
            48.65429999999999,
            67.2539376504266
          ],
          [
            47.61060534229446,
            81.43662563072888
          ],
          [
            1.0436946577055295,
            81.43662563072888
          ],
          [
            0,
            67.2539376504266
          ],
          [
            0.0,
            32.35441677185086
          ]
        ],
        "edges": [
          {
            "endpoints": [
              0,
              1
            ]
          },
          {
            "endpoints": [
              1,
              2
            ]
          },
          {
            "endpoints": [
              2,
              3
            ]
          },
          {
            "endpoints": [
              3,
              4
            ]
          },
          {
            "endpoints": [
              4,
              5
            ]
          },
          {
            "endpoints": [
              5,
              6
            ]
          },
          {
            "endpoints": [
              6,
              7
            ],
            "curvature": {
              "type": "quadratic",
              "params": [
                [
                  0.4985545386249838,
                  -0.036687515706971194
                ]
              ]
            }
          },
          {
            "endpoints": [
              7,
              8
            ],
            "label": "lower_interface"
          },
          {
            "endpoints": [
              8,
              9
            ],
            "curvature": {
              "type": "quadratic",
              "params": [
                [
                  0.5014454624852418,
                  -0.03668751567337465
                ]
              ]
            }
          },
          {
            "endpoints": [
              9,
              10
            ]
          },
          {
            "endpoints": [
              10,
              0
            ]
          }
        ],
        "label": "leg"
      }
    },