{
  "pattern": {
    "panels": {
      "skirt_back": {
        "translation": [
          -36.3328764136627,
          15.772500000000008,
          -20.0
        ],
        "rotation": [
          0.0,
          0.0,
          0.0
        ],
        "vertices": [
          [
            -0.33287641366270293,
            0.0
          ],
          [
            9,
            68.83917833094743
          ],
          [
            11.127992822930928,
            93.49706333094744
          ],
          [
            19.29951807728598,
            93.49706333094744
          ],
          [
            20.72850737155325,
            74.52901781470939
          ],
          [
            22.157496665820517,
            93.49706333094744
          ],
          [
            26.716046605358557,
            93.49706333094744
          ],
          [
            28.145035899625825,
            72.41009664994351
          ],
          [
            29.574025193893092,
            93.49706333094744
          ],
          [
            43.24967517337137,
            93.49706333094744
          ],
          [
            44.67866446763864,
            72.41009664994351
          ],
          [
            46.10765376190591,
            93.49706333094744
          ],
          [
            50.66620363029078,
            93.49706333094744
          ],
          [
            52.09519292455805,
            74.52901781470939
          ],
          [
            53.52418221882532,
            93.49706333094744
          ],
          [
            61.695707177069075,
            93.49706333094744
          ],
          [
            63.8237,
            68.83917833094743
          ],
          [
            73.1565764136627,
            0.0
          ],
          [
            37.41184963218407,
            0.0
          ],
          [
            36.41184963218408,
            58.762263501163794
          ],
          [
            35.41184963218407,
            0.0
          ]
        ],
        "edges": [
          {
            "endpoints": [
              0,
              1
            ],
            "curvature": {
              "type": "quadratic",
              "params": [
                [
                  0.7521451555446333,
                  -0.03360278356566753
                ]
              ]
            }
          },
          {
            "endpoints": [
              1,
              2
            ],
            "curvature": {
              "type": "quadratic",
              "params": [
                [
                  0.4980453961474161,
                  0.04298166012491112
                ]
              ]
            }
          },
          {
            "endpoints": [
              2,
              3
            ],
            "label": "lower_interface"
          },
          {
            "endpoints": [
              3,
              4
            ]
          },
          {
            "endpoints": [
              4,
              5
            ]
          },
          {
            "endpoints": [
              5,
              6
            ],
            "label": "lower_interface"
          },
          {
            "endpoints": [
              6,
              7
            ]
          },
          {
            "endpoints": [
              7,
              8
            ]
          },
          {
            "endpoints": [
              8,
              9
            ],
            "label": "lower_interface"
          },
          {
            "endpoints": [
              9,
              10
            ]
          },
          {
            "endpoints": [
              10,
              11
            ]
          },
          {
            "endpoints": [
              11,
              12
            ],
            "label": "lower_interface"
          },
          {
            "endpoints": [
              12,
              13
            ]
          },
          {
            "endpoints": [
              13,
              14
            ]
          },
          {
            "endpoints": [
              14,
              15
            ],
            "label": "lower_interface"
          },
          {
            "endpoints": [
              15,
              16
            ],
            "curvature": {
              "type": "quadratic",
              "params": [
                [
                  0.5019546015423779,
                  0.042981660247787885
                ]
              ]
            }
          },
          {
            "endpoints": [
              16,
              17
            ],
            "curvature": {
              "type": "quadratic",
              "params": [
                [
                  0.24785482882447768,
                  -0.033602782191358545
                ]
              ]
            }
          },
          {
            "endpoints": [
              17,
              18
            ]
          },
          {
            "endpoints": [
              18,
              19
            ]
          },
          {
            "endpoints": [
              19,
              20
            ]
          },
          {
            "endpoints": [
              20,
              0
            ]
          }
        ],
        "label": "leg"
      },
      "skirt_front": {
        "translation": [
          -33.33287641366271,
          16.772500000000008,
          25.0
        ],
        "rotation": [
          0.0,
          0.0,
          0.0
        ],
        "vertices": [
          [
            -0.33287641366271004,
            0.0
          ],
          [
            32.32714965455734,
            0.0
          ],
          [
            33.32714965455734,
            0.989579273985612
          ],
          [
            34.32714965455734,
            0.0
          ],
          [
            66.9871764136627,
            0.0
          ],
          [
            57.65429999999999,
            68.83917833094743
          ],
          [
            55.92614999999999,
            92.32287833094743
          ],
          [
            10.72815,
            92.32287833094743
          ],
          [
            9,
            68.83917833094743
          ]
        ],
        "edges": [
          {
            "endpoints": [
              0,
              1
            ]
          },
          {
            "endpoints": [
              1,
              2
            ]
          },
          {
            "endpoints": [
              2,
              3
            ]
          },
          {
            "endpoints": [
              3,
              4
            ]
          },
          {
            "endpoints": [
              4,
              5
            ],
            "curvature": {
              "type": "quadratic",
              "params": [
                [
                  0.7521451712089794,
                  0.03360278218681932
                ]
              ]
            }
          },
          {
            "endpoints": [
              5,
              6
            ],
            "curvature": {
              "type": "quadratic",
              "params": [
                [
                  0.4985545385734096,
                  -0.03668751570317946
                ]
              ]
            }
          },
          {
            "endpoints": [
              6,
              7
            ],
            "label": "lower_interface"
          },
          {
            "endpoints": [
              7,
              8
            ],
            "curvature": {
              "type": "quadratic",
              "params": [
                [
                  0.5014454625191118,
                  -0.03668751567083784
                ]
              ]
            }
          },
          {
            "endpoints": [
              8,
              0
            ],
            "curvature": {
              "type": "quadratic",