{
  "pattern": {
    "panels": {
      "skirt_back": {
        "translation": [
          -35.693304968997865,
          54.77250000000001,
          -20.0
        ],
        "rotation": [
          0.0,
          0.0,
          0.0
        ],
        "vertices": [
          [
            -0.6933049689978645,
            0.0
          ],
          [
            8,
            36.93153356393756
          ],
          [
            9.54524507061457,
            54.836892471845765
          ],
          [
            19.864824673092052,
            54.836892471845765
          ],
          [
            20.90248731891159,
            41.06321874639116
          ],
          [
            21.940149964731127,
            54.836892471845765
          ],
          [
            26.49869990721032,
            54.836892471845765
          ],
          [
            27.536362553029857,
            39.524561073492784
          ],
          [
            28.574025198849395,
            54.836892471845765
          ],
          [
            42.24967515953291,
            54.836892471845765
          ],
          [
            43.28733780535245,
            39.524561073492784
          ],
          [
            44.32500045117199,
            54.836892471845765
          ],
          [
            48.88355025531557,
            54.836892471845765
          ],
          [
            49.92121290113511,
            41.06321874639116
          ],
          [
            50.958875546954644,
            54.836892471845765
          ],
          [
            61.27845492938543,
            54.836892471845765
          ],
          [
            62.8237,
            36.93153356393756
          ],
          [
            71.51700496899787,
            0.0
          ],
          [
            36.41184963062731,
            0.0
          ],
          [
            35.411849630627316,
            33.17310406429429
          ],
          [
            34.41184963062731,
            0.0
          ]
        ],
        "edges": [
          {
            "endpoints": [
              0,
              1
            ],
            "curvature": {
              "type": "quadratic",
              "params": [
                [
                  0.7527393999656516,
                  -0.058202953287707075
                ]
              ]
            }
          },
          {
            "endpoints": [
              1,
              2
            ],
            "curvature": {
              "type": "quadratic",
              "params": [
                [
                  0.4980453962581381,
                  0.04298166013446693
                ]
              ]
            }
          },
          {
            "endpoints": [
              2,
              3
            ],
            "label": "lower_interface"
          },
          {
            "endpoints": [
              3,
              4
            ]
          },
          {
            "endpoints": [
              4,
              5
            ]
          },
          {
            "endpoints": [
              5,
              6
            ],
            "label": "lower_interface"
          },
          {
            "endpoints": [
              6,
              7
            ]
          },
          {
            "endpoints": [
              7,
              8
            ]
          },
          {
            "endpoints": [
              8,
              9
            ],
            "label": "lower_interface"
          },
          {
            "endpoints": [
              9,
              10
            ]
          },
          {
            "endpoints": [
              10,
              11
            ]
          },
          {
            "endpoints": [
              11,
              12
            ],
            "label": "lower_interface"
          },
          {
            "endpoints": [
              12,
              13
            ]
          },
          {
            "endpoints": [
              13,
              14
            ]
          },
          {
            "endpoints": [
              14,
              15
            ],
            "label": "lower_interface"
          },
          {
            "endpoints": [
              15,
              16
            ],
            "curvature": {
              "type": "quadratic",
              "params": [
                [
                  0.5019546014281809,
                  0.04298166025764146
                ]
              ]
            }
          },
          {
            "endpoints": [
              16,
              17
            ],
            "curvature": {
              "type": "quadratic",
              "params": [
                [
                  0.24726058191271372,
                  -0.05820295133700504
                ]
              ]
            }
          },
          {
            "endpoints": [
              17,
              18
            ]
          },
          {
            "endpoints": [
              18,
              19
            ]
          },
          {
            "endpoints": [
              19,
              20
            ]
          },
          {
            "endpoints": [
              20,
              0
            ]
          }
        ],
        "label": "leg"
      },
      "skirt_front": {
        "translation": [
          -32.69330496899786,
          55.77250000000001,
          25.0
        ],
        "rotation": [
          0.0,
          0.0,
          0.0
        ],
        "vertices": [
          [
            -0.6933049689978574,
            0.0
          ],
          [
            31.32714966386969,
            0.0
          ],
          [
            32.32714966386969,
            5.6039643422804275
          ],
          [
            33.32714966386969,
            0.0
          ],
          [
            65.34760496899784,
            0.0
          ],
          [
            56.65429999999999,
            36.93153356393756
          ],
          [
            55.39940137440004,
            53.98425633337395
          ],
          [
            9.25489862559995,
            53.98425633337395
          ],
          [
            8,
            36.93153356393756
          ]
        ],
        "edges": [
          {
            "endpoints": [
              0,
              1
            ]
          },
          {
            "endpoints": [
              1,
              2
            ]
          },
          {
            "endpoints": [
              2,
              3
            ]
          },
          {
            "endpoints": [
              3,
              4
            ]
          },
          {
            "endpoints": [
              4,
              5
            ],
            "curvature": {
              "type": "quadratic",
              "params": [
                [
                  0.7527394182700192,
                  0.05820295129412068
                ]
              ]
            }
          },
          {
            "endpoints": [
              5,
              6
            ],
            "curvature": {
              "type": "quadratic",
              "params": [
                [
                  0.4985545386416077,
                  -0.03668751570826963
                ]
              ]
            }
          },
          {
            "endpoints": [
              6,
              7
            ],
            "label": "lower_interface"
          },
          {
            "endpoints": [
              7,
              8
            ],
            "curvature": {
              "type": "quadratic",
              "params": [
                [
                  0.5014454624563085,
                  -0.0366875156755459
                ]
              ]
            }
          },
          {
            "endpoints": [
              8,
              0
            ],
            "curvature": {
              "type": "quadratic",