{
  "pattern": {
    "panels": {
      "skirt_back": {
        "translation": [
          -27.41185,
          32.50003411329632,
          -20.0
        ],
        "rotation": [
          0.0,
          0.0,
          0.0
        ],
        "vertices": [
          [
            0.0,
            0.0
          ],
          [
            0.0,
            35.196382416758134
          ],
          [
            0,
            39.45930172111147
          ],
          [
            2.1279928229309277,
            64.11718672111147
          ],
          [
            10.299518077285981,
            64.11718672111147
          ],
          [
            11.728507371553249,
            45.149141204873416
          ],
          [
            13.157496665820517,
            64.11718672111147
          ],
          [
            17.716046605358557,
            64.11718672111147
          ],
          [
            19.145035899625825,
            43.030220040107544
          ],
          [
            20.574025193893092,
            64.11718672111147
          ],
          [
            34.24967517337137,
            64.11718672111147
          ],
          [
            35.67866446763864,
            43.030220040107544
          ],
          [
            37.10765376190591,
            64.11718672111147
          ],
          [
            41.66620363029078,
            64.11718672111147
          ],
          [
            43.09519292455805,
            45.149141204873416
          ],
          [
            44.52418221882532,
            64.11718672111147
          ],
          [
            52.695707177069075,
            64.11718672111147
          ],
          [
            54.8237,
            39.45930172111147
          ],
          [
            54.8237,
            14.658273379802289
          ],
          [
            54.8237,
            0.0
          ]
        ],
        "edges": [
          {
            "endpoints": [
              0,
              1
            ]
          },
          {
            "endpoints": [
              1,
              2
            ]
          },
          {
            "endpoints": [
              2,
              3
            ],
            "curvature": {
              "type": "quadratic",
              "params": [
                [
                  0.4980453961471247,
                  0.04298166012488582
                ]
              ]
            }
          },
          {
            "endpoints": [
              3,
              4
            ]
          },
          {
            "endpoints": [
              4,
              5
            ]
          },
          {
            "endpoints": [
              5,
              6
            ]
          },
          {
            "endpoints": [
              6,
              7
            ]
          },
          {
            "endpoints": [
              7,
              8
            ]
          },
          {
            "endpoints": [
              8,
              9
            ]
          },
          {
            "endpoints": [
              9,
              10
            ]
          },
          {
            "endpoints": [
              10,
              11
            ]
          },
          {
            "endpoints": [
              11,
              12
            ]
          },
          {
            "endpoints": [
              12,
              13
            ]
          },
          {
            "endpoints": [
              13,
              14
            ]
          },
          {
            "endpoints": [
              14,
              15
            ]
          },
          {
            "endpoints": [
              15,
              16
            ]
          },
          {
            "endpoints": [
              16,
              17
            ],
            "curvature": {
              "type": "quadratic",
              "params": [
                [
                  0.5019546015423715,
                  0.042981660247787205
                ]
              ]
            }
          },
          {
            "endpoints": [
              17,
              18
            ]
          },
          {
            "endpoints": [
              18,
              19
            ]
          },
          {
            "endpoints": [
              19,
              0
            ]
          }
        ],
        "label": "leg"
      },
      "skirt_front": {
        "translation": [
          -24.41185,
          34.50003411329632,
          25.0
        ],
        "rotation": [
          0.0,
          0.0,
          0.0
        ],
        "vertices": [
          [
            0.0,
            0.0
          ],
          [
            48.65429999999999,
            0.0
          ],
          [
            48.65429999999999,
            14.658273379802289
          ],
          [
            48.65429999999999,
            39.45930172111147
          ],
          [
            46.92614999999999,
            62.94300172111147
          ],
          [
            1.7281499999999994,
            62.94300172111147
          ],
          [
            0,
            39.45930172111147
          ],
          [
            0.0,
            35.196382416758134
          ]
        ],
        "edges": [
          {
            "endpoints": [
              0,
              1
            ]
          },
          {
            "endpoints": [
              1,
              2
            ]
          },
          {
            "endpoints": [
              2,
              3
            ]
          },
          {
            "endpoints": [
              3,
              4
            ],
            "curvature": {
              "type": "quadratic",
              "params": [
                [
                  0.4985545385734096,
                  -0.03668751570317946
                ]
              ]
            }
          },
          {
            "endpoints": [
              4,
              5
            ]
          },
          {
            "endpoints": [
              5,
              6
            ],
            "curvature": {
              "type": "quadratic",
              "params": [
                [
                  0.5014454625191118,
                  -0.03668751567083784
                ]
              ]
            }
          },
          {
            "endpoints": [
              6,
              7
            ]
          },
          {
            "endpoints": [
              7,
              0
            ]
          }
        ],
        "label": "leg"
      },
      "wb_back": {
        "translation": [
          -23.113358470071017,
          108.77250000000001,
          -15.0
        ],
        "rotation": [
          0.0,
          0.0,
          0.0
        ],
        "vertices": [
          [
            -0.11335847007101663,
            0
          ],
          [
            46.11335847007102,
            0
          ],
          [
            47.847446340985414,
            -4.364894716204225
          ],
          [
            37.702406539085,
            -7.494236848493749
          ],
          [
            31.86730557711867,
            -8.53311160019976
          ],
          [
            14.13269489637516,
            -8.53311166313614
          ],
          [
            8.29759383673,
            -7.494236932628397
          ],
          [
            -1.8474463409854174,
            -4.364894716204225
          ]
        ],
        "edges": [
          {
            "endpoints": [
              0,
              1
            ],
            "label": "lower_interface",
            "curvature": {
              "type": "circle",