{
  "pattern": {
    "panels": {
      "wb_front": {
        "translation": [
          -22.564434728330426,
          108.77250000000001,
          20.0
        ],
        "rotation": [
          0.0,
          0.0,
          0.0
        ],
        "vertices": [
          [
            -0.5644347283304256,
            0
          ],
          [
            -0.9476609470546862,
            -3.9872416019840404
          ],
          [
            44.947660947054686,
            -3.9872416019840404
          ],
          [
            44.564434728330426,
            0
          ]
        ],
        "edges": [
          {
            "endpoints": [
              0,
              1
            ]
          },
          {
            "endpoints": [
              1,
              2
            ],
            "curvature": {
              "type": "circle",
              "params": [
                239.85705764134653,
                0,
                1
              ]
            }
          },
          {
            "endpoints": [
              2,
              3
            ]
          },
          {
            "endpoints": [
              3,
              0
            ],
            "label": "lower_interface",
            "curvature": {
              "type": "circle",
              "params": [
                235.85144184253616,
                0,
                0
              ]
            }
          }
        ],
        "label": "body"
      },
      "wb_back": {
        "translation": [
          -19.25240044515197,
          108.77250000000001,
          -15.0
        ],
        "rotation": [
          0.0,
          0.0,
          0.0
        ],
        "vertices": [
          [
            -0.25240044515197013,
            0
          ],
          [
            38.25240044515197,
            0
          ],
          [
            39.4811643020388,
            -3.8124922703290243
          ],
          [
            31.057219710787564,
            -5.933769778757515
          ],
          [
            26.25985925543368,
            -6.635618340040722
          ],
          [
            11.740141132954456,
            -6.635618382524356
          ],
          [
            6.942780599043587,
            -5.933769835644995
          ],
          [
            -1.481164302038799,
            -3.8124922703290243
          ]
        ],
        "edges": [
          {
            "endpoints": [
              0,
              1
            ],
            "label": "lower_interface",
            "curvature": {
              "type": "circle",
              "params": [
                62.76040669247954,
                0,
                1
              ]
            }
          },
          {
            "endpoints": [
              1,
              2
            ]
          },
          {
            "endpoints": [
              2,
              3
            ],
            "curvature": {
              "type": "circle",
              "params": [
                66.7660224912455,
                0,
                0
              ]
            }
          },
          {
            "endpoints": [
              3,
              4
            ],
            "curvature": {
              "type": "circle",
              "params": [
                66.76602249120664,
                0,
                0
              ]
            }
          },
          {
            "endpoints": [
              4,
              5
            ],
            "curvature": {
              "type": "circle",
              "params": [
                66.76602249123954,
                0,
                0
              ]
            }
          },
          {
            "endpoints": [
              5,
              6
            ],
            "curvature": {
              "type": "circle",
              "params": [
                66.76602249125447,
                0,
                0
              ]
            }
          },
          {
            "endpoints": [
              6,
              7
            ],
            "curvature": {
              "type": "circle",
              "params": [
                66.76602249123587,
                0,
                0
              ]
            }
          },
          {
            "endpoints": [
              7,
              0
            ]
          }
        ],
        "label": "body"
      },
      "skirt_back": {
        "translation": [
          -39.17267194667281,
          30.617431848787646,
          -20.0
        ],
        "rotation": [
          0.0,
          0.0,
          0.0
        ],
        "vertices": [
          [
            -0.7608219466728059,
            0.0
          ],
          [
            4.209269166637242,
            14.040670393630094
          ],
          [
            11,
            43.16228180972988
          ],
          [
            13.127992822930928,
            67.82016680972988
          ],
          [
            21.29951807728598,
            67.82016680972988
          ],
          [
            22.72850737155325,
            48.852121293491834
          ],
          [
            24.157496665820517,
            67.82016680972988
          ],
          [
            28.716046605358557,
            67.82016680972988
          ],
          [
            30.145035899625825,
            46.73320012872596
          ],
          [
            31.574025193893092,
            67.82016680972988
          ],
          [
            45.24967517337137,
            67.82016680972988
          ],
          [
            46.67866446763864,
            46.73320012872596
          ],
          [
            48.10765376190591,
            67.82016680972988
          ],
          [
            52.66620363029078,
            67.82016680972988
          ],
          [
            54.09519292455805,
            48.852121293491834
          ],
          [
            55.52418221882532,
            67.82016680972988
          ],
          [
            63.695707177069075,
            67.82016680972988
          ],
          [
            65.8237,
            43.16228180972988
          ],
          [
            77.58452194667281,
            0.0
          ],
          [
            39.41184960783397,
            0.0
          ],
          [
            38.41184960783397,
            27.191728921513317
          ],
          [
            37.41184960783397,
            0.0
          ]
        ],
        "edges": [
          {
            "endpoints": [
              0,
              1
            ],
            "curvature": {
              "type": "quadratic",
              "params": [
                [
                  0.5443595607051308,
                  -0.008447392058764392
                ]
              ]
            }
          },
          {
            "endpoints": [
              1,
              2
            ],
            "curvature": {
              "type": "quadratic",
              "params": [
                [
                  0.7152132931551447,
                  -0.06640822047188304
                ]
              ]
            }
          },
          {
            "endpoints": [
              2,
              3
            ],
            "curvature": {
              "type": "quadratic",