Generation,BestFitness,AvgChildFitness,SurvivalRate,DeltaBest,SuccessRatio,CrossoverGain,MutationGain
1,0.5947732601649702,0.4713841019016533,0.6666666666666666,0.0,0.23529411764705882,-0.01290853097341942,0.0
2,0.5947732601649702,0.4869792819271543,1.0,0.0,0.11764705882352941,-0.013508463260436414,0.017725388387082652
3,0.5947732601649702,0.49363906973284416,0.6666666666666666,0.0,0.11764705882352941,-0.018840737416088667,-0.02698091722253204
4,0.5947732601649702,0.483868204542172,1.0,0.0,0.17647058823529413,-0.03149714862557168,0.061475114721866675
5,0.6106988776005203,0.5028989792271892,0.3333333333333333,0.0159256174355501,0.23529411764705882,-0.011622607785938432,0.0
