{
  "pattern": {
    "panels": {
      "skirt_back": {
        "translation": [
          -37.61877782215855,
          33.77250000000001,
          -20.0
        ],
        "rotation": [
          0.0,
          0.0,
          0.0
        ],
        "vertices": [
          [
            -0.6187778221585489,
            0.0
          ],
          [
            10,
            50.96644608508191
          ],
          [
            12.127992822930928,
            75.6243310850819
          ],
          [
            20.29951807728598,
            75.6243310850819
          ],
          [
            21.72850737155325,
            56.656285568843856
          ],
          [
            23.157496665820517,
            75.6243310850819
          ],
          [
            27.716046605358557,
            75.6243310850819
          ],
          [
            29.145035899625825,
            54.537364404077984
          ],
          [
            30.574025193893092,
            75.6243310850819
          ],
          [
            44.24967517337137,
            75.6243310850819
          ],
          [
            45.67866446763864,
            54.537364404077984
          ],
          [
            47.10765376190591,
            75.6243310850819
          ],
          [
            51.66620363029078,
            75.6243310850819
          ],
          [
            53.09519292455805,
            56.656285568843856
          ],
          [
            54.52418221882532,
            75.6243310850819
          ],
          [
            62.695707177069075,
            75.6243310850819
          ],
          [
            64.8237,
            50.96644608508191
          ],
          [
            75.44247782215855,
            0.0
          ]
        ],
        "edges": [
          {
            "endpoints": [
              0,
              1
            ],
            "curvature": {
              "type": "quadratic",
              "params": [
                [
                  0.7530536738220063,
                  -0.05145121276856745
                ]
              ]
            }
          },
          {
            "endpoints": [
              1,
              2
            ],
            "curvature": {
              "type": "quadratic",
              "params": [
                [
                  0.4980453961471247,
                  0.04298166012488582
                ]
              ]
            }
          },
          {
            "endpoints": [
              2,
              3
            ],
            "label": "lower_interface"
          },
          {
            "endpoints": [
              3,
              4
            ]
          },
          {
            "endpoints": [
              4,
              5
            ]
          },
          {
            "endpoints": [
              5,
              6
            ],
            "label": "lower_interface"
          },
          {
            "endpoints": [
              6,
              7
            ]
          },
          {
            "endpoints": [
              7,
              8
            ]
          },
          {
            "endpoints": [
              8,
              9
            ],
            "label": "lower_interface"
          },
          {
            "endpoints": [
              9,
              10
            ]
          },
          {
            "endpoints": [
              10,
              11
            ]
          },
          {
            "endpoints": [
              11,
              12
            ],
            "label": "lower_interface"
          },
          {
            "endpoints": [
              12,
              13
            ]
          },
          {
            "endpoints": [
              13,
              14
            ]
          },
          {
            "endpoints": [
              14,
              15
            ],
            "label": "lower_interface"
          },
          {
            "endpoints": [
              15,
              16
            ],
            "curvature": {
              "type": "quadratic",
              "params": [
                [
                  0.5019546015423715,
                  0.042981660247787205
                ]
              ]
            }
          },
          {
            "endpoints": [
              16,
              17
            ],
            "curvature": {
              "type": "quadratic",
              "params": [
                [
                  0.246947264848081,
                  -0.05145107302137316
                ]
              ]
            }
          },
          {
            "endpoints": [
              17,
              0
            ]
          }
        ],
        "label": "leg"
      },
      "skirt_front": {
        "translation": [
          -34.618777822158556,
          34.77250000000001,
          25.0
        ],
        "rotation": [
          0.0,
          0.0,
          0.0
        ],
        "vertices": [
          [
            -0.618777822158556,
            0.0
          ],
          [
            69.27307782215854,
            0.0
          ],
          [
            58.65429999999999,
            50.96644608508191
          ],
          [
            56.92614999999999,
            74.45014608508191
          ],
          [
            11.72815,
            74.45014608508191
          ],
          [
            10,
            50.96644608508191
          ]
        ],
        "edges": [
          {
            "endpoints": [
              0,
              1
            ]
          },
          {
            "endpoints": [
              1,
              2
            ],
            "curvature": {
              "type": "quadratic",
              "params": [
                [
                  0.753052735226637,
                  0.05145107300580666
                ]
              ]
            }
          },
          {
            "endpoints": [
              2,
              3
            ],
            "curvature": {
              "type": "quadratic",
              "params": [
                [
                  0.4985545385734096,
                  -0.03668751570317946
                ]
              ]
            }
          },
          {
            "endpoints": [
              3,
              4
            ],
            "label": "lower_interface"
          },
          {
            "endpoints": [
              4,
              5
            ],
            "curvature": {
              "type": "quadratic",
              "params": [
                [
                  0.5014454625191118,
                  -0.03668751567083784
                ]
              ]
            }
          },
          {
            "endpoints": [
              5,
              0
            ],
            "curvature": {
              "type": "quadratic",
              "params": [
                [
                  0.24694632610514688,
                  0.051451212753421995
                ]
              ]
            }
          }
        ],
        "label": "leg"
      }
    },
    "stitches": [
      [
        {
          "panel": "skirt_back",
          "edge": 3
        },
        {
          "panel": "skirt_back",
          "edge": 4
        }
      ],
      [
        {
          "panel": "skirt_back",
          "edge": 6
        },
        {
          "panel": "skirt_back",
          "edge": 7
        }
      ],
      [
        {
          "panel": "skirt_back",
          "edge": 9
        },
        {
          "panel": "skirt_back",
          "edge": 10
        }
      ],
      [
        {
          "panel": "skirt_back",
          "edge": 12
        },
        {
          "panel": "skirt_back",
          "edge": 13
        }
      ],
      [
        {
          "panel": "skirt_front",
          "edge": 5
        },
        {
          "panel": "skirt_back",
          "edge": 0
        }
      ],
      [
        {
          "panel": "skirt_front",