{
  "pattern": {
    "panels": {
      "skirt_back": {
        "translation": [
          -27.991945267144366,
          7.73508693963656,
          -20.0
        ],
        "rotation": [
          0.0,
          0.0,
          0.0
        ],
        "vertices": [
          [
            -0.9919452671443665,
            -0.03741306036344838
          ],
          [
            -0.6652651274813479,
            21.18968143586892
          ],
          [
            0,
            83.13880123382694
          ],
          [
            1.5957821426346968,
            101.6297529579706
          ],
          [
            11.729078098764088,
            101.6297529579706
          ],
          [
            12.80067738859021,
            87.405612730935
          ],
          [
            13.87227667841633,
            101.6297529579706
          ],
          [
            18.430826619906107,
            101.6297529579706
          ],
          [
            19.50242590973223,
            85.81663342614257
          ],
          [
            20.57402519955835,
            101.6297529579706
          ],
          [
            34.24967516381698,
            101.6297529579706
          ],
          [
            35.3212744536431,
            85.81663342614257
          ],
          [
            36.392873743469224,
            101.6297529579706
          ],
          [
            40.95142354697268,
            101.6297529579706
          ],
          [
            42.0230228367988,
            87.405612730935
          ],
          [
            43.09462212662492,
            101.6297529579706
          ],
          [
            53.227917857365306,
            101.6297529579706
          ],
          [
            54.8237,
            83.13880123382694
          ],
          [
            55.76577393939012,
            14.730224112687168
          ],
          [
            55.81564526714437,
            12.037413060363448
          ],
          [
            28.389997316742036,
            6.207911630453452
          ],
          [
            20.636719572987772,
            37.87448120612474
          ],
          [
            26.433702115274425,
            5.792088248817919
          ]
        ],
        "edges": [
          {
            "endpoints": [
              0,
              1
            ],
            "curvature": {
              "type": "quadratic",
              "params": [
                [
                  0.53212205504565,
                  -0.00027159668529920967
                ]
              ]
            }
          },
          {
            "endpoints": [
              1,
              2
            ],
            "curvature": {
              "type": "quadratic",
              "params": [
                [
                  0.7251847538845917,
                  -0.002951219502216575
                ]
              ]
            }
          },
          {
            "endpoints": [
              2,
              3
            ],
            "curvature": {
              "type": "quadratic",
              "params": [
                [
                  0.4980453962580173,
                  0.04298166013445659
                ]
              ]
            }
          },
          {
            "endpoints": [
              3,
              4
            ],
            "label": "lower_interface"
          },
          {
            "endpoints": [
              4,
              5
            ]
          },
          {
            "endpoints": [
              5,
              6
            ]
          },
          {
            "endpoints": [
              6,
              7
            ],
            "label": "lower_interface"
          },
          {
            "endpoints": [
              7,
              8
            ]
          },
          {
            "endpoints": [
              8,
              9
            ]
          },
          {
            "endpoints": [
              9,
              10
            ],
            "label": "lower_interface"
          },
          {
            "endpoints": [
              10,
              11
            ]
          },
          {
            "endpoints": [
              11,
              12
            ]
          },
          {
            "endpoints": [
              12,
              13
            ],
            "label": "lower_interface"
          },
          {
            "endpoints": [
              13,
              14
            ]
          },
          {
            "endpoints": [
              14,
              15
            ]
          },
          {
            "endpoints": [
              15,
              16
            ],
            "label": "lower_interface"
          },
          {
            "endpoints": [
              16,
              17
            ],
            "curvature": {
              "type": "quadratic",
              "params": [
                [
                  0.5019546015423779,
                  0.042981660247787885
                ]
              ]
            }
          },
          {
            "endpoints": [
              17,
              18
            ],
            "curvature": {
              "type": "quadratic",
              "params": [
                [
                  0.25310436514077295,
                  -0.0034855770349403454
                ]
              ]
            }
          },
          {
            "endpoints": [
              18,
              19
            ],
            "curvature": {
              "type": "quadratic",
              "params": [
                [
                  0.4957183910047349,
                  -4.0115706673337345e-05
                ]
              ]
            }
          },
          {
            "endpoints": [
              19,
              20
            ]
          },
          {
            "endpoints": [
              20,
              21
            ]
          },
          {
            "endpoints": [
              21,
              22
            ]
          },
          {
            "endpoints": [
              22,
              0
            ]
          }
        ],
        "label": "leg"
      },
      "skirt_front": {
        "translation": [
          -24.991945267144366,
          9.390760165420076,
          25.0
        ],
        "rotation": [
          0.0,
          0.0,
          0.0
        ],
        "vertices": [
          [
            -0.9919452671443665,
            -0.3817398345799319
          ],
          [
            49.64624526714436,
            10.381739834579932
          ],
          [
            49.59637372764519,
            13.099386279073073
          ],
          [
            48.65429999999999,
            82.13880123382694
          ],
          [
            47.35836005129478,
            99.74923144729709
          ],
          [
            1.295939948705211,
            99.74923144729709
          ],
          [
            0,
            82.13880123382694
          ],
          [
            -0.6652658194591616,
            20.678009173368395
          ]
        ],
        "edges": [
          {
            "endpoints": [
              0,
              1
            ]
          },
          {
            "endpoints": [
              1,
              2
            ],
            "curvature": {
              "type": "quadratic",
              "params": [
                [
                  0.5042815869888638,
                  3.975019473225637e-05
                ]
              ]
            }
          },
          {
            "endpoints": [
              2,
              3
            ],
            "curvature": {
              "type": "quadratic",
              "params": [
                [
                  0.7468924009139342,
                  0.0034537716286901746
                ]
              ]
            }
          },
          {
            "endpoints": [
              3,
              4
            ],