{
  "pattern": {
    "panels": {
      "skirt_back": {
        "translation": [
          -20.81190228548144,
          26.772500000000008,
          -20.0
        ],
        "rotation": [
          0.0,
          0.0,
          0.0
        ],
        "vertices": [
          [
            -0.811902285481441,
            0.0
          ],
          [
            -7,
            65.28522317564075
          ],
          [
            -5.53882626549872,
            82.21641463554849
          ],
          [
            5.090646941080482,
            82.21641463554849
          ],
          [
            6.071854020900895,
            69.19211793468907
          ],
          [
            7.053061100721308,
            82.21641463554849
          ],
          [
            11.611611033878255,
            82.21641463554849
          ],
          [
            12.592818113698668,
            67.7371732008199
          ],
          [
            13.57402519351908,
            82.21641463554849
          ],
          [
            27.249675160026932,
            82.21641463554849
          ],
          [
            28.230882239847347,
            67.7371732008199
          ],
          [
            29.212089319667758,
            82.21641463554849
          ],
          [
            33.770639118981165,
            82.21641463554849
          ],
          [
            34.75184619880157,
            69.19211793468907
          ],
          [
            35.73305327862199,
            82.21641463554849
          ],
          [
            46.36252626549872,
            82.21641463554849
          ],
          [
            47.8237,
            65.28522317564075
          ],
          [
            41.63560228548144,
            0.0
          ],
          [
            41.13560209576095,
            0.0
          ],
          [
            34.56101800060047,
            26.509900866952762
          ],
          [
            27.986433905439995,
            0.0
          ],
          [
            26.986433845671243,
            0.0
          ],
          [
            20.41184975051076,
            26.509900866952762
          ],
          [
            13.837265655350285,
            0.0
          ],
          [
            12.837265620678094,
            0.0
          ],
          [
            6.2626815255176105,
            26.509900866952762
          ],
          [
            -0.31190256964286434,
            0.0
          ]
        ],
        "edges": [
          {
            "endpoints": [
              0,
              1
            ],
            "curvature": {
              "type": "quadratic",
              "params": [
                [
                  0.7501411279583671,
                  0.023682985564716496
                ]
              ]
            }
          },
          {
            "endpoints": [
              1,
              2
            ],
            "curvature": {
              "type": "quadratic",
              "params": [
                [
                  0.49804539632067096,
                  0.04298166013986349
                ]
              ]
            }
          },
          {
            "endpoints": [
              2,
              3
            ],
            "label": "lower_interface"
          },
          {
            "endpoints": [
              3,
              4
            ]
          },
          {
            "endpoints": [
              4,
              5
            ]
          },
          {
            "endpoints": [
              5,
              6
            ],
            "label": "lower_interface"
          },
          {
            "endpoints": [
              6,
              7
            ]
          },
          {
            "endpoints": [
              7,
              8
            ]
          },
          {
            "endpoints": [
              8,
              9
            ],
            "label": "lower_interface"
          },
          {
            "endpoints": [
              9,
              10
            ]
          },
          {
            "endpoints": [
              10,
              11
            ]
          },
          {
            "endpoints": [
              11,
              12
            ],
            "label": "lower_interface"
          },
          {
            "endpoints": [
              12,
              13
            ]
          },
          {
            "endpoints": [
              13,
              14
            ]
          },
          {
            "endpoints": [
              14,
              15
            ],
            "label": "lower_interface"
          },
          {
            "endpoints": [
              15,
              16
            ],
            "curvature": {
              "type": "quadratic",
              "params": [
                [
                  0.5019546013841197,
                  0.04298166026144426
                ]
              ]
            }
          },
          {
            "endpoints": [
              16,
              17
            ],
            "curvature": {
              "type": "quadratic",
              "params": [
                [
                  0.2498588654892238,
                  0.023682985257626386
                ]
              ]
            }
          },
          {
            "endpoints": [
              17,
              18
            ]
          },
          {
            "endpoints": [
              18,
              19
            ]
          },
          {
            "endpoints": [
              19,
              20
            ]
          },
          {
            "endpoints": [
              20,
              21
            ]
          },
          {
            "endpoints": [
              21,
              22
            ]
          },
          {
            "endpoints": [
              22,
              23
            ]
          },
          {
            "endpoints": [
              23,
              24
            ]
          },
          {
            "endpoints": [
              24,
              25
            ]
          },
          {
            "endpoints": [
              25,
              26
            ]
          },
          {
            "endpoints": [
              26,
              0
            ]
          }
        ],
        "label": "leg"
      },
      "skirt_front": {
        "translation": [
          -17.81190228548144,
          27.772500000000008,
          25.0
        ],
        "rotation": [
          0.0,
          0.0,
          0.0
        ],
        "vertices": [
          [
            -0.811902285481441,
            0.0
          ],
          [
            -0.3119021173636263,
            0.0
          ],
          [
            5.234448644463519,
            26.74393376500136
          ],
          [
            10.780799406290663,
            0.0
          ],
          [
            11.780799446169784,
            0.0
          ],
          [
            17.32715020799693,
            26.74393376500136
          ],
          [
            22.873500969824075,
            0.0
          ],
          [
            23.87350099094428,
            0.0
          ],
          [
            29.419851752771425,
            26.74393376500136
          ],
          [
            34.96620251459857,
            0.0
          ],
          [
            35.46620228548143,
            0.0
          ],
          [
            41.65429999999999,
            65.28522317564075
          ],
          [
            40.46767598413491,
            81.41016742317193
          ],
          [
            -5.813375984134915,
            81.41016742317193
          ],
          [
            -7,
            65.28522317564075
          ]
        ],