{
  "pattern": {
    "panels": {
      "wb_front": {
        "translation": [
          -22.571588035941797,
          108.77250000000001,
          20.0
        ],
        "rotation": [
          0.0,
          0.0,
          0.0
        ],
        "vertices": [
          [
            -0.5715880359417973,
            0
          ],
          [
            -1.6965146831089086,
            -13.151894417766213
          ],
          [
            45.69651468310891,
            -13.151894417766213
          ],
          [
            44.5715880359418,
            0
          ]
        ],
        "edges": [
          {
            "endpoints": [
              0,
              1
            ]
          },
          {
            "endpoints": [
              1,
              2
            ],
            "curvature": {
              "type": "circle",
              "params": [
                278.05546964735635,
                0,
                1
              ]
            }
          },
          {
            "endpoints": [
              2,
              3
            ]
          },
          {
            "endpoints": [
              3,
              0
            ],
            "label": "lower_interface",
            "curvature": {
              "type": "circle",
              "params": [
                264.85555348332076,
                0,
                0
              ]
            }
          }
        ],
        "label": "body"
      },
      "wb_back": {
        "translation": [
          -19.230919312196296,
          108.77250000000001,
          -15.0
        ],
        "rotation": [
          0.0,
          0.0,
          0.0
        ],
        "vertices": [
          [
            -0.23091931219629558,
            0
          ],
          [
            38.23091931219629,
            0
          ],
          [
            42.41173338901387,
            -12.520326688735432
          ],
          [
            32.79263434145536,
            -15.027664775305219
          ],
          [
            27.306787801828648,
            -15.857651867103982
          ],
          [
            10.693212642447051,
            -15.85765191734994
          ],
          [
            5.2073660126993815,
            -15.027664842570559
          ],
          [
            -4.411733389013868,
            -12.520326688735432
          ]
        ],
        "edges": [
          {
            "endpoints": [
              0,
              1
            ],
            "label": "lower_interface",
            "curvature": {
              "type": "circle",
              "params": [
                60.717008222369486,
                0,
                1
              ]
            }
          },
          {
            "endpoints": [
              1,
              2
            ]
          },
          {
            "endpoints": [
              2,
              3
            ],
            "curvature": {
              "type": "circle",
              "params": [
                73.91692438639352,
                0,
                0
              ]
            }
          },
          {
            "endpoints": [
              3,
              4
            ],
            "curvature": {
              "type": "circle",
              "params": [
                73.91692438643298,
                0,
                0
              ]
            }
          },
          {
            "endpoints": [
              4,
              5
            ],
            "curvature": {
              "type": "circle",
              "params": [
                73.91692438640882,
                0,
                0
              ]
            }
          },
          {
            "endpoints": [
              5,
              6
            ],
            "curvature": {
              "type": "circle",
              "params": [
                73.91692438645013,
                0,
                0
              ]
            }
          },
          {
            "endpoints": [
              6,
              7
            ],
            "curvature": {
              "type": "circle",
              "params": [
                73.91692438641235,
                0,
                0
              ]
            }
          },
          {
            "endpoints": [
              7,
              0
            ]
          }
        ],
        "label": "body"
      },
      "skirt_back": {
        "translation": [
          -32.028983589307074,
          43.95117554894563,
          -20.0
        ],
        "rotation": [
          0.0,
          0.0,
          0.0
        ],
        "vertices": [
          [
            -0.6171335893070733,
            -0.8021729683222247
          ],
          [
            4,
            20.025248850703107
          ],
          [
            6.127992822930928,
            44.68313385070311
          ],
          [
            14.299518077285981,
            44.68313385070311
          ],
          [
            15.728507371553249,
            25.715088334465054
          ],
          [
            17.157496665820517,
            44.68313385070311
          ],
          [
            21.716046605358557,
            44.68313385070311
          ],
          [
            23.145035899625825,
            23.596167169699186
          ],
          [
            24.574025193893092,
            44.68313385070311
          ],
          [
            38.24967517337137,
            44.68313385070311
          ],
          [
            39.67866446763864,
            23.596167169699186
          ],
          [
            41.10765376190591,
            44.68313385070311
          ],
          [
            45.66620363029078,
            44.68313385070311
          ],
          [
            47.09519292455805,
            25.715088334465054
          ],
          [
            48.52418221882532,
            44.68313385070311
          ],
          [
            56.695707177069075,
            44.68313385070311
          ],
          [
            58.8237,
            20.025248850703107
          ],
          [
            63.440833589307076,
            4.802172968322225
          ]
        ],
        "edges": [
          {
            "endpoints": [
              0,
              1
            ],
            "curvature": {
              "type": "quadratic",
              "params": [
                [
                  0.7529402570564525,
                  -0.05476951899355824
                ]
              ]
            }
          },
          {
            "endpoints": [
              1,
              2
            ],
            "curvature": {
              "type": "quadratic",