Generation,BestFitness,AvgFitness,SurvivalRate,AvgChildFitness,AllFitnesses
1,0.5848006731546669,0.48963273259514695,0.3333333333333333,0.46813305021731494,[0.5848006731546669, 0.5412447879331969, 0.49335051334240154, 0.4694316539987417, 0.46886192396134047, 0.4688619239613404, 0.4677050421507146, 0.46744830526059705, 0.4674483052605969, 0.46717419692787376]
2,0.5848006731546669,0.494589592508046,0.6666666666666666,0.4713480845948745,[0.5848006731546669, 0.5412447879331969, 0.5204138718284751, 0.49335051334240154, 0.46886192396134047, 0.4677050421507147, 0.46744830526059705, 0.46744830526059694, 0.46744830526059694, 0.46717419692787365]
3,0.5848006731546669,0.5036583245108951,1.0,0.48430341602751587,[0.5848006731546669, 0.5412447879331969, 0.5204138718284751, 0.5094493242661103, 0.5070608465670066, 0.5031555118686364, 0.4683874220417908, 0.46744830526059694, 0.46744830526059694, 0.4671741969278736]
4,0.5848006731546669,0.5075269342388502,0.6666666666666666,0.48429781222523477,[0.5848006731546669, 0.5591391957239938, 0.5412447879331969, 0.5204138718284751, 0.5005261529765944, 0.49930987442486124, 0.46831219556309195, 0.4671741969278737, 0.46717419692787365, 0.46717419692787365]
5,0.5848006731546669,0.5070401296091712,0.6666666666666666,0.4816338944454733,[0.5848006731546669, 0.5591391957239938, 0.5550241660947373, 0.5412447879331969, 0.48867240756938723, 0.47168527926901604, 0.46831219556309195, 0.4671741969278737, 0.46717419692787365, 0.46717419692787365]
