{
  "pattern": {
    "panels": {
      "wb_front": {
        "translation": [
          -22.565001190024535,
          108.77250000000001,
          20.0
        ],
        "rotation": [
          0.0,
          0.0,
          0.0
        ],
        "vertices": [
          [
            -0.5650011900245353,
            0
          ],
          [
            -1.0106611130225147,
            -4.675548509066443
          ],
          [
            45.010661113022515,
            -4.675548509066443
          ],
          [
            44.56500119002453,
            0
          ]
        ],
        "edges": [
          {
            "endpoints": [
              0,
              1
            ]
          },
          {
            "endpoints": [
              1,
              2
            ],
            "curvature": {
              "type": "circle",
              "params": [
                242.50574686848867,
                0,
                1
              ]
            }
          },
          {
            "endpoints": [
              2,
              3
            ]
          },
          {
            "endpoints": [
              3,
              0
            ],
            "label": "lower_interface",
            "curvature": {
              "type": "circle",
              "params": [
                237.80900686848858,
                0,
                0
              ]
            }
          }
        ],
        "label": "body"
      },
      "wb_back": {
        "translation": [
          -19.250809956528524,
          108.77250000000001,
          -15.0
        ],
        "rotation": [
          0.0,
          0.0,
          0.0
        ],
        "vertices": [
          [
            -0.2508099565285242,
            0
          ],
          [
            38.25080995652853,
            0
          ],
          [
            39.69510876295775,
            -4.469157368603966
          ],
          [
            31.18383499110573,
            -6.6180749244754296
          ],
          [
            26.336227598365376,
            -7.3290942548983296
          ],
          [
            11.66377279410039,
            -7.329094297937459
          ],
          [
            6.816165321961293,
            -6.618074982105668
          ],
          [
            -1.6951087629577515,
            -4.469157368603966
          ]
        ],
        "edges": [
          {
            "endpoints": [
              0,
              1
            ],
            "label": "lower_interface",
            "curvature": {
              "type": "circle",
              "params": [
                62.60203827126582,
                0,
                1
              ]
            }
          },
          {
            "endpoints": [
              1,
              2
            ]
          },
          {
            "endpoints": [
              2,
              3
            ],
            "curvature": {
              "type": "circle",
              "params": [
                67.29877827127542,
                0,
                0
              ]
            }
          },
          {
            "endpoints": [
              3,
              4
            ],
            "curvature": {
              "type": "circle",
              "params": [
                67.29877827128453,
                0,
                0
              ]
            }
          },
          {
            "endpoints": [
              4,
              5
            ],
            "curvature": {
              "type": "circle",
              "params": [
                67.29877827127001,
                0,
                0
              ]
            }
          },
          {
            "endpoints": [
              5,
              6
            ],
            "curvature": {
              "type": "circle",
              "params": [
                67.29877827121938,
                0,
                0
              ]
            }
          },
          {
            "endpoints": [
              6,
              7
            ],
            "curvature": {
              "type": "circle",
              "params": [
                67.29877827125867,
                0,
                0
              ]
            }
          },
          {
            "endpoints": [
              7,
              0
            ]
          }
        ],
        "label": "body"
      },
      "skirt_front": {
        "translation": [
          -16.891059725149045,
          26.28634112192057,
          25.0
        ],
        "rotation": [
          0.0,
          0.0,
          0.0
        ],
        "vertices": [
          [
            -0.4792097251490439,
            0.0
          ],
          [
            33.13350972514904,
            0.0
          ],
          [
            40.65429999999999,
            47.815712851639084
          ],
          [
            38.92614999999999,
            71.29941285163909
          ],
          [
            -6.271850000000001,
            71.29941285163909
          ],
          [
            -8,
            47.815712851639084
          ],
          [
            -3.22933968541399,
            13.554914430193207
          ]
        ],
        "edges": [
          {
            "endpoints": [
              0,
              1
            ]
          },
          {
            "endpoints": [
              1,
              2
            ],
            "curvature": {
              "type": "quadratic",
              "params": [
                [
                  0.7526386272239367,
                  -0.03890674420120309
                ]
              ]
            }
          },
          {
            "endpoints": [
              2,
              3
            ],
            "curvature": {
              "type": "quadratic",
              "params": [
                [
                  0.4985545385734096,
                  -0.03668751570317952
                ]
              ]
            }
          },
          {
            "endpoints": [
              3,
              4
            ]
          },
          {
            "endpoints": [
              4,
              5
            ],
            "curvature": {
              "type": "quadratic",
              "params": [
                [
                  0.5014454625191118,
                  -0.036687515670837945
                ]
              ]
            }
          },
          {
            "endpoints": [
              5,
              6
            ],
            "curvature": {
              "type": "quadratic",
              "params": [
                [
                  0.2763986272661886,
                  -0.038487266587680674
                ]
              ]
            }
          },
          {
            "endpoints": [
              6,
              0
            ],
            "curvature": {
              "type": "quadratic",
              "params": [
                [
                  0.46315379933949485,
                  -0.004018759970008188
                ]
              ]
            }
          }
        ],
        "label": "leg"
      },
      "skirt_back": {
        "translation": [
          -19.891059725149045,
          25.28634112192057,
          -20.0
        ],
        "rotation": [
          0.0,
          0.0,
          0.0
        ],