Generation,BestFitness,AvgFitness,SurvivalRate,AvgChildFitness,AllFitnesses
1,0.5205314462520476,0.4767684353328844,0.8,0.4673480171723254,[0.5205314462520476, 0.5031555118686362, 0.46937321041868524, 0.46896552490460747, 0.46891857402324005, 0.46744830526059694, 0.46744830526059694, 0.46744830526059694, 0.46722097315196237, 0.4671741969278736]
2,0.5372001437879668,0.48393754665126953,0.6,0.46793615960883833,[0.5372001437879668, 0.5205314462520476, 0.5031555118686362, 0.4694343561411678, 0.46937321041868524, 0.46896552490460747, 0.46891857402324005, 0.4674483052605969, 0.4671741969278736, 0.4671741969278736]
3,0.5439677170429513,0.49151836356969864,0.8,0.4681788921208431,[0.5439677170429513, 0.5372001437879668, 0.5205314462520476, 0.5031555118686362, 0.4694343561411678, 0.46937321041868524, 0.46919370584634545, 0.4677050421507146, 0.46744830526059694, 0.4671741969278737]
4,0.5439677170429513,0.49810270455529915,0.8,0.46792358532159184,[0.5439677170429513, 0.5372001437879668, 0.5365542999934293, 0.5205314462520476, 0.5031555118686362, 0.4694343561411678, 0.4681127630177242, 0.46744830526059694, 0.46744830526059694, 0.46717419692787365]
5,0.5439677170429513,0.503218484761528,0.8,0.4744346368273885,[0.5439677170429513, 0.5372001437879668, 0.5365542999934293, 0.5217580564019416, 0.5205314462520476, 0.5031555118686362, 0.4674483052605969, 0.46722097315196237, 0.4671741969278736, 0.4671741969278736]
