{
  "pattern": {
    "panels": {
      "wb_front": {
        "translation": [
          -22.565001190024535,
          108.77250000000001,
          20.0
        ],
        "rotation": [
          0.0,
          0.0,
          0.0
        ],
        "vertices": [
          [
            -0.5650011900245353,
            0
          ],
          [
            -1.0106611130225147,
            -4.675548509066443
          ],
          [
            45.010661113022515,
            -4.675548509066443
          ],
          [
            44.56500119002453,
            0
          ]
        ],
        "edges": [
          {
            "endpoints": [
              0,
              1
            ]
          },
          {
            "endpoints": [
              1,
              2
            ],
            "curvature": {
              "type": "circle",
              "params": [
                242.50574686848867,
                0,
                1
              ]
            }
          },
          {
            "endpoints": [
              2,
              3
            ]
          },
          {
            "endpoints": [
              3,
              0
            ],
            "label": "lower_interface",
            "curvature": {
              "type": "circle",
              "params": [
                237.80900686848858,
                0,
                0
              ]
            }
          }
        ],
        "label": "body"
      },
      "wb_back": {
        "translation": [
          -19.250809956528524,
          108.77250000000001,
          -15.0
        ],
        "rotation": [
          0.0,
          0.0,
          0.0
        ],
        "vertices": [
          [
            -0.2508099565285242,
            0
          ],
          [
            38.25080995652853,
            0
          ],
          [
            39.69510876295775,
            -4.469157368603966
          ],
          [
            31.003071205294574,
            -6.651095351167207
          ],
          [
            26.226621805945477,
            -7.3410231388929645
          ],
          [
            11.77337857297081,
            -7.341023179818052
          ],
          [
            6.996929082616894,
            -6.651095403354347
          ],
          [
            -1.6951087629577515,
            -4.469157368603966
          ]
        ],
        "edges": [
          {
            "endpoints": [
              0,
              1
            ],
            "label": "lower_interface",
            "curvature": {
              "type": "circle",
              "params": [
                62.60203827126582,
                0,
                1
              ]
            }
          },
          {
            "endpoints": [
              1,
              2
            ]
          },
          {
            "endpoints": [
              2,
              3
            ],
            "curvature": {
              "type": "circle",
              "params": [
                67.29877827125215,
                0,
                0
              ]
            }
          },
          {
            "endpoints": [
              3,
              4
            ],
            "curvature": {
              "type": "circle",
              "params": [
                67.29877827128446,
                0,
                0
              ]
            }
          },
          {
            "endpoints": [
              4,
              5
            ],
            "curvature": {
              "type": "circle",
              "params": [
                67.29877827127301,
                0,
                0
              ]
            }
          },
          {
            "endpoints": [
              5,
              6
            ],
            "curvature": {
              "type": "circle",
              "params": [
                67.29877827125523,
                0,
                0
              ]
            }
          },
          {
            "endpoints": [
              6,
              7
            ],
            "curvature": {
              "type": "circle",
              "params": [
                67.29877827126558,
                0,
                0
              ]
            }
          },
          {
            "endpoints": [
              7,
              0
            ]
          }
        ],
        "label": "body"
      },
      "skirt_front": {
        "translation": [
          -16.71796897089067,
          52.90091901138918,
          25.0
        ],
        "rotation": [
          0.0,
          0.0,
          0.0
        ],
        "vertices": [
          [
            -0.3061189708906724,
            0.0
          ],
          [
            15.327149833768203,
            0.0
          ],
          [
            16.327149833768203,
            3.9554914351077244
          ],
          [
            17.327149833768203,
            0.0
          ],
          [
            32.960418970890665,
            0.0
          ],
          [
            34.74153970864748,
            3.7727584777988383
          ],
          [
            40.65429999999999,
            22.115494033441497
          ],
          [
            38.99179593288804,
            44.70713640293319
          ],
          [
            -6.3374959328880465,
            44.70713640293319
          ],
          [
            -8,
            22.115494033441497
          ]
        ],
        "edges": [
          {
            "endpoints": [
              0,
              1
            ]
          },
          {
            "endpoints": [
              1,
              2
            ]
          },
          {
            "endpoints": [
              2,
              3
            ]
          },
          {
            "endpoints": [
              3,
              4
            ]
          },
          {
            "endpoints": [
              4,
              5
            ],
            "curvature": {
              "type": "quadratic",
              "params": [
                [
                  0.5219210168832851,
                  -0.005167418831314012
                ]
              ]
            }
          },
          {
            "endpoints": [
              5,
              6
            ],
            "curvature": {
              "type": "quadratic",
              "params": [
                [
                  0.7303777998838679,
                  -0.08691226910062684
                ]
              ]
            }
          },
          {
            "endpoints": [
              6,
              7
            ],
            "curvature": {
              "type": "quadratic",
              "params": [
                [
                  0.4985545386415807,
                  -0.03668751570828053
                ]
              ]
            }
          },
          {
            "endpoints": [
              7,
              8
            ]
          },
          {
            "endpoints": [
              8,
              9
            ],
            "curvature": {
              "type": "quadratic",
              "params": [
                [
                  0.5014454624563581,
                  -0.03668751567553975
                ]
              ]
            }
          },
          {
            "endpoints": [
              9,
              0
            ],
            "curvature": {
              "type": "quadratic",
              "params": [
                [
                  0.2511980134114459,
                  -0.0873905231979928
                ]
              ]
            }
          }
        ],
        "label": "leg"
      },
      "skirt_back": {
        "translation": [
          -19.71796897089067,
          51.90091901138918,
          -20.0
        ],
        "rotation": [
          0.0,
          0.0,
          0.0
        ],