{
  "pattern": {
    "panels": {
      "skirt_back": {
        "translation": [
          -20.105845371217782,
          34.48174497174233,
          -20.0
        ],
        "rotation": [
          0.0,
          0.0,
          0.0
        ],
        "vertices": [
          [
            -0.10584537121778226,
            -0.29075502825767785
          ],
          [
            -7,
            51.86771804090533
          ],
          [
            -5.031506468503583,
            74.67742237817323
          ],
          [
            3.7279458004900228,
            74.67742237817323
          ],
          [
            5.049828164016233,
            57.13108739927175
          ],
          [
            6.3717105275424455,
            74.67742237817323
          ],
          [
            10.93026047092882,
            74.67742237817323
          ],
          [
            12.252142834455032,
            55.170985578605105
          ],
          [
            13.574025197981243,
            74.67742237817323
          ],
          [
            27.24967516593193,
            74.67742237817323
          ],
          [
            28.57155752945814,
            55.170985578605105
          ],
          [
            29.893439892984354,
            74.67742237817323
          ],
          [
            34.451989738754946,
            74.67742237817323
          ],
          [
            35.77387210228116,
            57.13108739927175
          ],
          [
            37.09575446580737,
            74.67742237817323
          ],
          [
            45.85520646850358,
            74.67742237817323
          ],
          [
            47.8237,
            51.86771804090533
          ],
          [
            42.00749940516083,
            -9.45753440730887
          ],
          [
            40.929545371217785,
            -17.709244971742322
          ]
        ],
        "edges": [
          {
            "endpoints": [
              0,
              1
            ],
            "curvature": {
              "type": "quadratic",
              "params": [
                [
                  0.7520566212510076,
                  0.032772299091805755
                ]
              ]
            }
          },
          {
            "endpoints": [
              1,
              2
            ],
            "curvature": {
              "type": "quadratic",
              "params": [
                [
                  0.4980453962580173,
                  0.04298166013445659
                ]
              ]
            }
          },
          {
            "endpoints": [
              2,
              3
            ],
            "label": "lower_interface"
          },
          {
            "endpoints": [
              3,
              4
            ]
          },
          {
            "endpoints": [
              4,
              5
            ]
          },
          {
            "endpoints": [
              5,
              6
            ],
            "label": "lower_interface"
          },
          {
            "endpoints": [
              6,
              7
            ]
          },
          {
            "endpoints": [
              7,
              8
            ]
          },
          {
            "endpoints": [
              8,
              9
            ],
            "label": "lower_interface"
          },
          {
            "endpoints": [
              9,
              10
            ]
          },
          {
            "endpoints": [
              10,
              11
            ]
          },
          {
            "endpoints": [
              11,
              12
            ],
            "label": "lower_interface"
          },
          {
            "endpoints": [
              12,
              13
            ]
          },
          {
            "endpoints": [
              13,
              14
            ]
          },
          {
            "endpoints": [
              14,
              15
            ],
            "label": "lower_interface"
          },
          {
            "endpoints": [
              15,
              16
            ],
            "curvature": {
              "type": "quadratic",
              "params": [
                [
                  0.5019546015423392,
                  0.04298166024779144
                ]
              ]
            }
          },
          {
            "endpoints": [
              16,
              17
            ],
            "curvature": {
              "type": "quadratic",
              "params": [
                [
                  0.2604807302851773,
                  0.0247043813103277
                ]
              ]
            }
          },
          {
            "endpoints": [
              17,
              18
            ],
            "curvature": {
              "type": "quadratic",
              "params": [
                [
                  0.4859985583292814,
                  0.0009456727500879628
                ]
              ]
            }
          },
          {
            "endpoints": [
              18,
              0
            ]
          }
        ],
        "label": "leg"
      },
      "skirt_front": {
        "translation": [
          -17.105845371217782,
          34.172367506180564,
          25.0
        ],
        "rotation": [
          0.0,
          0.0,
          0.0
        ],
        "vertices": [
          [
            -0.10584537121778226,
            -0.6001324938194443
          ],
          [
            16.406644970399768,
            -7.609268796740423
          ],
          [
            19.76647660095986,
            -2.2533061663634157
          ],
          [
            18.24765467730465,
            -8.39073105371898
          ],
          [
            34.760145371217774,
            -15.399867506180556
          ],
          [
            35.838023489925476,
            -7.304409864844288
          ],
          [
            41.65429999999999,
            52.86771804090533
          ],
          [
            40.055679901380444,
            74.59124598116048
          ],
          [
            -5.4013799013804515,
            74.59124598116048
          ],
          [
            -7,
            52.86771804090533
          ]
        ],
        "edges": [
          {
            "endpoints": [
              0,
              1
            ]
          },
          {
            "endpoints": [
              1,
              2
            ]
          },
          {
            "endpoints": [
              2,
              3
            ]
          },
          {
            "endpoints": [
              3,
              4
            ]
          },
          {
            "endpoints": [
              4,
              5
            ],
            "curvature": {
              "type": "quadratic",
              "params": [
                [
                  0.5140036680559859,
                  -0.0009633443115873169
                ]
              ]
            }
          },
          {
            "endpoints": [
              5,
              6
            ],
            "curvature": {
              "type": "quadratic",
              "params": [
                [
                  0.7395724765901723,
                  -0.025172948149861093
                ]
              ]
            }
          },
          {
            "endpoints": [
              6,
              7
            ],
            "curvature": {
              "type": "quadratic",
              "params": [
                [
                  0.4985545385989284,
                  -0.036687515705078076
                ]
              ]
            }
          },
          {
            "endpoints": [
              7,
              8
            ],
            "label": "lower_interface"
          },
          {
            "endpoints": [
              8,
              9
            ],