{
  "pattern": {
    "panels": {
      "skirt_back": {
        "translation": [
          -27.0,
          12.13686000928476,
          -20.0
        ],
        "rotation": [
          0.0,
          0.0,
          0.0
        ],
        "vertices": [
          [
            0.0,
            -0.6356399907152479
          ],
          [
            0,
            71.50256849954695
          ],
          [
            2.1279928229309277,
            96.16045349954696
          ],
          [
            10.299518077285981,
            96.16045349954696
          ],
          [
            11.728507371553249,
            77.19240798330891
          ],
          [
            13.157496665820517,
            96.16045349954696
          ],
          [
            17.716046605358557,
            96.16045349954696
          ],
          [
            19.145035899625825,
            75.07348681854305
          ],
          [
            20.574025193893092,
            96.16045349954696
          ],
          [
            34.24967517337137,
            96.16045349954696
          ],
          [
            35.67866446763864,
            75.07348681854305
          ],
          [
            37.10765376190591,
            96.16045349954696
          ],
          [
            41.66620363029078,
            96.16045349954696
          ],
          [
            43.09519292455805,
            77.19240798330891
          ],
          [
            44.52418221882532,
            96.16045349954696
          ],
          [
            52.695707177069075,
            96.16045349954696
          ],
          [
            54.8237,
            71.50256849954695
          ],
          [
            54.8237,
            50.09775719769496
          ],
          [
            54.8237,
            22.635639990715248
          ]
        ],
        "edges": [
          {
            "endpoints": [
              0,
              1
            ]
          },
          {
            "endpoints": [
              1,
              2
            ],
            "curvature": {
              "type": "quadratic",
              "params": [
                [
                  0.49804539625805627,
                  0.042981660134458914
                ]
              ]
            }
          },
          {
            "endpoints": [
              2,
              3
            ],
            "label": "lower_interface"
          },
          {
            "endpoints": [
              3,
              4
            ]
          },
          {
            "endpoints": [
              4,
              5
            ]
          },
          {
            "endpoints": [
              5,
              6
            ],
            "label": "lower_interface"
          },
          {
            "endpoints": [
              6,
              7
            ]
          },
          {
            "endpoints": [
              7,
              8
            ]
          },
          {
            "endpoints": [
              8,
              9
            ],
            "label": "lower_interface"
          },
          {
            "endpoints": [
              9,
              10
            ]
          },
          {
            "endpoints": [
              10,
              11
            ]
          },
          {
            "endpoints": [
              11,
              12
            ],
            "label": "lower_interface"
          },
          {
            "endpoints": [
              12,
              13
            ]
          },
          {
            "endpoints": [
              13,
              14
            ]
          },
          {
            "endpoints": [
              14,
              15
            ],
            "label": "lower_interface"
          },
          {
            "endpoints": [
              15,
              16
            ],
            "curvature": {
              "type": "quadratic",
              "params": [
                [
                  0.5019546014275647,
                  0.04298166025769451
                ]
              ]
            }
          },
          {
            "endpoints": [
              16,
              17
            ]
          },
          {
            "endpoints": [
              17,
              18
            ]
          },
          {
            "endpoints": [
              18,
              0
            ]
          }
        ],
        "label": "leg"
      },
      "skirt_front": {
        "translation": [
          -24.0,
          15.446237474846527,
          25.0
        ],
        "rotation": [
          0.0,
          0.0,
          0.0
        ],
        "vertices": [
          [
            0.0,
            -0.3262625251534814
          ],
          [
            23.406644897358717,
            9.609268765736346
          ],
          [
            20.63189642414187,
            18.705471186177547
          ],
          [
            25.247654604263598,
            10.390731022714888
          ],
          [
            48.65429999999999,
            20.32626252515348
          ],
          [
            48.65429999999999,
            48.524220484247095
          ],
          [
            48.65429999999999,
            70.50256849954695
          ],
          [
            46.92614999999999,
            93.98626849954695
          ],
          [
            1.7281499999999994,
            93.98626849954695
          ],
          [
            0,
            70.50256849954695
          ]
        ],
        "edges": [
          {
            "endpoints": [
              0,
              1
            ]
          },
          {
            "endpoints": [
              1,
              2
            ]
          },
          {
            "endpoints": [
              2,
              3
            ]
          },
          {
            "endpoints": [
              3,
              4
            ]
          },
          {
            "endpoints": [
              4,
              5
            ]
          },
          {
            "endpoints": [
              5,
              6
            ]
          },
          {
            "endpoints": [
              6,
              7
            ],
            "curvature": {
              "type": "quadratic",
              "params": [
                [
                  0.4985545385734096,
                  -0.03668751570317946
                ]
              ]
            }
          },
          {
            "endpoints": [
              7,
              8
            ],
            "label": "lower_interface"
          },
          {
            "endpoints": [
              8,
              9
            ],
            "curvature": {
              "type": "quadratic",
              "params": [
                [
                  0.5014454625191118,
                  -0.03668751567083784
                ]
              ]
            }
          },
          {
            "endpoints": [
              9,
              0
            ]
          }
        ],
        "label": "leg"
      }
    },
    "stitches": [
      [
        {
          "panel": "skirt_back",
          "edge": 3
        },
        {
          "panel": "skirt_back",
          "edge": 4
        }
      ],
      [
        {
          "panel": "skirt_back",
          "edge": 6
        },
        {
          "panel": "skirt_back",
          "edge": 7
        }
      ],
      [
        {
          "panel": "skirt_back",
          "edge": 9
        },
        {
          "panel": "skirt_back",
          "edge": 10
        }
      ],
      [
        {
          "panel": "skirt_back",
          "edge": 12
        },
        {
          "panel": "skirt_back",
          "edge": 13
        }
      ],
      [
        {
          "panel": "skirt_front",
          "edge": 9
        },
        {
          "panel": "skirt_back",
          "edge": 0
        }
      ],
      [
        {
          "panel": "skirt_front",