{
  "pattern": {
    "panels": {
      "skirt_back": {
        "translation": [
          -31.763613114603082,
          32.77250000000001,
          -20.0
        ],
        "rotation": [
          0.0,
          0.0,
          0.0
        ],
        "vertices": [
          [
            -0.763613114603082,
            0.0
          ],
          [
            3.764154327660872,
            44.3280348738402
          ],
          [
            4,
            51.34821530319032
          ],
          [
            6.127992822930928,
            76.00610030319032
          ],
          [
            14.299518077285981,
            76.00610030319032
          ],
          [
            15.728507371553249,
            57.03805478695227
          ],
          [
            17.157496665820517,
            76.00610030319032
          ],
          [
            21.716046605358557,
            76.00610030319032
          ],
          [
            23.145035899625825,
            54.9191336221864
          ],
          [
            24.574025193893092,
            76.00610030319032
          ],
          [
            38.24967517337137,
            76.00610030319032
          ],
          [
            39.67866446763864,
            54.9191336221864
          ],
          [
            41.10765376190591,
            76.00610030319032
          ],
          [
            45.66620363029078,
            76.00610030319032
          ],
          [
            47.09519292455805,
            57.03805478695227
          ],
          [
            48.52418221882532,
            76.00610030319032
          ],
          [
            56.695707177069075,
            76.00610030319032
          ],
          [
            58.8237,
            51.34821530319032
          ],
          [
            63.587313114603084,
            0.0
          ]
        ],
        "edges": [
          {
            "endpoints": [
              0,
              1
            ],
            "curvature": {
              "type": "quadratic",
              "params": [
                [
                  0.6751140171126584,
                  -0.01459373547054385
                ]
              ]
            }
          },
          {
            "endpoints": [
              1,
              2
            ],
            "curvature": {
              "type": "quadratic",
              "params": [
                [
                  0.5902544671137333,
                  -0.013765546088314692
                ]
              ]
            }
          },
          {
            "endpoints": [
              2,
              3
            ],
            "curvature": {
              "type": "quadratic",
              "params": [
                [
                  0.49804539625805627,
                  0.042981660134458914
                ]
              ]
            }
          },
          {
            "endpoints": [
              3,
              4
            ],
            "label": "lower_interface"
          },
          {
            "endpoints": [
              4,
              5
            ]
          },
          {
            "endpoints": [
              5,
              6
            ]
          },
          {
            "endpoints": [
              6,
              7
            ],
            "label": "lower_interface"
          },
          {
            "endpoints": [
              7,
              8
            ]
          },
          {
            "endpoints": [
              8,
              9
            ]
          },
          {
            "endpoints": [
              9,
              10
            ],
            "label": "lower_interface"
          },
          {
            "endpoints": [
              10,
              11
            ]
          },
          {
            "endpoints": [
              11,
              12
            ]
          },
          {
            "endpoints": [
              12,
              13
            ],
            "label": "lower_interface"
          },
          {
            "endpoints": [
              13,
              14
            ]
          },
          {
            "endpoints": [
              14,
              15
            ]
          },
          {
            "endpoints": [
              15,
              16
            ],
            "label": "lower_interface"
          },
          {
            "endpoints": [
              16,
              17
            ],
            "curvature": {
              "type": "quadratic",
              "params": [
                [
                  0.5019546014275647,
                  0.04298166025769451
                ]
              ]
            }
          },
          {
            "endpoints": [
              17,
              18
            ],
            "curvature": {
              "type": "quadratic",
              "params": [
                [
                  0.24989623985653875,
                  -0.023183056971870786
                ]
              ]
            }
          },
          {
            "endpoints": [
              18,
              0
            ]
          }
        ],
        "label": "leg"
      },
      "skirt_front": {
        "translation": [
          -28.763613114603082,
          34.77250000000001,
          25.0
        ],
        "rotation": [
          0.0,
          0.0,
          0.0
        ],
        "vertices": [
          [
            -0.763613114603082,
            0.0
          ],
          [
            27.327149703089265,
            0.0
          ],
          [
            28.32714970308927,
            29.496671104720136
          ],
          [
            29.327149703089265,
            0.0
          ],
          [
            57.417913114603074,
            0.0
          ],
          [
            52.65429999999999,
            51.34821530319032
          ],
          [
            50.92614999999999,
            74.83191530319033
          ],
          [
            5.728149999999999,
            74.83191530319033
          ],
          [
            4,
            51.34821530319032
          ],
          [
            3.764154327660872,
            44.3280348738402
          ]
        ],
        "edges": [
          {
            "endpoints": [
              0,
              1
            ]
          },
          {
            "endpoints": [
              1,
              2
            ]
          },
          {
            "endpoints": [
              2,
              3
            ]
          },
          {
            "endpoints": [
              3,
              4
            ]
          },
          {
            "endpoints": [
              4,
              5
            ],
            "curvature": {
              "type": "quadratic",
              "params": [
                [
                  0.7501037601434613,
                  0.023183056971870786
                ]
              ]
            }
          },
          {
            "endpoints": [
              5,
              6
            ],
            "curvature": {
              "type": "quadratic",
              "params": [
                [
                  0.4985545385734096,
                  -0.03668751570317952
                ]
              ]
            }
          },
          {
            "endpoints": [
              6,
              7
            ],
            "label": "lower_interface"
          },
          {
            "endpoints": [
              7,
              8
            ],
            "curvature": {
              "type": "quadratic",
              "params": [
                [
                  0.5014454625191118,
                  -0.036687515670837945
                ]
              ]
            }
          },
          {
            "endpoints": [
              8,
              9
            ],
            "curvature": {
              "type": "quadratic",