{
  "pattern": {
    "panels": {
      "skirt_back": {
        "translation": [
          -27.0,
          46.77250000000001,
          -20.0
        ],
        "rotation": [
          0.0,
          0.0,
          0.0
        ],
        "vertices": [
          [
            0.0,
            0.0
          ],
          [
            0,
            44.16446930062436
          ],
          [
            1.5564347448431342,
            62.1994873395889
          ],
          [
            11.83476832508763,
            62.1994873395889
          ],
          [
            12.879945058598935,
            48.32607349856994
          ],
          [
            13.925121792110238,
            62.1994873395889
          ],
          [
            18.483671734064426,
            62.1994873395889
          ],
          [
            19.52884846757573,
            46.77627385315444
          ],
          [
            20.574025201087032,
            62.1994873395889
          ],
          [
            34.24967516388735,
            62.1994873395889
          ],
          [
            35.29485189739866,
            46.77627385315444
          ],
          [
            36.340028630909956,
            62.1994873395889
          ],
          [
            40.89857842879237,
            62.1994873395889
          ],
          [
            41.943755162303674,
            48.32607349856994
          ],
          [
            42.98893189581497,
            62.1994873395889
          ],
          [
            53.26726525515687,
            62.1994873395889
          ],
          [
            54.8237,
            44.16446930062436
          ],
          [
            54.8237,
            0.0
          ],
          [
            51.32369971764343,
            0.0
          ],
          [
            41.11777471764343,
            16.273877684632353
          ],
          [
            30.911849717643427,
            0.0
          ],
          [
            23.91184969983997,
            0.0
          ],
          [
            13.705924699839965,
            16.273877684632353
          ],
          [
            3.499999699839968,
            0.0
          ]
        ],
        "edges": [
          {
            "endpoints": [
              0,
              1
            ]
          },
          {
            "endpoints": [
              1,
              2
            ],
            "curvature": {
              "type": "quadratic",
              "params": [
                [
                  0.4980453962580173,
                  0.04298166013445659
                ]
              ]
            }
          },
          {
            "endpoints": [
              2,
              3
            ],
            "label": "lower_interface"
          },
          {
            "endpoints": [
              3,
              4
            ]
          },
          {
            "endpoints": [
              4,
              5
            ]
          },
          {
            "endpoints": [
              5,
              6
            ],
            "label": "lower_interface"
          },
          {
            "endpoints": [
              6,
              7
            ]
          },
          {
            "endpoints": [
              7,
              8
            ]
          },
          {
            "endpoints": [
              8,
              9
            ],
            "label": "lower_interface"
          },
          {
            "endpoints": [
              9,
              10
            ]
          },
          {
            "endpoints": [
              10,
              11
            ]
          },
          {
            "endpoints": [
              11,
              12
            ],
            "label": "lower_interface"
          },
          {
            "endpoints": [
              12,
              13
            ]
          },
          {
            "endpoints": [
              13,
              14
            ]
          },
          {
            "endpoints": [
              14,
              15
            ],
            "label": "lower_interface"
          },
          {
            "endpoints": [
              15,
              16
            ],
            "curvature": {
              "type": "quadratic",
              "params": [
                [
                  0.5019546014275647,
                  0.04298166025769441
                ]
              ]
            }
          },
          {
            "endpoints": [
              16,
              17
            ]
          },
          {
            "endpoints": [
              17,
              18
            ]
          },
          {
            "endpoints": [
              18,
              19
            ]
          },
          {
            "endpoints": [
              19,
              20
            ]
          },
          {
            "endpoints": [
              20,
              21
            ]
          },
          {
            "endpoints": [
              21,
              22
            ]
          },
          {
            "endpoints": [
              22,
              23
            ]
          },
          {
            "endpoints": [
              23,
              0
            ]
          }
        ],
        "label": "leg"
      },
      "skirt_front": {
        "translation": [
          -24.0,
          47.77250000000001,
          25.0
        ],
        "rotation": [
          0.0,
          0.0,
          0.0
        ],
        "vertices": [
          [
            0.0,
            0.0
          ],
          [
            3.5000001666173617,
            0.0
          ],
          [
            12.16357516661736,
            17.144750456608435
          ],
          [
            20.827150166617358,
            0.0
          ],
          [
            27.827150204623507,
            0.0
          ],
          [
            36.4907252046235,
            17.144750456608435
          ],
          [
            45.1543002046235,
            0.0
          ],
          [
            48.65429999999999,
            0.0
          ],
          [
            48.65429999999999,
            44.16446930062436
          ],
          [
            47.39031420300092,
            61.34067695678107
          ],
          [
            1.2639857969990729,
            61.34067695678107
          ],
          [
            0,
            44.16446930062436
          ]
        ],
        "edges": [
          {
            "endpoints": [
              0,
              1
            ]
          },
          {
            "endpoints": [
              1,
              2
            ]
          },
          {
            "endpoints": [
              2,
              3
            ]
          },
          {
            "endpoints": [
              3,
              4
            ]
          },
          {
            "endpoints": [
              4,
              5
            ]
          },
          {
            "endpoints": [
              5,
              6
            ]
          },
          {
            "endpoints": [
              6,
              7
            ]
          },
          {
            "endpoints": [
              7,
              8
            ]
          },
          {
            "endpoints": [
              8,
              9
            ],
            "curvature": {
              "type": "quadratic",
              "params": [
                [
                  0.4985545386419167,
                  -0.03668751570831601
                ]
              ]
            }
          },
          {
            "endpoints": [
              9,
              10
            ],
            "label": "lower_interface"
          },
          {
            "endpoints": [
              10,
              11
            ],
            "curvature": {
              "type": "quadratic",