{
  "pattern": {
    "panels": {
      "skirt_back": {
        "translation": [
          -27.0,
          56.44417612296324,
          -20.0
        ],
        "rotation": [
          0.0,
          0.0,
          0.0
        ],
        "vertices": [
          [
            0.0,
            -0.328323877036766
          ],
          [
            0,
            28.837615991284014
          ],
          [
            2.0352848584229157,
            52.421257552683464
          ],
          [
            10.548539011839623,
            52.421257552683464
          ],
          [
            11.915273073219032,
            34.279572384824654
          ],
          [
            13.282007134598441,
            52.421257552683464
          ],
          [
            17.840557075721364,
            52.421257552683464
          ],
          [
            19.207291137100775,
            32.25296396943537
          ],
          [
            20.574025198480182,
            52.421257552683464
          ],
          [
            34.24967516527241,
            52.421257552683464
          ],
          [
            35.61640922665181,
            32.25296396943537
          ],
          [
            36.98314328803122,
            52.421257552683464
          ],
          [
            41.54169314402978,
            52.421257552683464
          ],
          [
            42.90842720540918,
            34.279572384824654
          ],
          [
            44.275161266788594,
            52.421257552683464
          ],
          [
            52.78841514157709,
            52.421257552683464
          ],
          [
            54.8237,
            28.837615991284014
          ],
          [
            54.8237,
            10.328323877036766
          ],
          [
            28.393476912585996,
            5.19080894272637
          ],
          [
            26.160745617926533,
            11.436372627081447
          ],
          [
            26.43022254569067,
            4.809190951973278
          ]
        ],
        "edges": [
          {
            "endpoints": [
              0,
              1
            ]
          },
          {
            "endpoints": [
              1,
              2
            ],
            "curvature": {
              "type": "quadratic",
              "params": [
                [
                  0.4980453962580173,
                  0.04298166013445659
                ]
              ]
            }
          },
          {
            "endpoints": [
              2,
              3
            ],
            "label": "lower_interface"
          },
          {
            "endpoints": [
              3,
              4
            ]
          },
          {
            "endpoints": [
              4,
              5
            ]
          },
          {
            "endpoints": [
              5,
              6
            ],
            "label": "lower_interface"
          },
          {
            "endpoints": [
              6,
              7
            ]
          },
          {
            "endpoints": [
              7,
              8
            ]
          },
          {
            "endpoints": [
              8,
              9
            ],
            "label": "lower_interface"
          },
          {
            "endpoints": [
              9,
              10
            ]
          },
          {
            "endpoints": [
              10,
              11
            ]
          },
          {
            "endpoints": [
              11,
              12
            ],
            "label": "lower_interface"
          },
          {
            "endpoints": [
              12,
              13
            ]
          },
          {
            "endpoints": [
              13,
              14
            ]
          },
          {
            "endpoints": [
              14,
              15
            ],
            "label": "lower_interface"
          },
          {
            "endpoints": [
              15,
              16
            ],
            "curvature": {
              "type": "quadratic",
              "params": [
                [
                  0.5019546014275647,
                  0.04298166025769441
                ]
              ]
            }
          },
          {
            "endpoints": [
              16,
              17
            ]
          },
          {
            "endpoints": [
              17,
              18
            ]
          },
          {
            "endpoints": [
              18,
              19
            ]
          },
          {
            "endpoints": [
              19,
              20
            ]
          },
          {
            "endpoints": [
              20,
              0
            ]
          }
        ],
        "label": "leg"
      },
      "skirt_front": {
        "translation": [
          -24.0,
          58.04378106256036,
          25.0
        ],
        "rotation": [
          0.0,
          0.0,
          0.0
        ],
        "vertices": [
          [
            0.0,
            -0.7287189374396448
          ],
          [
            48.65429999999999,
            8.728718937439645
          ],
          [
            48.65429999999999,
            27.837615991284014
          ],
          [
            47.001438444179925,
            50.298227002140635
          ],
          [
            1.6528615558200705,
            50.298227002140635
          ],
          [
            0,
            27.837615991284014
          ]
        ],
        "edges": [
          {
            "endpoints": [
              0,
              1
            ]
          },
          {
            "endpoints": [
              1,
              2
            ]
          },
          {
            "endpoints": [
              2,
              3
            ],
            "curvature": {
              "type": "quadratic",
              "params": [
                [
                  0.498554538624002,
                  -0.036687515706877886
                ]
              ]
            }
          },
          {
            "endpoints": [
              3,
              4
            ],
            "label": "lower_interface"
          },
          {
            "endpoints": [
              4,
              5
            ],
            "curvature": {
              "type": "quadratic",
              "params": [
                [
                  0.5014454624857388,
                  -0.03668751567333742
                ]
              ]
            }
          },
          {
            "endpoints": [
              5,
              0
            ]
          }
        ],
        "label": "leg"
      }
    },
    "stitches": [
      [
        {
          "panel": "skirt_back",
          "edge": 3
        },
        {
          "panel": "skirt_back",
          "edge": 4
        }
      ],
      [
        {
          "panel": "skirt_back",
          "edge": 6
        },
        {
          "panel": "skirt_back",
          "edge": 7
        }
      ],
      [
        {
          "panel": "skirt_back",
          "edge": 9
        },
        {
          "panel": "skirt_back",
          "edge": 10
        }
      ],
      [
        {
          "panel": "skirt_back",
          "edge": 12
        },
        {
          "panel": "skirt_back",
          "edge": 13
        }
      ],
      [
        {
          "panel": "skirt_front",
          "edge": 5
        },
        {
          "panel": "skirt_back",
          "edge": 0
        }
      ],
      [
        {
          "panel": "skirt_front",
          "edge": 4
        },
        {
          "panel": "skirt_back",
          "edge": 1
        }
      ],
      [
        {
          "panel": "skirt_front",
          "edge": 2
        },
        {
          "panel": "skirt_back",
          "edge": 15
        }
      ],
      [
        {
          "panel": "skirt_front",