{
  "pattern": {
    "panels": {
      "skirt_back": {
        "translation": [
          -27.0,
          69.5548555791961,
          -20.0
        ],
        "rotation": [
          0.0,
          0.0,
          0.0
        ],
        "vertices": [
          [
            0.0,
            -0.21764442080390012
          ],
          [
            0,
            20.44721338849842
          ],
          [
            1.6681312564706658,
            39.77650258708999
          ],
          [
            11.534742655184292,
            39.77650258708999
          ],
          [
            12.654925806763728,
            24.907472363475375
          ],
          [
            13.775108958343164,
            39.77650258708999
          ],
          [
            18.333658894153142,
            39.77650258708999
          ],
          [
            19.45384204573258,
            23.24645236996109
          ],
          [
            20.574025197312015,
            39.77650258708999
          ],
          [
            34.24967516790177,
            39.77650258708999
          ],
          [
            35.3698583194812,
            23.24645236996109
          ],
          [
            36.49004147106064,
            39.77650258708999
          ],
          [
            41.04859127646411,
            39.77650258708999
          ],
          [
            42.16877442804354,
            24.907472363475375
          ],
          [
            43.28895757962298,
            39.77650258708999
          ],
          [
            53.15556874352934,
            39.77650258708999
          ],
          [
            54.8237,
            20.44721338849842
          ],
          [
            54.8237,
            -9.008245161945602
          ],
          [
            54.8237,
            -25.782355579196093
          ],
          [
            28.31815751724487,
            -13.422618135934727
          ],
          [
            38.63938054947967,
            11.077517667967918
          ],
          [
            26.505541943171572,
            -12.57738161245333
          ]
        ],
        "edges": [
          {
            "endpoints": [
              0,
              1
            ]
          },
          {
            "endpoints": [
              1,
              2
            ],
            "curvature": {
              "type": "quadratic",
              "params": [
                [
                  0.4980453962581381,
                  0.04298166013446693
                ]
              ]
            }
          },
          {
            "endpoints": [
              2,
              3
            ],
            "label": "lower_interface"
          },
          {
            "endpoints": [
              3,
              4
            ]
          },
          {
            "endpoints": [
              4,
              5
            ]
          },
          {
            "endpoints": [
              5,
              6
            ],
            "label": "lower_interface"
          },
          {
            "endpoints": [
              6,
              7
            ]
          },
          {
            "endpoints": [
              7,
              8
            ]
          },
          {
            "endpoints": [
              8,
              9
            ],
            "label": "lower_interface"
          },
          {
            "endpoints": [
              9,
              10
            ]
          },
          {
            "endpoints": [
              10,
              11
            ]
          },
          {
            "endpoints": [
              11,
              12
            ],
            "label": "lower_interface"
          },
          {
            "endpoints": [
              12,
              13
            ]
          },
          {
            "endpoints": [
              13,
              14
            ]
          },
          {
            "endpoints": [
              14,
              15
            ],
            "label": "lower_interface"
          },
          {
            "endpoints": [
              15,
              16
            ],
            "curvature": {
              "type": "quadratic",
              "params": [
                [
                  0.5019546015423715,
                  0.042981660247787205
                ]
              ]
            }
          },
          {
            "endpoints": [
              16,
              17
            ]
          },
          {
            "endpoints": [
              17,
              18
            ]
          },
          {
            "endpoints": [
              18,
              19
            ]
          },
          {
            "endpoints": [
              19,
              20
            ]
          },
          {
            "endpoints": [
              20,
              21
            ]
          },
          {
            "endpoints": [
              21,
              0
            ]
          }
        ],
        "label": "leg"
      },
      "skirt_front": {
        "translation": [
          -24.0,
          69.11643634608538,
          25.0
        ],
        "rotation": [
          0.0,
          0.0,
          0.0
        ],
        "vertices": [
          [
            0.0,
            -0.6560636539146287
          ],
          [
            23.4208419649885,
            -11.577381622626731
          ],
          [
            30.198051608418968,
            0.5901897763015285
          ],
          [
            25.2334575390618,
            -12.422618146108128
          ],
          [
            48.65429999999999,
            -23.34393634608537
          ],
          [
            48.65429999999999,
            -7.091747365293799
          ],
          [
            48.65429999999999,
            21.44721338849842
          ],
          [
            47.299605096988394,
            39.856060244299925
          ],
          [
            1.3546949030115982,
            39.856060244299925
          ],
          [
            0,
            21.44721338849842
          ]
        ],
        "edges": [
          {
            "endpoints": [
              0,
              1
            ]
          },
          {
            "endpoints": [
              1,
              2
            ]
          },
          {
            "endpoints": [
              2,
              3
            ]
          },
          {
            "endpoints": [
              3,
              4
            ]
          },
          {
            "endpoints": [
              4,
              5
            ]
          },
          {
            "endpoints": [
              5,
              6
            ]
          },
          {
            "endpoints": [
              6,
              7
            ],
            "curvature": {
              "type": "quadratic",
              "params": [
                [
                  0.4985545386253927,
                  -0.03668751570703513
                ]
              ]
            }
          },
          {
            "endpoints": [
              7,
              8
            ],
            "label": "lower_interface"
          },
          {
            "endpoints": [
              8,
              9
            ],
            "curvature": {
              "type": "quadratic",
              "params": [
                [
                  0.5014454624827704,
                  -0.03668751567354584
                ]
              ]
            }
          },
          {
            "endpoints": [
              9,
              0
            ]
          }
        ],
        "label": "leg"
      }
    },
    "stitches": [
      [
        {
          "panel": "skirt_back",
          "edge": 3
        },
        {
          "panel": "skirt_back",
          "edge": 4
        }
      ],
      [
        {
          "panel": "skirt_back",
          "edge": 6
        },
        {
          "panel": "skirt_back",