{
  "pattern": {
    "panels": {
      "skirt_back": {
        "translation": [
          -27.0,
          56.77250000000001,
          -20.0
        ],
        "rotation": [
          0.0,
          0.0,
          0.0
        ],
        "vertices": [
          [
            0.0,
            0.0
          ],
          [
            0.0,
            15.598496387648353
          ],
          [
            0,
            31.030687981968093
          ],
          [
            1.839648704140302,
            52.3474169193396
          ],
          [
            11.074033208149958,
            52.3474169193396
          ],
          [
            12.309393720225554,
            35.94955129780021
          ],
          [
            13.54475423230115,
            52.3474169193396
          ],
          [
            18.10330417542286,
            52.3474169193396
          ],
          [
            19.338664687498458,
            34.11774503749146
          ],
          [
            20.574025199574052,
            52.3474169193396
          ],
          [
            34.249675167018864,
            52.3474169193396
          ],
          [
            35.48503567909446,
            34.11774503749146
          ],
          [
            36.72039619117005,
            52.3474169193396
          ],
          [
            41.27894601429316,
            52.3474169193396
          ],
          [
            42.514306526368756,
            35.94955129780021
          ],
          [
            43.74966703844436,
            52.3474169193396
          ],
          [
            52.9840512958597,
            52.3474169193396
          ],
          [
            54.8237,
            31.030687981968093
          ],
          [
            54.8237,
            11.102806794966611
          ],
          [
            54.8237,
            0.0
          ],
          [
            28.411849730593072,
            0.0
          ],
          [
            27.411849730593072,
            5.444422859150485
          ],
          [
            26.411849730593072,
            0.0
          ]
        ],
        "edges": [
          {
            "endpoints": [
              0,
              1
            ]
          },
          {
            "endpoints": [
              1,
              2
            ]
          },
          {
            "endpoints": [
              2,
              3
            ],
            "curvature": {
              "type": "quadratic",
              "params": [
                [
                  0.4980453962581381,
                  0.04298166013446693
                ]
              ]
            }
          },
          {
            "endpoints": [
              3,
              4
            ],
            "label": "lower_interface"
          },
          {
            "endpoints": [
              4,
              5
            ]
          },
          {
            "endpoints": [
              5,
              6
            ]
          },
          {
            "endpoints": [
              6,
              7
            ],
            "label": "lower_interface"
          },
          {
            "endpoints": [
              7,
              8
            ]
          },
          {
            "endpoints": [
              8,
              9
            ]
          },
          {
            "endpoints": [
              9,
              10
            ],
            "label": "lower_interface"
          },
          {
            "endpoints": [
              10,
              11
            ]
          },
          {
            "endpoints": [
              11,
              12
            ]
          },
          {
            "endpoints": [
              12,
              13
            ],
            "label": "lower_interface"
          },
          {
            "endpoints": [
              13,
              14
            ]
          },
          {
            "endpoints": [
              14,
              15
            ]
          },
          {
            "endpoints": [
              15,
              16
            ],
            "label": "lower_interface"
          },
          {
            "endpoints": [
              16,
              17
            ],
            "curvature": {
              "type": "quadratic",
              "params": [
                [
                  0.5019546015423715,
                  0.042981660247787185
                ]
              ]
            }
          },
          {
            "endpoints": [
              17,
              18
            ]
          },
          {
            "endpoints": [
              18,
              19
            ]
          },
          {
            "endpoints": [
              19,
              20
            ]
          },
          {
            "endpoints": [
              20,
              21
            ]
          },
          {
            "endpoints": [
              21,
              22
            ]
          },
          {
            "endpoints": [
              22,
              0
            ]
          }
        ],
        "label": "leg"
      },
      "skirt_front": {
        "translation": [
          -24.0,
          57.77250000000001,
          25.0
        ],
        "rotation": [
          0.0,
          0.0,
          0.0
        ],
        "vertices": [
          [
            0.0,
            0.0
          ],
          [
            48.65429999999999,
            0.0
          ],
          [
            48.65429999999999,
            11.102806794966611
          ],
          [
            48.65429999999999,
            31.030687981968093
          ],
          [
            47.160315211234916,
            51.33233458898857
          ],
          [
            1.4939847887650757,
            51.33233458898857
          ],
          [
            0,
            31.030687981968093
          ],
          [
            0.0,
            15.598496387648353
          ]
        ],
        "edges": [
          {
            "endpoints": [
              0,
              1
            ]
          },
          {
            "endpoints": [
              1,
              2
            ]
          },
          {
            "endpoints": [
              2,
              3
            ]
          },
          {
            "endpoints": [
              3,
              4
            ],
            "curvature": {
              "type": "quadratic",
              "params": [
                [
                  0.4985545385735751,
                  -0.036687515703187984
                ]
              ]
            }
          },
          {
            "endpoints": [
              4,
              5
            ],
            "label": "lower_interface"
          },
          {
            "endpoints": [
              5,
              6
            ],
            "curvature": {
              "type": "quadratic",
              "params": [
                [
                  0.5014454625193865,
                  -0.036687515670830305
                ]
              ]
            }
          },
          {
            "endpoints": [
              6,
              7
            ]
          },
          {
            "endpoints": [
              7,
              0
            ]
          }
        ],
        "label": "leg"
      }
    },
    "stitches": [
      [
        {
          "panel": "skirt_back",
          "edge": 4
        },
        {
          "panel": "skirt_back",
          "edge": 5
        }
      ],
      [
        {
          "panel": "skirt_back",
          "edge": 7
        },
        {
          "panel": "skirt_back",
          "edge": 8
        }
      ],
      [
        {
          "panel": "skirt_back",
          "edge": 10
        },
        {
          "panel": "skirt_back",
          "edge": 11
        }
      ],
      [
        {
          "panel": "skirt_back",
          "edge": 13
        },
        {
          "panel": "skirt_back",