{
  "pattern": {
    "panels": {
      "wb_front": {
        "translation": [
          -22.836833995912027,
          108.77250000000001,
          20.0
        ],
        "rotation": [
          0.0,
          0.0,
          0.0
        ],
        "vertices": [
          [
            -0.836833995912027,
            0
          ],
          [
            -1.2530926610351543,
            -4.678257726046088
          ],
          [
            45.253092661035154,
            -4.678257726046088
          ],
          [
            44.83683399591203,
            0
          ]
        ],
        "edges": [
          {
            "endpoints": [
              0,
              1
            ]
          },
          {
            "endpoints": [
              1,
              2
            ],
            "curvature": {
              "type": "circle",
              "params": [
                262.36986656477154,
                0,
                1
              ]
            }
          },
          {
            "endpoints": [
              2,
              3
            ]
          },
          {
            "endpoints": [
              3,
              0
            ],
            "label": "lower_interface",
            "curvature": {
              "type": "circle",
              "params": [
                257.6731265647718,
                0,
                0
              ]
            }
          }
        ],
        "label": "body"
      },
      "wb_back": {
        "translation": [
          -20.078368830742665,
          108.77250000000001,
          -15.0
        ],
        "rotation": [
          0.0,
          0.0,
          0.0
        ],
        "vertices": [
          [
            -0.0783688307426651,
            0
          ],
          [
            40.07836883074266,
            0
          ],
          [
            41.55073408903493,
            -4.459989593460274
          ],
          [
            31.27476577384736,
            -6.994383634613634
          ],
          [
            26.78449841574685,
            -7.589659426839162
          ],
          [
            13.215501939777628,
            -7.589659462098105
          ],
          [
            8.725234445296488,
            -6.9943836710482685
          ],
          [
            -1.5507340890349361,
            -4.459989593460274
          ]
        ],
        "edges": [
          {
            "endpoints": [
              0,
              1
            ],
            "label": "lower_interface",
            "curvature": {
              "type": "circle",
              "params": [
                64.04856233261059,
                0,
                1
              ]
            }
          },
          {
            "endpoints": [
              1,
              2
            ]
          },
          {
            "endpoints": [
              2,
              3
            ],
            "curvature": {
              "type": "circle",
              "params": [
                68.74530233261478,
                0,
                0
              ]
            }
          },
          {
            "endpoints": [
              3,
              4
            ],
            "curvature": {
              "type": "circle",
              "params": [
                68.745302332661,
                0,
                0
              ]
            }
          },
          {
            "endpoints": [
              4,
              5
            ],
            "curvature": {
              "type": "circle",
              "params": [
                68.74530233261015,
                0,
                0
              ]
            }
          },
          {
            "endpoints": [
              5,
              6
            ],
            "curvature": {
              "type": "circle",
              "params": [
                68.74530233257931,
                0,
                0
              ]
            }
          },
          {
            "endpoints": [
              6,
              7
            ],
            "curvature": {
              "type": "circle",
              "params": [
                68.7453023326074,
                0,
                0
              ]
            }
          },
          {
            "endpoints": [
              7,
              0
            ]
          }
        ],
        "label": "body"
      },
      "skirt_front": {
        "translation": [
          -19.82609867464594,
          32.6020312372181,
          25.0
        ],
        "rotation": [
          0.0,
          0.0,
          0.0
        ],
        "vertices": [
          [
            -0.4142486746459362,
            -0.3392450216202292
          ],
          [
            39.068548674645925,
            -11.66075497837977
          ],
          [
            43.65429999999999,
            48.70500750492776
          ],
          [
            42.47445890073105,
            64.73777921045216
          ],
          [
            -3.8201589007310623,
            64.73777921045216
          ],
          [
            -5,
            48.70500750492776
          ]
        ],
        "edges": [
          {
            "endpoints": [
              0,
              1
            ]
          },
          {
            "endpoints": [
              1,
              2
            ],
            "curvature": {
              "type": "quadratic",
              "params": [
                [
                  0.7302092474450789,
                  -0.02049483587422964
                ]
              ]
            }
          },
          {
            "endpoints": [
              2,
              3
            ],
            "curvature": {
              "type": "quadratic",
              "params": [
                [
                  0.4985545386416077,
                  -0.03668751570826963
                ]
              ]
            }
          },
          {
            "endpoints": [
              3,
              4
            ]
          },
          {
            "endpoints": [
              4,
              5
            ],
            "curvature": {
              "type": "quadratic",
              "params": [
                [
                  0.5014454625099062,
                  -0.03668751567155607
                ]
              ]
            }
          },
          {
            "endpoints": [
              5,
              0
            ],
            "curvature": {
              "type": "quadratic",
              "params": [
                [
                  0.2498833979594972,
                  -0.02336465339945393
                ]
              ]
            }
          }
        ],
        "label": "leg"
      },
      "skirt_back": {
        "translation": [
          -22.82609867464594,
          32.486554728668295,
          -20.0
        ],
        "rotation": [
          0.0,
          0.0,
          0.0
        ],