{
  "pattern": {
    "panels": {
      "skirt_back": {
        "translation": [
          -27.0,
          29.209094184539836,
          -20.0
        ],
        "rotation": [
          0.0,
          0.0,
          0.0
        ],
        "vertices": [
          [
            0.0,
            -0.5634058154601718
          ],
          [
            0.0,
            53.02821614590017
          ],
          [
            0,
            66.49885869231103
          ],
          [
            1.078989224701818,
            79.00152878228442
          ],
          [
            13.117224792993383,
            79.00152878228442
          ],
          [
            13.841787410927873,
            69.38386630469871
          ],
          [
            14.566350028862361,
            79.00152878228442
          ],
          [
            19.124899962486296,
            79.00152878228442
          ],
          [
            19.849462580420784,
            68.3094768236167
          ],
          [
            20.574025198355272,
            79.00152878228442
          ],
          [
            34.24967516009812,
            79.00152878228442
          ],
          [
            34.97423777803261,
            68.3094768236167
          ],
          [
            35.6988003959671,
            79.00152878228442
          ],
          [
            40.25735032651254,
            79.00152878228442
          ],
          [
            40.98191294444703,
            69.38386630469871
          ],
          [
            41.70647556238152,
            79.00152878228442
          ],
          [
            53.74471077529819,
            79.00152878228442
          ],
          [
            54.8237,
            66.49885869231103
          ],
          [
            54.8237,
            -3.4365941845398282
          ],
          [
            28.41047926641166,
            -2.052335942179681
          ],
          [
            28.06274443776715,
            10.419810870667916
          ],
          [
            26.41322019690251,
            -1.9476640296937973
          ]
        ],
        "edges": [
          {
            "endpoints": [
              0,
              1
            ]
          },
          {
            "endpoints": [
              1,
              2
            ]
          },
          {
            "endpoints": [
              2,
              3
            ],
            "curvature": {
              "type": "quadratic",
              "params": [
                [
                  0.49804539632017797,
                  0.042981660139820806
                ]
              ]
            }
          },
          {
            "endpoints": [
              3,
              4
            ],
            "label": "lower_interface"
          },
          {
            "endpoints": [
              4,
              5
            ]
          },
          {
            "endpoints": [
              5,
              6
            ]
          },
          {
            "endpoints": [
              6,
              7
            ],
            "label": "lower_interface"
          },
          {
            "endpoints": [
              7,
              8
            ]
          },
          {
            "endpoints": [
              8,
              9
            ]
          },
          {
            "endpoints": [
              9,
              10
            ],
            "label": "lower_interface"
          },
          {
            "endpoints": [
              10,
              11
            ]
          },
          {
            "endpoints": [
              11,
              12
            ]
          },
          {
            "endpoints": [
              12,
              13
            ],
            "label": "lower_interface"
          },
          {
            "endpoints": [
              13,
              14
            ]
          },
          {
            "endpoints": [
              14,
              15
            ]
          },
          {
            "endpoints": [
              15,
              16
            ],
            "label": "lower_interface"
          },
          {
            "endpoints": [
              16,
              17
            ],
            "curvature": {
              "type": "quadratic",
              "params": [
                [
                  0.5019546014243962,
                  0.04298166025796892
                ]
              ]
            }
          },
          {
            "endpoints": [
              17,
              18
            ]
          },
          {
            "endpoints": [
              18,
              19
            ]
          },
          {
            "endpoints": [
              19,
              20
            ]
          },
          {
            "endpoints": [
              20,
              21
            ]
          },
          {
            "endpoints": [
              21,
              0
            ]
          }
        ],
        "label": "leg"
      },
      "skirt_front": {
        "translation": [
          -24.0,
          30.047431907785437,
          25.0
        ],
        "rotation": [
          0.0,
          0.0,
          0.0
        ],
        "vertices": [
          [
            0.0,
            -0.7250680922145705
          ],
          [
            23.328520217718463,
            -1.947664030784722
          ],
          [
            27.105980731627763,
            51.02325375831638
          ],
          [
            25.32577928722761,
            -2.052335943270606
          ],
          [
            48.65429999999999,
            -3.2749319077854295
          ],
          [
            48.65429999999999,
            66.49885869231103
          ],
          [
            47.778049286851335,
            78.40616353990475
          ],
          [
            0.8762507131486572,
            78.40616353990475
          ],
          [
            0,
            66.49885869231103
          ],
          [
            0.0,
            52.99574341687168
          ]
        ],
        "edges": [
          {
            "endpoints": [
              0,
              1
            ]
          },
          {
            "endpoints": [
              1,
              2
            ]
          },
          {
            "endpoints": [
              2,
              3
            ]
          },
          {
            "endpoints": [
              3,
              4
            ]
          },
          {
            "endpoints": [
              4,
              5
            ]
          },
          {
            "endpoints": [
              5,
              6
            ],
            "curvature": {
              "type": "quadratic",
              "params": [
                [
                  0.4985545386416077,
                  -0.03668751570826963
                ]
              ]
            }
          },
          {
            "endpoints": [
              6,
              7
            ],
            "label": "lower_interface"
          },
          {
            "endpoints": [
              7,
              8
            ],
            "curvature": {
              "type": "quadratic",
              "params": [
                [
                  0.5014454624563085,
                  -0.0366875156755459
                ]
              ]
            }
          },
          {
            "endpoints": [
              8,
              9
            ]
          },
          {
            "endpoints": [
              9,
              0
            ]
          }
        ],
        "label": "leg"
      }
    },
    "stitches": [
      [
        {
          "panel": "skirt_back",
          "edge": 4
        },
        {
          "panel": "skirt_back",
          "edge": 5
        }
      ],
      [
        {
          "panel": "skirt_back",
          "edge": 7
        },
        {
          "panel": "skirt_back",