Generation,BestFitness,AvgFitness,SurvivalRate,AvgChildFitness,AllFitnesses
1,0.5767581150539146,0.49227909668259046,0.6666666666666666,0.46759522231074924,[0.5767581150539146, 0.5426817779082521, 0.5301845176884925, 0.46886192396134047, 0.4681127630177242, 0.46744830526059694, 0.4672209731519623, 0.46717419692787365, 0.4671741969278736, 0.4671741969278736]
2,0.5767581150539146,0.4966323154597159,1.0,0.47381410627807125,[0.5767581150539146, 0.5426817779082521, 0.5301845176884925, 0.5110272794474257, 0.468312195563092, 0.46831219556309195, 0.46744830526059694, 0.46722097315196237, 0.46720359803245665, 0.46717419692787365]
3,0.5767581150539146,0.4923341601952017,1.0,0.46767388447162256,[0.5767581150539146, 0.5426817779082521, 0.5301845176884925, 0.46886192396134047, 0.46831219556309195, 0.4681127630177242, 0.46744830526059705, 0.46717419692787365, 0.46717419692787365, 0.4666336096428571]
4,0.5767581150539146,0.4963560418403611,1.0,0.4734194296789929,[0.5767581150539146, 0.5426817779082521, 0.5301845176884925, 0.4888043797231574, 0.4875276518656716, 0.46831219556309195, 0.46744830526059694, 0.4674483052605969, 0.46722097315196237, 0.4671741969278737]
5,0.5767581150539146,0.49766216743813657,1.0,0.4752853233901007,[0.5767581150539146, 0.5426817779082521, 0.5301845176884925, 0.48816882883488755, 0.4875276518656716, 0.4825572190945628, 0.4672209731519624, 0.46717419692787365, 0.4671741969278736, 0.4671741969278736]
