{
  "pattern": {
    "panels": {
      "skirt_back": {
        "translation": [
          -27.41185,
          57.66657301565691,
          -20.0
        ],
        "rotation": [
          0.0,
          0.0,
          0.0
        ],
        "vertices": [
          [
            0.0,
            0.0
          ],
          [
            0,
            17.5351344843431
          ],
          [
            2.1279928229309277,
            42.1930194843431
          ],
          [
            10.299518077285981,
            42.1930194843431
          ],
          [
            11.728507371553249,
            23.224973968105044
          ],
          [
            13.157496665820517,
            42.1930194843431
          ],
          [
            17.716046605358557,
            42.1930194843431
          ],
          [
            19.145035899625825,
            21.106052803339175
          ],
          [
            20.574025193893092,
            42.1930194843431
          ],
          [
            34.24967517337137,
            42.1930194843431
          ],
          [
            35.67866446763864,
            21.106052803339175
          ],
          [
            37.10765376190591,
            42.1930194843431
          ],
          [
            41.66620363029078,
            42.1930194843431
          ],
          [
            43.09519292455805,
            23.224973968105044
          ],
          [
            44.52418221882532,
            42.1930194843431
          ],
          [
            52.695707177069075,
            42.1930194843431
          ],
          [
            54.8237,
            17.5351344843431
          ],
          [
            54.8237,
            0.0
          ],
          [
            28.411849730593072,
            0.0
          ],
          [
            27.411849730593072,
            4.996180543222465
          ],
          [
            26.411849730593072,
            0.0
          ]
        ],
        "edges": [
          {
            "endpoints": [
              0,
              1
            ]
          },
          {
            "endpoints": [
              1,
              2
            ],
            "curvature": {
              "type": "quadratic",
              "params": [
                [
                  0.4980453961471247,
                  0.04298166012488582
                ]
              ]
            }
          },
          {
            "endpoints": [
              2,
              3
            ]
          },
          {
            "endpoints": [
              3,
              4
            ]
          },
          {
            "endpoints": [
              4,
              5
            ]
          },
          {
            "endpoints": [
              5,
              6
            ]
          },
          {
            "endpoints": [
              6,
              7
            ]
          },
          {
            "endpoints": [
              7,
              8
            ]
          },
          {
            "endpoints": [
              8,
              9
            ]
          },
          {
            "endpoints": [
              9,
              10
            ]
          },
          {
            "endpoints": [
              10,
              11
            ]
          },
          {
            "endpoints": [
              11,
              12
            ]
          },
          {
            "endpoints": [
              12,
              13
            ]
          },
          {
            "endpoints": [
              13,
              14
            ]
          },
          {
            "endpoints": [
              14,
              15
            ]
          },
          {
            "endpoints": [
              15,
              16
            ],
            "curvature": {
              "type": "quadratic",
              "params": [
                [
                  0.5019546015423715,
                  0.042981660247787205
                ]
              ]
            }
          },
          {
            "endpoints": [
              16,
              17
            ]
          },
          {
            "endpoints": [
              17,
              18
            ]
          },
          {
            "endpoints": [
              18,
              19
            ]
          },
          {
            "endpoints": [
              19,
              20
            ]
          },
          {
            "endpoints": [
              20,
              0
            ]
          }
        ],
        "label": "leg"
      },
      "skirt_front": {
        "translation": [
          -24.41185,
          58.66657301565691,
          25.0
        ],
        "rotation": [
          0.0,
          0.0,
          0.0
        ],
        "vertices": [
          [
            0.0,
            0.0
          ],
          [
            23.32714975089506,
            0.0
          ],
          [
            24.32714975089506,
            1.2038180857820393
          ],
          [
            25.32714975089506,
            0.0
          ],
          [
            48.65429999999999,
            0.0
          ],
          [
            48.65429999999999,
            17.5351344843431
          ],
          [
            46.92614999999999,
            41.0188344843431
          ],
          [
            1.7281499999999994,
            41.0188344843431
          ],
          [
            0,
            17.5351344843431
          ]
        ],
        "edges": [
          {
            "endpoints": [
              0,
              1
            ]
          },
          {
            "endpoints": [
              1,
              2
            ]
          },
          {
            "endpoints": [
              2,
              3
            ]
          },
          {
            "endpoints": [
              3,
              4
            ]
          },
          {
            "endpoints": [
              4,
              5
            ]
          },
          {
            "endpoints": [
              5,
              6
            ],
            "curvature": {
              "type": "quadratic",
              "params": [
                [
                  0.4985545385734096,
                  -0.03668751570317946
                ]
              ]
            }
          },
          {
            "endpoints": [
              6,
              7
            ]
          },
          {
            "endpoints": [
              7,
              8
            ],
            "curvature": {
              "type": "quadratic",
              "params": [
                [
                  0.5014454625191118,
                  -0.03668751567083784
                ]
              ]
            }
          },
          {
            "endpoints": [
              8,
              0
            ]
          }
        ],
        "label": "leg"
      },
      "wb_back": {
        "translation": [
          -19.5679,
          104.77250000000001,
          -15.0
        ],
        "rotation": [
          0.0,
          0.0,
          0.0
        ],
        "vertices": [
          [
            0,
            0
          ],
          [
            0,
            4.69674
          ],
          [
            39.1358,
            4.69674
          ],
          [
            39.1358,
            0
          ],
          [
            30.96427504175625,
            0.0
          ],
          [
            26.405725173371373,
            0.0
          ],
          [
            12.73007519389309,
            0.0
          ],
          [
            8.171525254355046,
            0.0
          ]
        ],
        "edges": [
          {
            "endpoints": [
              0,
              1
            ]
          },
          {
            "endpoints": [
              1,
              2
            ],