avg_child_fitness,avg_elite,avg_mut,avg_off,avg_rand,best_fit,delta_best,generation,mean_mutant_gain,mean_offspring_gain,mut_gain_insertion,mut_gain_inversion,mut_gain_rotate,mut_gain_scramble,mut_gain_split,mut_gain_swap
0.7569529616320769,0.819794062786498,0.7610207682620715,0.7500832475230778,0.7053194903936758,0.8329917592032671,0.0,1,-0.056591798578207925,-0.07528092994641022,,-0.0187929618862136,-0.0827949357648953,-0.04029582651189695,-0.07274588712155716,-0.02245379770199818
0.7652412117541271,0.8294554992729317,0.786492290548427,0.7402373818808351,0.7160379285512891,0.8483661954162712,0.015374436213004161,2,-0.04370849416315393,-0.0912638064451337,-0.09548453928615597,-0.043360123514439464,-0.03538169270242342,0.0,,-0.05702506290211984
0.774221977897999,0.8399725818117724,0.7711841048284853,0.763421488340382,0.7638248244927426,0.8483661954162712,0.0,3,-0.07042287775003574,-0.08167590554239153,-0.05281623233174454,-0.10199064435313629,-0.07562422031801086,-0.027858263695035357,-0.04889030258029137,
0.7809569214334814,0.8434224945326321,0.7826058186841318,0.7712252630893759,0.7508223927081513,0.8516379962551337,0.003271800838862471,4,-0.0616512002703653,-0.07441205562697097,-0.0360065688333141,-0.09580420498910609,-0.01570104721360238,-0.06907134001455922,-0.06506313992789692,0.009821104918681045
0.770569452694151,0.8494567956958919,0.7562298284480651,0.7740293397064004,0.7352010586277559,0.8516379962551337,0.0,5,-0.09268166710801644,-0.07624540619920732,0.0,-0.09523435682574016,-0.15750020357584796,-0.07770397240283239,-0.04515482326332232,-0.10174654479243173
