{
  "pattern": {
    "panels": {
      "skirt_back": {
        "translation": [
          -39.64839993097414,
          62.77250000000001,
          -20.0
        ],
        "rotation": [
          0.0,
          0.0,
          0.0
        ],
        "vertices": [
          [
            -0.6483999309741435,
            0.0
          ],
          [
            12,
            21.61201660338881
          ],
          [
            14.127992822930928,
            46.26990160338881
          ],
          [
            22.29951807728598,
            46.26990160338881
          ],
          [
            23.72850737155325,
            27.301856087150757
          ],
          [
            25.157496665820517,
            46.26990160338881
          ],
          [
            29.716046605358557,
            46.26990160338881
          ],
          [
            31.145035899625825,
            25.182934922384888
          ],
          [
            32.57402519389309,
            46.26990160338881
          ],
          [
            46.24967517337137,
            46.26990160338881
          ],
          [
            47.67866446763864,
            25.182934922384888
          ],
          [
            49.10765376190591,
            46.26990160338881
          ],
          [
            53.66620363029078,
            46.26990160338881
          ],
          [
            55.09519292455805,
            27.301856087150757
          ],
          [
            56.52418221882532,
            46.26990160338881
          ],
          [
            64.69570717706907,
            46.26990160338881
          ],
          [
            66.8237,
            21.61201660338881
          ],
          [
            79.47209993097414,
            0.0
          ],
          [
            40.411849590802206,
            0.0
          ],
          [
            39.411849590802206,
            7.266994503896335
          ],
          [
            38.411849590802206,
            0.0
          ]
        ],
        "edges": [
          {
            "endpoints": [
              0,
              1
            ],
            "curvature": {
              "type": "quadratic",
              "params": [
                [
                  0.41329227959940235,
                  -0.34336985445393564
                ]
              ]
            }
          },
          {
            "endpoints": [
              1,
              2
            ],
            "curvature": {
              "type": "quadratic",
              "params": [
                [
                  0.49804539625805627,
                  0.042981660134458914
                ]
              ]
            }
          },
          {
            "endpoints": [
              2,
              3
            ],
            "label": "lower_interface"
          },
          {
            "endpoints": [
              3,
              4
            ]
          },
          {
            "endpoints": [
              4,
              5
            ]
          },
          {
            "endpoints": [
              5,
              6
            ],
            "label": "lower_interface"
          },
          {
            "endpoints": [
              6,
              7
            ]
          },
          {
            "endpoints": [
              7,
              8
            ]
          },
          {
            "endpoints": [
              8,
              9
            ],
            "label": "lower_interface"
          },
          {
            "endpoints": [
              9,
              10
            ]
          },
          {
            "endpoints": [
              10,
              11
            ]
          },
          {
            "endpoints": [
              11,
              12
            ],
            "label": "lower_interface"
          },
          {
            "endpoints": [
              12,
              13
            ]
          },
          {
            "endpoints": [
              13,
              14
            ]
          },
          {
            "endpoints": [
              14,
              15
            ],
            "label": "lower_interface"
          },
          {
            "endpoints": [
              15,
              16
            ],
            "curvature": {
              "type": "quadratic",
              "params": [
                [
                  0.5019546014275647,
                  0.04298166025769451
                ]
              ]
            }
          },
          {
            "endpoints": [
              16,
              17
            ],
            "curvature": {
              "type": "quadratic",
              "params": [
                [
                  0.5867076798287058,
                  -0.34336983669837606
                ]
              ]
            }
          },
          {
            "endpoints": [
              17,
              18
            ]
          },
          {
            "endpoints": [
              18,
              19
            ]
          },
          {
            "endpoints": [
              19,
              20
            ]
          },
          {
            "endpoints": [
              20,
              0
            ]
          }
        ],
        "label": "leg"
      },
      "skirt_front": {
        "translation": [
          -36.64839993097414,
          63.77250000000001,
          25.0
        ],
        "rotation": [
          0.0,
          0.0,
          0.0
        ],
        "vertices": [
          [
            -0.6483999309741435,
            0.0
          ],
          [
            73.30269993097414,
            0.0
          ],
          [
            60.65429999999999,
            21.61201660338881
          ],
          [
            58.92614999999999,
            45.09571660338881
          ],
          [
            13.72815,
            45.09571660338881
          ],
          [
            12,
            21.61201660338881
          ]
        ],
        "edges": [
          {
            "endpoints": [
              0,
              1
            ]
          },
          {
            "endpoints": [
              1,
              2
            ],
            "curvature": {
              "type": "quadratic",
              "params": [
                [
                  0.4132923199388311,
                  0.3433698368344931
                ]
              ]
            }
          },
          {
            "endpoints": [
              2,
              3
            ],
            "curvature": {
              "type": "quadratic",
              "params": [
                [
                  0.4985545385734096,
                  -0.03668751570317946
                ]
              ]
            }
          },
          {
            "endpoints": [
              3,
              4
            ],
            "label": "lower_interface"
          },
          {
            "endpoints": [
              4,
              5
            ],
            "curvature": {
              "type": "quadratic",
              "params": [
                [
                  0.5014454625191118,
                  -0.03668751567083784
                ]
              ]
            }
          },
          {
            "endpoints": [
              5,
              0
            ],
            "curvature": {
              "type": "quadratic",
              "params": [
                [
                  0.5867077204005977,
                  0.34336985445393564
                ]
              ]
            }
          }
        ],
        "label": "leg"
      }
    },
    "stitches": [
      [
        {
          "panel": "skirt_back",
          "edge": 3
        },
        {
          "panel": "skirt_back",
          "edge": 4
        }
      ],
      [
        {
          "panel": "skirt_back",
          "edge": 6
        },
        {
          "panel": "skirt_back",