{
  "pattern": {
    "panels": {
      "skirt_back": {
        "translation": [
          -21.91205732884533,
          15.772500000000008,
          -20.0
        ],
        "rotation": [
          0.0,
          0.0,
          0.0
        ],
        "vertices": [
          [
            -0.9120573288453286,
            0.0
          ],
          [
            -6,
            69.37426126274246
          ],
          [
            -3.936571894597222,
            93.28400963243476
          ],
          [
            4.472944018965819,
            93.28400963243476
          ],
          [
            5.858576827656206,
            74.89146723238213
          ],
          [
            7.244209636346593,
            93.28400963243476
          ],
          [
            11.802759581533682,
            93.28400963243476
          ],
          [
            13.188392390224069,
            72.83683554500232
          ],
          [
            14.574025198914455,
            93.28400963243476
          ],
          [
            28.249675170364124,
            93.28400963243476
          ],
          [
            29.635307979054513,
            72.83683554500232
          ],
          [
            31.020940787744898,
            93.28400963243476
          ],
          [
            35.57949064506426,
            93.28400963243476
          ],
          [
            36.96512345375465,
            74.89146723238213
          ],
          [
            38.35075626244503,
            93.28400963243476
          ],
          [
            46.760271894597224,
            93.28400963243476
          ],
          [
            48.8237,
            69.37426126274246
          ],
          [
            43.73575732884533,
            0.0
          ]
        ],
        "edges": [
          {
            "endpoints": [
              0,
              1
            ],
            "curvature": {
              "type": "quadratic",
              "params": [
                [
                  0.7256962128036464,
                  0.020117579850174233
                ]
              ]
            }
          },
          {
            "endpoints": [
              1,
              2
            ],
            "curvature": {
              "type": "quadratic",
              "params": [
                [
                  0.49804539632067096,
                  0.04298166013986349
                ]
              ]
            }
          },
          {
            "endpoints": [
              2,
              3
            ],
            "label": "lower_interface"
          },
          {
            "endpoints": [
              3,
              4
            ]
          },
          {
            "endpoints": [
              4,
              5
            ]
          },
          {
            "endpoints": [
              5,
              6
            ],
            "label": "lower_interface"
          },
          {
            "endpoints": [
              6,
              7
            ]
          },
          {
            "endpoints": [
              7,
              8
            ]
          },
          {
            "endpoints": [
              8,
              9
            ],
            "label": "lower_interface"
          },
          {
            "endpoints": [
              9,
              10
            ]
          },
          {
            "endpoints": [
              10,
              11
            ]
          },
          {
            "endpoints": [
              11,
              12
            ],
            "label": "lower_interface"
          },
          {
            "endpoints": [
              12,
              13
            ]
          },
          {
            "endpoints": [
              13,
              14
            ]
          },
          {
            "endpoints": [
              14,
              15
            ],
            "label": "lower_interface"
          },
          {
            "endpoints": [
              15,
              16
            ],
            "curvature": {
              "type": "quadratic",
              "params": [
                [
                  0.501954601433093,
                  0.04298166025721843
                ]
              ]
            }
          },
          {
            "endpoints": [
              16,
              17
            ],
            "curvature": {
              "type": "quadratic",
              "params": [
                [
                  0.2743037755091104,
                  0.02011757900540267
                ]
              ]
            }
          },
          {
            "endpoints": [
              17,
              0
            ]
          }
        ],
        "label": "leg"
      },
      "skirt_front": {
        "translation": [
          -18.91205732884533,
          16.772500000000008,
          25.0
        ],
        "rotation": [
          0.0,
          0.0,
          0.0
        ],
        "vertices": [
          [
            -0.9120573288453286,
            0.0
          ],
          [
            37.56635732884532,
            0.0
          ],
          [
            42.65429999999999,
            69.37426126274246
          ],
          [
            40.9785832203539,
            92.14545018625893
          ],
          [
            -4.324283220353909,
            92.14545018625893
          ],
          [
            -6,
            69.37426126274246
          ]
        ],
        "edges": [
          {
            "endpoints": [
              0,
              1
            ]
          },
          {
            "endpoints": [
              1,
              2
            ],
            "curvature": {
              "type": "quadratic",
              "params": [
                [
                  0.7256962244908896,
                  -0.02011757900540267
                ]
              ]
            }
          },
          {
            "endpoints": [
              2,
              3
            ],
            "curvature": {
              "type": "quadratic",
              "params": [
                [
                  0.49855453857354093,
                  -0.03668751570319719
                ]
              ]
            }
          },
          {
            "endpoints": [
              3,
              4
            ],
            "label": "lower_interface"
          },
          {
            "endpoints": [
              4,
              5
            ],
            "curvature": {
              "type": "quadratic",
              "params": [
                [
                  0.5014454625099062,
                  -0.03668751567155602
                ]
              ]
            }
          },
          {
            "endpoints": [
              5,
              0
            ],
            "curvature": {
              "type": "quadratic",
              "params": [
                [
                  0.2743037871963536,
                  -0.020117579850174233
                ]
              ]
            }
          }
        ],
        "label": "leg"
      }
    },
    "stitches": [
      [
        {
          "panel": "skirt_back",
          "edge": 3
        },
        {
          "panel": "skirt_back",
          "edge": 4
        }
      ],
      [
        {
          "panel": "skirt_back",
          "edge": 6
        },
        {
          "panel": "skirt_back",
          "edge": 7
        }
      ],
      [
        {
          "panel": "skirt_back",
          "edge": 9
        },
        {
          "panel": "skirt_back",
          "edge": 10
        }
      ],
      [
        {
          "panel": "skirt_back",
          "edge": 12
        },
        {
          "panel": "skirt_back",
          "edge": 13
        }
      ],
      [
        {
          "panel": "skirt_front",
          "edge": 5
        },
        {
          "panel": "skirt_back",