{
  "pattern": {
    "panels": {
      "skirt_back": {
        "translation": [
          -39.394988254494066,
          45.77250000000001,
          -20.0
        ],
        "rotation": [
          0.0,
          0.0,
          0.0
        ],
        "vertices": [
          [
            -0.3949882544940664,
            0.0
          ],
          [
            12,
            45.126653205007486
          ],
          [
            13.56468084259178,
            63.25722200325742
          ],
          [
            23.81261865649016,
            63.25722200325742
          ],
          [
            24.863332807832634,
            49.31030586667514
          ],
          [
            25.914046959175106,
            63.25722200325742
          ],
          [
            30.472596894594844,
            63.25722200325742
          ],
          [
            31.52331104593732,
            47.75229527672164
          ],
          [
            32.574025197279795,
            63.25722200325742
          ],
          [
            46.24967516329258,
            63.25722200325742
          ],
          [
            47.30038931463505,
            47.75229527672164
          ],
          [
            48.35110346597752,
            63.25722200325742
          ],
          [
            52.90965326796945,
            63.25722200325742
          ],
          [
            53.96036741931193,
            49.31030586667514
          ],
          [
            55.0110815706544,
            63.25722200325742
          ],
          [
            65.25901915740822,
            63.25722200325742
          ],
          [
            66.8237,
            45.126653205007486
          ],
          [
            79.21868825449407,
            0.0
          ],
          [
            40.41184959396945,
            0.0
          ],
          [
            39.41184959396945,
            29.613047393579023
          ],
          [
            38.41184959396945,
            0.0
          ]
        ],
        "edges": [
          {
            "endpoints": [
              0,
              1
            ],
            "curvature": {
              "type": "quadratic",
              "params": [
                [
                  0.751740763641975,
                  -0.06818976649703759
                ]
              ]
            }
          },
          {
            "endpoints": [
              1,
              2
            ],
            "curvature": {
              "type": "quadratic",
              "params": [
                [
                  0.49804539625805627,
                  0.042981660134458914
                ]
              ]
            }
          },
          {
            "endpoints": [
              2,
              3
            ],
            "label": "lower_interface"
          },
          {
            "endpoints": [
              3,
              4
            ]
          },
          {
            "endpoints": [
              4,
              5
            ]
          },
          {
            "endpoints": [
              5,
              6
            ],
            "label": "lower_interface"
          },
          {
            "endpoints": [
              6,
              7
            ]
          },
          {
            "endpoints": [
              7,
              8
            ]
          },
          {
            "endpoints": [
              8,
              9
            ],
            "label": "lower_interface"
          },
          {
            "endpoints": [
              9,
              10
            ]
          },
          {
            "endpoints": [
              10,
              11
            ]
          },
          {
            "endpoints": [
              11,
              12
            ],
            "label": "lower_interface"
          },
          {
            "endpoints": [
              12,
              13
            ]
          },
          {
            "endpoints": [
              13,
              14
            ]
          },
          {
            "endpoints": [
              14,
              15
            ],
            "label": "lower_interface"
          },
          {
            "endpoints": [
              15,
              16
            ],
            "curvature": {
              "type": "quadratic",
              "params": [
                [
                  0.5019546013841197,
                  0.04298166026144429
                ]
              ]
            }
          },
          {
            "endpoints": [
              16,
              17
            ],
            "curvature": {
              "type": "quadratic",
              "params": [
                [
                  0.24825921657911876,
                  -0.06818976399299001
                ]
              ]
            }
          },
          {
            "endpoints": [
              17,
              18
            ]
          },
          {
            "endpoints": [
              18,
              19
            ]
          },
          {
            "endpoints": [
              19,
              20
            ]
          },
          {
            "endpoints": [
              20,
              0
            ]
          }
        ],
        "label": "leg"
      },
      "skirt_front": {
        "translation": [
          -36.39498825449406,
          46.77250000000001,
          25.0
        ],
        "rotation": [
          0.0,
          0.0,
          0.0
        ],
        "vertices": [
          [
            -0.3949882544940593,
            0.0
          ],
          [
            35.327149624623424,
            0.0
          ],
          [
            36.327149624623424,
            10.52052043018164
          ],
          [
            37.327149624623424,
            0.0
          ],
          [
            73.04928825449406,
            0.0
          ],
          [
            60.65429999999999,
            45.126653205007486
          ],
          [
            59.3836175197834,
            62.393861584293134
          ],
          [
            13.270682480216596,
            62.393861584293134
          ],
          [
            12,
            45.126653205007486
          ]
        ],
        "edges": [
          {
            "endpoints": [
              0,
              1
            ]
          },
          {
            "endpoints": [
              1,
              2
            ]
          },
          {
            "endpoints": [
              2,
              3
            ]
          },
          {
            "endpoints": [
              3,
              4
            ]
          },
          {
            "endpoints": [
              4,
              5
            ],
            "curvature": {
              "type": "quadratic",
              "params": [
                [
                  0.7517407834527146,
                  0.06818976398427892
                ]
              ]
            }
          },
          {
            "endpoints": [
              5,
              6
            ],
            "curvature": {
              "type": "quadratic",
              "params": [
                [
                  0.49855453862495536,
                  -0.03668751570699061
                ]
              ]
            }
          },
          {
            "endpoints": [
              6,
              7
            ],
            "label": "lower_interface"
          },
          {
            "endpoints": [
              7,
              8
            ],
            "curvature": {
              "type": "quadratic",
              "params": [
                [
                  0.5014454624837776,
                  -0.03668751567349051
                ]
              ]
            }
          },
          {
            "endpoints": [
              8,
              0
            ],
            "curvature": {
              "type": "quadratic",