{
  "pattern": {
    "panels": {
      "ins_skirt_front_0": {
        "translation": [
          -34.172850000000004,
          60.77250000000001,
          30.0
        ],
        "rotation": [
          0.0,
          0.0,
          0.0
        ],
        "vertices": [
          [
            0,
            0
          ],
          [
            23,
            0
          ],
          [
            11.5,
            38
          ]
        ],
        "edges": [
          {
            "endpoints": [
              0,
              1
            ]
          },
          {
            "endpoints": [
              1,
              2
            ]
          },
          {
            "endpoints": [
              2,
              0
            ]
          }
        ],
        "label": "leg"
      },
      "skirt_back": {
        "translation": [
          -20.080023035166455,
          59.77250000000001,
          -20.0
        ],
        "rotation": [
          0.0,
          0.0,
          0.0
        ],
        "vertices": [
          [
            -0.08002303516645526,
            0.0
          ],
          [
            -7,
            31.620365905565123
          ],
          [
            -5.44850996445162,
            49.598087664281614
          ],
          [
            4.848050203238344,
            49.598087664281614
          ],
          [
            5.8899064666008165,
            35.76874891127836
          ],
          [
            6.931762729963291,
            49.598087664281614
          ],
          [
            11.490312669695099,
            49.598087664281614
          ],
          [
            12.532168933057573,
            34.223872895804355
          ],
          [
            13.574025196420045,
            49.598087664281614
          ],
          [
            27.249675159296338,
            49.598087664281614
          ],
          [
            28.29153142265881,
            34.223872895804355
          ],
          [
            29.333387686021283,
            49.598087664281614
          ],
          [
            33.89193749141856,
            49.598087664281614
          ],
          [
            34.93379375478103,
            35.76874891127836
          ],
          [
            35.975650018143504,
            49.598087664281614
          ],
          [
            46.272209964451626,
            49.598087664281614
          ],
          [
            47.8237,
            31.620365905565123
          ],
          [
            40.90372303516646,
            0.0
          ],
          [
            40.403722849464145,
            0.0
          ],
          [
            34.073098504408655,
            39.19404540745687
          ],
          [
            27.742474159353172,
            0.0
          ],
          [
            26.742473992860575,
            0.0
          ],
          [
            20.411849647805084,
            39.19404540745687
          ],
          [
            14.081225302749605,
            0.0
          ],
          [
            13.08122526559346,
            0.0
          ],
          [
            6.75060092053797,
            39.19404540745687
          ],
          [
            0.41997657548249023,
            0.0
          ]
        ],
        "edges": [
          {
            "endpoints": [
              0,
              1
            ],
            "curvature": {
              "type": "quadratic",
              "params": [
                [
                  0.7529713900964033,
                  0.05406111261455222
                ]
              ]
            }
          },
          {
            "endpoints": [
              1,
              2
            ],
            "curvature": {
              "type": "quadratic",
              "params": [
                [
                  0.49804539625805627,
                  0.042981660134458914
                ]
              ]
            }
          },
          {
            "endpoints": [
              2,
              3
            ],
            "label": "lower_interface"
          },
          {
            "endpoints": [
              3,
              4
            ]
          },
          {
            "endpoints": [
              4,
              5
            ]
          },
          {
            "endpoints": [
              5,
              6
            ],
            "label": "lower_interface"
          },
          {
            "endpoints": [
              6,
              7
            ]
          },
          {
            "endpoints": [
              7,
              8
            ]
          },
          {
            "endpoints": [
              8,
              9
            ],
            "label": "lower_interface"
          },
          {
            "endpoints": [
              9,
              10
            ]
          },
          {
            "endpoints": [
              10,
              11
            ]
          },
          {
            "endpoints": [
              11,
              12
            ],
            "label": "lower_interface"
          },
          {
            "endpoints": [
              12,
              13
            ]
          },
          {
            "endpoints": [
              13,
              14
            ]
          },
          {
            "endpoints": [
              14,
              15
            ],
            "label": "lower_interface"
          },
          {
            "endpoints": [
              15,
              16
            ],
            "curvature": {
              "type": "quadratic",
              "params": [
                [
                  0.5019546014275654,
                  0.04298166025769432
                ]
              ]
            }
          },
          {
            "endpoints": [
              16,
              17
            ],
            "curvature": {
              "type": "quadratic",
              "params": [
                [
                  0.24702858484812024,
                  0.05406110910328347
                ]
              ]
            }
          },
          {
            "endpoints": [
              17,
              18
            ]
          },
          {
            "endpoints": [
              18,
              19
            ]
          },
          {
            "endpoints": [
              19,
              20
            ]
          },
          {
            "endpoints": [
              20,
              21
            ]
          },
          {
            "endpoints": [
              21,
              22
            ]
          },
          {
            "endpoints": [
              22,
              23
            ]
          },
          {
            "endpoints": [
              23,
              24
            ]
          },
          {
            "endpoints": [
              24,
              25
            ]
          },
          {
            "endpoints": [
              25,
              26
            ]
          },
          {
            "endpoints": [
              26,
              0
            ]
          }
        ],
        "label": "leg"
      },
      "skirt_front": {
        "translation": [
          -17.080023035166455,
          60.77250000000001,
          25.0
        ],
        "rotation": [
          0.0,
          0.0,
          0.0
        ],