{
  "pattern": {
    "panels": {
      "skirt_back": {
        "translation": [
          -24.918685667587518,
          60.77250000000001,
          -20.0
        ],
        "rotation": [
          0.0,
          0.0,
          0.0
        ],
        "vertices": [
          [
            -0.9186856675875177,
            0.0
          ],
          [
            -3,
            30.90162638029466
          ],
          [
            -1.4966238517949364,
            48.32183371122261
          ],
          [
            8.977287918936138,
            48.32183371122261
          ],
          [
            9.986834754758117,
            34.921362196518686
          ],
          [
            10.996381590580096,
            48.32183371122261
          ],
          [
            15.554931525746483,
            48.32183371122261
          ],
          [
            16.56447836156846,
            33.42439495832641
          ],
          [
            17.57402519739044,
            48.32183371122261
          ],
          [
            31.249675159665884,
            48.32183371122261
          ],
          [
            32.25922199548786,
            33.42439495832641
          ],
          [
            33.26876883130984,
            48.32183371122261
          ],
          [
            37.827318633153055,
            48.32183371122261
          ],
          [
            38.836865468975034,
            34.921362196518686
          ],
          [
            39.84641230479701,
            48.32183371122261
          ],
          [
            50.32032385179494,
            48.32183371122261
          ],
          [
            51.8237,
            30.90162638029466
          ],
          [
            49.74238566758752,
            0.0
          ],
          [
            25.411849740637155,
            0.0
          ],
          [
            24.411849740637155,
            3.458139568367642
          ],
          [
            23.411849740637155,
            0.0
          ]
        ],
        "edges": [
          {
            "endpoints": [
              0,
              1
            ],
            "curvature": {
              "type": "quadratic",
              "params": [
                [
                  0.7287692852192499,
                  0.01826847951940217
                ]
              ]
            }
          },
          {
            "endpoints": [
              1,
              2
            ],
            "curvature": {
              "type": "quadratic",
              "params": [
                [
                  0.49804539625805627,
                  0.042981660134458914
                ]
              ]
            }
          },
          {
            "endpoints": [
              2,
              3
            ],
            "label": "lower_interface"
          },
          {
            "endpoints": [
              3,
              4
            ]
          },
          {
            "endpoints": [
              4,
              5
            ]
          },
          {
            "endpoints": [
              5,
              6
            ],
            "label": "lower_interface"
          },
          {
            "endpoints": [
              6,
              7
            ]
          },
          {
            "endpoints": [
              7,
              8
            ]
          },
          {
            "endpoints": [
              8,
              9
            ],
            "label": "lower_interface"
          },
          {
            "endpoints": [
              9,
              10
            ]
          },
          {
            "endpoints": [
              10,
              11
            ]
          },
          {
            "endpoints": [
              11,
              12
            ],
            "label": "lower_interface"
          },
          {
            "endpoints": [
              12,
              13
            ]
          },
          {
            "endpoints": [
              13,
              14
            ]
          },
          {
            "endpoints": [
              14,
              15
            ],
            "label": "lower_interface"
          },
          {
            "endpoints": [
              15,
              16
            ],
            "curvature": {
              "type": "quadratic",
              "params": [
                [
                  0.5019546015423779,
                  0.042981660247787885
                ]
              ]
            }
          },
          {
            "endpoints": [
              16,
              17
            ],
            "curvature": {
              "type": "quadratic",
              "params": [
                [
                  0.2712307049782584,
                  0.018268478917867894
                ]
              ]
            }
          },
          {
            "endpoints": [
              17,
              18
            ]
          },
          {
            "endpoints": [
              18,
              19
            ]
          },
          {
            "endpoints": [
              19,
              20
            ]
          },
          {
            "endpoints": [
              20,
              0
            ]
          }
        ],
        "label": "leg"
      },
      "skirt_front": {
        "translation": [
          -21.918685667587518,
          61.77250000000001,
          25.0
        ],
        "rotation": [
          0.0,
          0.0,
          0.0
        ],
        "vertices": [
          [
            -0.9186856675875177,
            0.0
          ],
          [
            20.327149770765647,
            0.0
          ],
          [
            21.32714977076565,
            21.529071734004123
          ],
          [
            22.327149770765647,
            0.0
          ],
          [
            43.57298566758751,
            0.0
          ],
          [
            45.65429999999999,
            30.90162638029466
          ],
          [
            44.4334032645767,
            47.49230002879747
          ],
          [
            -1.7791032645767046,
            47.49230002879747
          ],
          [
            -3,
            30.90162638029466
          ]
        ],
        "edges": [
          {
            "endpoints": [
              0,
              1
            ]
          },
          {
            "endpoints": [
              1,
              2
            ]
          },
          {
            "endpoints": [
              2,
              3
            ]
          },
          {
            "endpoints": [
              3,
              4
            ]
          },
          {
            "endpoints": [
              4,
              5
            ],
            "curvature": {
              "type": "quadratic",
              "params": [
                [
                  0.7287692950217416,
                  -0.018268478917867894
                ]
              ]
            }
          },
          {
            "endpoints": [
              5,
              6
            ],
            "curvature": {
              "type": "quadratic",
              "params": [
                [
                  0.4985545386249558,
                  -0.03668751570699066
                ]
              ]
            }
          },
          {
            "endpoints": [
              6,
              7
            ],
            "label": "lower_interface"
          },
          {
            "endpoints": [
              7,
              8
            ],
            "curvature": {
              "type": "quadratic",
              "params": [
                [
                  0.5014454624826963,
                  -0.036687515673568795
                ]
              ]
            }
          },
          {
            "endpoints": [
              8,
              0
            ],
            "curvature": {
              "type": "quadratic",