{
  "pattern": {
    "panels": {
      "ins_skirt_back_0": {
        "translation": [
          -16.08815,
          20.772500000000008,
          -25.0
        ],
        "rotation": [
          0.0,
          0.0,
          0.0
        ],
        "vertices": [
          [
            0,
            0
          ],
          [
            5.5,
            22
          ],
          [
            11,
            0
          ]
        ],
        "edges": [
          {
            "endpoints": [
              0,
              1
            ]
          },
          {
            "endpoints": [
              1,
              2
            ]
          },
          {
            "endpoints": [
              2,
              0
            ]
          }
        ],
        "label": "leg"
      },
      "skirt_back": {
        "translation": [
          -27.0,
          20.772500000000008,
          -20.0
        ],
        "rotation": [
          0.0,
          0.0,
          0.0
        ],
        "vertices": [
          [
            0.0,
            0.0
          ],
          [
            0,
            65.49313395242619
          ],
          [
            2.0262230958931795,
            88.97177332775256
          ],
          [
            10.572879623226203,
            88.97177332775256
          ],
          [
            11.933528531731671,
            70.9108609530485
          ],
          [
            13.294177440237139,
            88.97177332775256
          ],
          [
            17.85272738098267,
            88.97177332775256
          ],
          [
            19.21337628948814,
            68.89327566978984
          ],
          [
            20.574025197993606,
            88.97177332775256
          ],
          [
            34.24967515647573,
            88.97177332775256
          ],
          [
            35.6103240649812,
            68.89327566978984
          ],
          [
            36.97097297348667,
            88.97177332775256
          ],
          [
            41.52952284012467,
            88.97177332775256
          ],
          [
            42.89017174863014,
            70.9108609530485
          ],
          [
            44.250820657135606,
            88.97177332775256
          ],
          [
            52.79747690410682,
            88.97177332775256
          ],
          [
            54.8237,
            65.49313395242619
          ],
          [
            54.8237,
            0.0
          ],
          [
            50.32369993938434,
            0.0
          ],
          [
            45.68641660605101,
            22.197873846077897
          ],
          [
            41.049133272717675,
            0.0
          ],
          [
            32.04913306368471,
            0.0
          ],
          [
            27.41184973035137,
            22.197873846077897
          ],
          [
            22.77456639701804,
            0.0
          ],
          [
            13.774566341431356,
            0.0
          ],
          [
            9.13728300809802,
            22.197873846077897
          ],
          [
            4.4999996747646875,
            0.0
          ]
        ],
        "edges": [
          {
            "endpoints": [
              0,
              1
            ]
          },
          {
            "endpoints": [
              1,
              2
            ],
            "curvature": {
              "type": "quadratic",
              "params": [
                [
                  0.498045396320672,
                  0.04298166013986343
                ]
              ]
            }
          },
          {
            "endpoints": [
              2,
              3
            ],
            "label": "lower_interface"
          },
          {
            "endpoints": [
              3,
              4
            ]
          },
          {
            "endpoints": [
              4,
              5
            ]
          },
          {
            "endpoints": [
              5,
              6
            ],
            "label": "lower_interface"
          },
          {
            "endpoints": [
              6,
              7
            ]
          },
          {
            "endpoints": [
              7,
              8
            ]
          },
          {
            "endpoints": [
              8,
              9
            ],
            "label": "lower_interface"
          },
          {
            "endpoints": [
              9,
              10
            ]
          },
          {
            "endpoints": [
              10,
              11
            ]
          },
          {
            "endpoints": [
              11,
              12
            ],
            "label": "lower_interface"
          },
          {
            "endpoints": [
              12,
              13
            ]
          },
          {
            "endpoints": [
              13,
              14
            ]
          },
          {
            "endpoints": [
              14,
              15
            ],
            "label": "lower_interface"
          },
          {
            "endpoints": [
              15,
              16
            ],
            "curvature": {
              "type": "quadratic",
              "params": [
                [
                  0.5019546013841197,
                  0.04298166026144425
                ]
              ]
            }
          },
          {
            "endpoints": [
              16,
              17
            ]
          },
          {
            "endpoints": [
              17,
              18
            ]
          },
          {
            "endpoints": [
              18,
              19
            ]
          },
          {
            "endpoints": [
              19,
              20
            ]
          },
          {
            "endpoints": [
              20,
              21
            ]
          },
          {
            "endpoints": [
              21,
              22
            ]
          },
          {
            "endpoints": [
              22,
              23
            ]
          },
          {
            "endpoints": [
              23,
              24
            ]
          },
          {
            "endpoints": [
              24,
              25
            ]
          },
          {
            "endpoints": [
              25,
              26
            ]
          },
          {
            "endpoints": [
              26,
              0
            ]
          }
        ],
        "label": "leg"
      },
      "skirt_front": {
        "translation": [
          -24.0,
          21.772500000000008,
          25.0
        ],
        "rotation": [
          0.0,
          0.0,
          0.0
        ],