{
  "pattern": {
    "panels": {
      "wb_front": {
        "translation": [
          -30.49239475024775,
          108.77250000000001,
          20.0
        ],
        "rotation": [
          0.0,
          0.0,
          0.0
        ],
        "vertices": [
          [
            -0.49239475024775103,
            0
          ],
          [
            -1.0946210998934518,
            -4.657970593659048
          ],
          [
            61.09462109989345,
            -4.657970593659048
          ],
          [
            60.492394750247755,
            0
          ]
        ],
        "edges": [
          {
            "endpoints": [
              0,
              1
            ]
          },
          {
            "endpoints": [
              1,
              2
            ],
            "curvature": {
              "type": "circle",
              "params": [
                242.50574686849563,
                0,
                1
              ]
            }
          },
          {
            "endpoints": [
              2,
              3
            ]
          },
          {
            "endpoints": [
              3,
              0
            ],
            "label": "lower_interface",
            "curvature": {
              "type": "circle",
              "params": [
                237.80900686849552,
                0,
                0
              ]
            }
          }
        ],
        "label": "body"
      },
      "wb_back": {
        "translation": [
          -25.69327646730319,
          108.77250000000001,
          -15.0
        ],
        "rotation": [
          0.0,
          0.0,
          0.0
        ],
        "vertices": [
          [
            -0.693276467303189,
            0
          ],
          [
            50.69327646730319,
            0
          ],
          [
            52.62092359585412,
            -4.282936279632156
          ],
          [
            40.516567508367515,
            -8.399064054440245
          ],
          [
            34.363982372981496,
            -9.557620183749847
          ],
          [
            15.636018110787994,
            -9.557620251722952
          ],
          [
            9.48343282525419,
            -8.399064133490683
          ],
          [
            -2.6209235958541264,
            -4.282936279632156
          ]
        ],
        "edges": [
          {
            "endpoints": [
              0,
              1
            ],
            "label": "lower_interface",
            "curvature": {
              "type": "circle",
              "params": [
                62.60203827126557,
                0,
                1
              ]
            }
          },
          {
            "endpoints": [
              1,
              2
            ]
          },
          {
            "endpoints": [
              2,
              3
            ],
            "curvature": {
              "type": "circle",
              "params": [
                67.29877827127315,
                0,
                0
              ]
            }
          },
          {
            "endpoints": [
              3,
              4
            ],
            "curvature": {
              "type": "circle",
              "params": [
                67.2987782712701,
                0,
                0
              ]
            }
          },
          {
            "endpoints": [
              4,
              5
            ],
            "curvature": {
              "type": "circle",
              "params": [
                67.29877827127056,
                0,
                0
              ]
            }
          },
          {
            "endpoints": [
              5,
              6
            ],
            "curvature": {
              "type": "circle",
              "params": [
                67.29877827126204,
                0,
                0
              ]
            }
          },
          {
            "endpoints": [
              6,
              7
            ],
            "curvature": {
              "type": "circle",
              "params": [
                67.29877827125816,
                0,
                0
              ]
            }
          },
          {
            "endpoints": [
              7,
              0
            ]
          }
        ],
        "label": "body"
      },
      "skirt_front": {
        "translation": [
          -24.411850000000005,
          15.236514294615262,
          25.0
        ],
        "rotation": [
          0.0,
          0.0,
          0.0
        ],
        "vertices": [
          [
            0.0,
            0.0
          ],
          [
            48.65429999999999,
            0.0
          ],
          [
            48.65429999999999,
            32.54215759761634
          ],
          [
            48.65429999999999,
            61.24116461257504
          ],
          [
            47.179122784871446,
            81.28723652005654
          ],
          [
            1.4751772151285465,
            81.28723652005654
          ],
          [
            0,
            61.24116461257504
          ],
          [
            0.0,
            12.818004256408528
          ]
        ],
        "edges": [
          {
            "endpoints": [
              0,
              1
            ]
          },
          {
            "endpoints": [
              1,
              2
            ]
          },
          {
            "endpoints": [
              2,
              3
            ]
          },
          {
            "endpoints": [
              3,
              4
            ],
            "curvature": {
              "type": "quadratic",
              "params": [
                [
                  0.49855453862539223,
                  -0.03668751570703513
                ]
              ]
            }
          },
          {
            "endpoints": [
              4,
              5
            ]
          },
          {
            "endpoints": [
              5,
              6
            ],
            "curvature": {
              "type": "quadratic",
              "params": [
                [
                  0.50144546248277,
                  -0.03668751567354589
                ]
              ]
            }
          },
          {
            "endpoints": [
              6,
              7
            ]
          },
          {
            "endpoints": [
              7,
              0
            ]
          }
        ],
        "label": "leg"
      },
      "skirt_back": {
        "translation": [
          -27.411850000000005,
          14.236514294615262,
          -20.0
        ],
        "rotation": [
          0.0,
          0.0,
          0.0
        ],