{
  "pattern": {
    "panels": {
      "skirt_back": {
        "translation": [
          -30.681898116743508,
          27.772500000000008,
          -20.0
        ],
        "rotation": [
          0.0,
          0.0,
          0.0
        ],
        "vertices": [
          [
            -0.6818981167435076,
            0.0
          ],
          [
            3,
            56.497892051747684
          ],
          [
            5.127992822930928,
            81.15577705174769
          ],
          [
            13.299518077285981,
            81.15577705174769
          ],
          [
            14.728507371553249,
            62.18773153550964
          ],
          [
            16.157496665820517,
            81.15577705174769
          ],
          [
            20.716046605358557,
            81.15577705174769
          ],
          [
            22.145035899625825,
            60.06881037074377
          ],
          [
            23.574025193893092,
            81.15577705174769
          ],
          [
            37.24967517337137,
            81.15577705174769
          ],
          [
            38.67866446763864,
            60.06881037074377
          ],
          [
            40.10765376190591,
            81.15577705174769
          ],
          [
            44.66620363029078,
            81.15577705174769
          ],
          [
            46.09519292455805,
            62.18773153550964
          ],
          [
            47.52418221882532,
            81.15577705174769
          ],
          [
            55.695707177069075,
            81.15577705174769
          ],
          [
            57.8237,
            56.497892051747684
          ],
          [
            58.12535741475731,
            45.65308959151494
          ],
          [
            61.50559811674351,
            0.0
          ]
        ],
        "edges": [
          {
            "endpoints": [
              0,
              1
            ],
            "curvature": {
              "type": "quadratic",
              "params": [
                [
                  0.7318877119549099,
                  -0.017472840057174168
                ]
              ]
            }
          },
          {
            "endpoints": [
              1,
              2
            ],
            "curvature": {
              "type": "quadratic",
              "params": [
                [
                  0.4980453961474161,
                  0.04298166012491112
                ]
              ]
            }
          },
          {
            "endpoints": [
              2,
              3
            ],
            "label": "lower_interface"
          },
          {
            "endpoints": [
              3,
              4
            ]
          },
          {
            "endpoints": [
              4,
              5
            ]
          },
          {
            "endpoints": [
              5,
              6
            ],
            "label": "lower_interface"
          },
          {
            "endpoints": [
              6,
              7
            ]
          },
          {
            "endpoints": [
              7,
              8
            ]
          },
          {
            "endpoints": [
              8,
              9
            ],
            "label": "lower_interface"
          },
          {
            "endpoints": [
              9,
              10
            ]
          },
          {
            "endpoints": [
              10,
              11
            ]
          },
          {
            "endpoints": [
              11,
              12
            ],
            "label": "lower_interface"
          },
          {
            "endpoints": [
              12,
              13
            ]
          },
          {
            "endpoints": [
              13,
              14
            ]
          },
          {
            "endpoints": [
              14,
              15
            ],
            "label": "lower_interface"
          },
          {
            "endpoints": [
              15,
              16
            ],
            "curvature": {
              "type": "quadratic",
              "params": [
                [
                  0.5019546015423779,
                  0.042981660247787885
                ]
              ]
            }
          },
          {
            "endpoints": [
              16,
              17
            ],
            "curvature": {
              "type": "quadratic",
              "params": [
                [
                  0.40119723547102426,
                  -0.011160078389808441
                ]
              ]
            }
          },
          {
            "endpoints": [
              17,
              18
            ],
            "curvature": {
              "type": "quadratic",
              "params": [
                [
                  0.3537981940680878,
                  -0.009718866639276342
                ]
              ]
            }
          },
          {
            "endpoints": [
              18,
              0
            ]
          }
        ],
        "label": "leg"
      },
      "skirt_front": {
        "translation": [
          -27.681898116743508,
          29.772500000000008,
          25.0
        ],
        "rotation": [
          0.0,
          0.0,
          0.0
        ],
        "vertices": [
          [
            -0.6818981167435076,
            0.0
          ],
          [
            26.327149714604555,
            0.0
          ],
          [
            27.327149714604563,
            48.86738692611824
          ],
          [
            28.327149714604555,
            0.0
          ],
          [
            55.3361981167435,
            0.0
          ],
          [
            51.9559574147573,
            45.65308959151494
          ],
          [
            51.65429999999999,
            56.497892051747684
          ],
          [
            49.92614999999999,
            79.98159205174768
          ],
          [
            4.728149999999999,
            79.98159205174768
          ],
          [
            3,
            56.497892051747684
          ]
        ],
        "edges": [
          {
            "endpoints": [
              0,
              1
            ]
          },
          {
            "endpoints": [
              1,
              2
            ]
          },
          {
            "endpoints": [
              2,
              3
            ]
          },
          {
            "endpoints": [
              3,
              4
            ]
          },
          {
            "endpoints": [
              4,
              5
            ],
            "curvature": {
              "type": "quadratic",
              "params": [
                [
                  0.6462018059319121,
                  0.009718866639276342
                ]
              ]
            }
          },
          {
            "endpoints": [
              5,
              6
            ],
            "curvature": {
              "type": "quadratic",
              "params": [
                [
                  0.5988027645289757,
                  0.011160078389808441
                ]
              ]
            }
          },
          {
            "endpoints": [
              6,
              7
            ],
            "curvature": {
              "type": "quadratic",
              "params": [
                [
                  0.4985545385734096,
                  -0.03668751570317946
                ]
              ]
            }
          },
          {
            "endpoints": [
              7,
              8
            ],
            "label": "lower_interface"
          },
          {
            "endpoints": [
              8,
              9
            ],
            "curvature": {
              "type": "quadratic",