{
  "pattern": {
    "panels": {
      "skirt_back": {
        "translation": [
          -21.67416061935168,
          30.772500000000008,
          -20.0
        ],
        "rotation": [
          0.0,
          0.0,
          0.0
        ],
        "vertices": [
          [
            -0.6741606193516816,
            0.0
          ],
          [
            -6,
            53.45842113444669
          ],
          [
            -3.8720071770690723,
            78.11630613444669
          ],
          [
            4.299518077285981,
            78.11630613444669
          ],
          [
            5.728507371553249,
            59.14826061820864
          ],
          [
            7.157496665820517,
            78.11630613444669
          ],
          [
            11.716046605358555,
            78.11630613444669
          ],
          [
            13.145035899625823,
            57.029339453442766
          ],
          [
            14.574025193893092,
            78.11630613444669
          ],
          [
            28.249675173371372,
            78.11630613444669
          ],
          [
            29.67866446763864,
            57.029339453442766
          ],
          [
            31.107653761905908,
            78.11630613444669
          ],
          [
            35.66620363029078,
            78.11630613444669
          ],
          [
            37.09519292455805,
            59.14826061820864
          ],
          [
            38.52418221882532,
            78.11630613444669
          ],
          [
            46.695707177069075,
            78.11630613444669
          ],
          [
            48.8237,
            53.45842113444669
          ],
          [
            43.497860619351684,
            0.0
          ],
          [
            42.497860387046025,
            0.0
          ],
          [
            36.135856847262126,
            34.5329539854293
          ],
          [
            29.773853307478234,
            0.0
          ],
          [
            27.77385323323941,
            0.0
          ],
          [
            21.411849693455512,
            34.5329539854293
          ],
          [
            15.049846153671622,
            0.0
          ],
          [
            13.049846100522378,
            0.0
          ],
          [
            6.6878425607384795,
            34.5329539854293
          ],
          [
            0.3258390209545894,
            0.0
          ]
        ],
        "edges": [
          {
            "endpoints": [
              0,
              1
            ],
            "curvature": {
              "type": "quadratic",
              "params": [
                [
                  0.7502591536598918,
                  0.024880535995596125
                ]
              ]
            }
          },
          {
            "endpoints": [
              1,
              2
            ],
            "curvature": {
              "type": "quadratic",
              "params": [
                [
                  0.49804539625805627,
                  0.042981660134458914
                ]
              ]
            }
          },
          {
            "endpoints": [
              2,
              3
            ],
            "label": "lower_interface"
          },
          {
            "endpoints": [
              3,
              4
            ]
          },
          {
            "endpoints": [
              4,
              5
            ]
          },
          {
            "endpoints": [
              5,
              6
            ],
            "label": "lower_interface"
          },
          {
            "endpoints": [
              6,
              7
            ]
          },
          {
            "endpoints": [
              7,
              8
            ]
          },
          {
            "endpoints": [
              8,
              9
            ],
            "label": "lower_interface"
          },
          {
            "endpoints": [
              9,
              10
            ]
          },
          {
            "endpoints": [
              10,
              11
            ]
          },
          {
            "endpoints": [
              11,
              12
            ],
            "label": "lower_interface"
          },
          {
            "endpoints": [
              12,
              13
            ]
          },
          {
            "endpoints": [
              13,
              14
            ]
          },
          {
            "endpoints": [
              14,
              15
            ],
            "label": "lower_interface"
          },
          {
            "endpoints": [
              15,
              16
            ],
            "curvature": {
              "type": "quadratic",
              "params": [
                [
                  0.5019546014275647,
                  0.04298166025769451
                ]
              ]
            }
          },
          {
            "endpoints": [
              16,
              17
            ],
            "curvature": {
              "type": "quadratic",
              "params": [
                [
                  0.24974083928684232,
                  0.024880535648489
                ]
              ]
            }
          },
          {
            "endpoints": [
              17,
              18
            ]
          },
          {
            "endpoints": [
              18,
              19
            ]
          },
          {
            "endpoints": [
              19,
              20
            ]
          },
          {
            "endpoints": [
              20,
              21
            ]
          },
          {
            "endpoints": [
              21,
              22
            ]
          },
          {
            "endpoints": [
              22,
              23
            ]
          },
          {
            "endpoints": [
              23,
              24
            ]
          },
          {
            "endpoints": [
              24,
              25
            ]
          },
          {
            "endpoints": [
              25,
              26
            ]
          },
          {
            "endpoints": [
              26,
              0
            ]
          }
        ],
        "label": "leg"
      },
      "skirt_front": {
        "translation": [
          -18.67416061935168,
          32.77250000000001,
          25.0
        ],
        "rotation": [
          0.0,
          0.0,
          0.0
        ],
        "vertices": [
          [
            -0.6741606193516816,
            0.0
          ],
          [
            0.3258395094101516,
            0.0
          ],
          [
            5.659609715860711,
            34.706640508478785
          ],
          [
            10.99337992231127,
            0.0
          ],
          [
            12.993380048196485,
            0.0
          ],
          [
            18.327150254647044,
            34.706640508478785
          ],
          [
            23.660920461097604,
            0.0
          ],
          [
            25.660920468347328,
            0.0
          ],
          [
            30.994690674797887,
            34.706640508478785
          ],
          [
            36.328460881248446,
            0.0
          ],
          [
            37.328460619351674,
            0.0
          ],
          [
            42.65429999999999,
            53.45842113444669
          ],
          [
            40.92614999999999,
            76.9421211344467
          ],
          [
            -4.271850000000001,
            76.9421211344467
          ],
          [
            -6,
            53.45842113444669
          ]
        ],