{
  "pattern": {
    "panels": {
      "skirt_back": {
        "translation": [
          -27.41185,
          5.016427505309679,
          -20.0
        ],
        "rotation": [
          0.0,
          0.0,
          0.0
        ],
        "vertices": [
          [
            0.0,
            0.0
          ],
          [
            0.0,
            26.695337855078435
          ],
          [
            0,
            58.50700505378955
          ],
          [
            1.5788421744199113,
            76.80166674178142
          ],
          [
            11.774580192849978,
            76.80166674178142
          ],
          [
            12.834803958772397,
            62.728522366178794
          ],
          [
            13.895027724694817,
            76.80166674178142
          ],
          [
            18.453577668413345,
            76.80166674178142
          ],
          [
            19.513801434335768,
            61.15641081431953
          ],
          [
            20.574025200258184,
            76.80166674178142
          ],
          [
            34.2496751589494,
            76.80166674178142
          ],
          [
            35.309898924871824,
            61.15641081431953
          ],
          [
            36.37012269079425,
            76.80166674178142
          ],
          [
            40.92867249581367,
            76.80166674178142
          ],
          [
            41.98889626173609,
            62.728522366178794
          ],
          [
            43.0491200276585,
            76.80166674178142
          ],
          [
            53.24485782558009,
            76.80166674178142
          ],
          [
            54.8237,
            58.50700505378955
          ],
          [
            54.8237,
            50.12136296933169
          ],
          [
            54.8237,
            0.0
          ],
          [
            28.411849730593072,
            0.0
          ],
          [
            27.411849730593076,
            26.2133618003584
          ],
          [
            26.411849730593072,
            0.0
          ]
        ],
        "edges": [
          {
            "endpoints": [
              0,
              1
            ]
          },
          {
            "endpoints": [
              1,
              2
            ]
          },
          {
            "endpoints": [
              2,
              3
            ],
            "curvature": {
              "type": "quadratic",
              "params": [
                [
                  0.49804539625805627,
                  0.042981660134458914
                ]
              ]
            }
          },
          {
            "endpoints": [
              3,
              4
            ]
          },
          {
            "endpoints": [
              4,
              5
            ]
          },
          {
            "endpoints": [
              5,
              6
            ]
          },
          {
            "endpoints": [
              6,
              7
            ]
          },
          {
            "endpoints": [
              7,
              8
            ]
          },
          {
            "endpoints": [
              8,
              9
            ]
          },
          {
            "endpoints": [
              9,
              10
            ]
          },
          {
            "endpoints": [
              10,
              11
            ]
          },
          {
            "endpoints": [
              11,
              12
            ]
          },
          {
            "endpoints": [
              12,
              13
            ]
          },
          {
            "endpoints": [
              13,
              14
            ]
          },
          {
            "endpoints": [
              14,
              15
            ]
          },
          {
            "endpoints": [
              15,
              16
            ]
          },
          {
            "endpoints": [
              16,
              17
            ],
            "curvature": {
              "type": "quadratic",
              "params": [
                [
                  0.5019546015423715,
                  0.042981660247787185
                ]
              ]
            }
          },
          {
            "endpoints": [
              17,
              18
            ]
          },
          {
            "endpoints": [
              18,
              19
            ]
          },
          {
            "endpoints": [
              19,
              20
            ]
          },
          {
            "endpoints": [
              20,
              21
            ]
          },
          {
            "endpoints": [
              21,
              22
            ]
          },
          {
            "endpoints": [
              22,
              0
            ]
          }
        ],
        "label": "leg"
      },
      "skirt_front": {
        "translation": [
          -24.41185,
          6.016427505309679,
          25.0
        ],
        "rotation": [
          0.0,
          0.0,
          0.0
        ],
        "vertices": [
          [
            0.0,
            0.0
          ],
          [
            23.32714975089506,
            0.0
          ],
          [
            24.327149750895067,
            43.731903467495464
          ],
          [
            25.32714975089506,
            0.0
          ],
          [
            48.65429999999999,
            0.0
          ],
          [
            48.65429999999999,
            50.12136296933169
          ],
          [
            48.65429999999999,
            58.50700505378955
          ],
          [
            47.372117055432646,
            75.93049237568657
          ],
          [
            1.2821829445673458,
            75.93049237568657
          ],
          [
            0,
            58.50700505378955
          ],
          [
            0.0,
            26.695337855078435
          ]
        ],
        "edges": [
          {
            "endpoints": [
              0,
              1
            ]
          },
          {
            "endpoints": [
              1,
              2
            ]
          },
          {
            "endpoints": [
              2,
              3
            ]
          },
          {
            "endpoints": [
              3,
              4
            ]
          },
          {
            "endpoints": [
              4,
              5
            ]
          },
          {
            "endpoints": [
              5,
              6
            ]
          },
          {
            "endpoints": [
              6,
              7
            ],
            "curvature": {
              "type": "quadratic",
              "params": [
                [
                  0.49855453862490484,
                  -0.03668751570698456
                ]
              ]
            }
          },
          {
            "endpoints": [
              7,
              8
            ]
          },
          {
            "endpoints": [
              8,
              9
            ],
            "curvature": {
              "type": "quadratic",
              "params": [
                [
                  0.50144546248277,
                  -0.03668751567354553
                ]
              ]
            }
          },
          {
            "endpoints": [
              9,
              10
            ]
          },
          {
            "endpoints": [
              10,
              0
            ]
          }
        ],
        "label": "leg"
      },
      "wb_front": {
        "translation": [
          -22.576910080912644,
          108.77250000000001,
          20.0
        ],
        "rotation": [
          0.0,
          0.0,
          0.0
        ],