{
  "pattern": {
    "panels": {
      "skirt_back": {
        "translation": [
          -27.0,
          53.77250000000001,
          -20.0
        ],
        "rotation": [
          0.0,
          0.0,
          0.0
        ],
        "vertices": [
          [
            0.0,
            0.0
          ],
          [
            0.0,
            31.07713891048687
          ],
          [
            0,
            42.95615138719788
          ],
          [
            1.125637193373933,
            55.99934973206285
          ],
          [
            12.991924656548958,
            55.99934973206285
          ],
          [
            13.747812308625225,
            45.965886607276616
          ],
          [
            14.503699960701491,
            55.99934973206285
          ],
          [
            19.06224989250233,
            55.99934973206285
          ],
          [
            19.818137544578597,
            44.845048018355726
          ],
          [
            20.574025196654866,
            55.99934973206285
          ],
          [
            34.24967516607202,
            55.99934973206285
          ],
          [
            35.00556281814828,
            44.845048018355726
          ],
          [
            35.761450470224545,
            55.99934973206285
          ],
          [
            40.32000039360642,
            55.99934973206285
          ],
          [
            41.07588804568269,
            45.965886607276616
          ],
          [
            41.83177569775896,
            55.99934973206285
          ],
          [
            53.69806280662607,
            55.99934973206285
          ],
          [
            54.8237,
            42.95615138719788
          ],
          [
            54.8237,
            7.553208335412705
          ],
          [
            54.8237,
            0.0
          ]
        ],
        "edges": [
          {
            "endpoints": [
              0,
              1
            ]
          },
          {
            "endpoints": [
              1,
              2
            ]
          },
          {
            "endpoints": [
              2,
              3
            ],
            "curvature": {
              "type": "quadratic",
              "params": [
                [
                  0.49804539625805544,
                  0.04298166013445958
                ]
              ]
            }
          },
          {
            "endpoints": [
              3,
              4
            ],
            "label": "lower_interface"
          },
          {
            "endpoints": [
              4,
              5
            ]
          },
          {
            "endpoints": [
              5,
              6
            ]
          },
          {
            "endpoints": [
              6,
              7
            ],
            "label": "lower_interface"
          },
          {
            "endpoints": [
              7,
              8
            ]
          },
          {
            "endpoints": [
              8,
              9
            ]
          },
          {
            "endpoints": [
              9,
              10
            ],
            "label": "lower_interface"
          },
          {
            "endpoints": [
              10,
              11
            ]
          },
          {
            "endpoints": [
              11,
              12
            ]
          },
          {
            "endpoints": [
              12,
              13
            ],
            "label": "lower_interface"
          },
          {
            "endpoints": [
              13,
              14
            ]
          },
          {
            "endpoints": [
              14,
              15
            ]
          },
          {
            "endpoints": [
              15,
              16
            ],
            "label": "lower_interface"
          },
          {
            "endpoints": [
              16,
              17
            ],
            "curvature": {
              "type": "quadratic",
              "params": [
                [
                  0.5019546014281808,
                  0.04298166025764152
                ]
              ]
            }
          },
          {
            "endpoints": [
              17,
              18
            ]
          },
          {
            "endpoints": [
              18,
              19
            ]
          },
          {
            "endpoints": [
              19,
              0
            ]
          }
        ],
        "label": "leg"
      },
      "skirt_front": {
        "translation": [
          -24.0,
          53.77250000000001,
          25.0
        ],
        "rotation": [
          0.0,
          0.0,
          0.0
        ],
        "vertices": [
          [
            0.0,
            0.0
          ],
          [
            23.32714975089506,
            0.0
          ],
          [
            24.327149750895064,
            31.492253536397307
          ],
          [
            25.32714975089506,
            0.0
          ],
          [
            48.65429999999999,
            0.0
          ],
          [
            48.65429999999999,
            7.553208335412705
          ],
          [
            48.65429999999999,
            42.95615138719788
          ],
          [
            47.74016631742022,
            55.378245048974044
          ],
          [
            0.9141336825797737,
            55.378245048974044
          ],
          [
            0,
            42.95615138719788
          ],
          [
            0.0,
            31.07713891048687
          ]
        ],
        "edges": [
          {
            "endpoints": [
              0,
              1
            ]
          },
          {
            "endpoints": [
              1,
              2
            ]
          },
          {
            "endpoints": [
              2,
              3
            ]
          },
          {
            "endpoints": [
              3,
              4
            ]
          },
          {
            "endpoints": [
              4,
              5
            ]
          },
          {
            "endpoints": [
              5,
              6
            ]
          },
          {
            "endpoints": [
              6,
              7
            ],
            "curvature": {
              "type": "quadratic",
              "params": [
                [
                  0.4985545386247834,
                  -0.03668751570704501
                ]
              ]
            }
          },
          {
            "endpoints": [
              7,
              8
            ],
            "label": "lower_interface"
          },
          {
            "endpoints": [
              8,
              9
            ],
            "curvature": {
              "type": "quadratic",
              "params": [
                [
                  0.50144546248277,
                  -0.03668751567354595
                ]
              ]
            }
          },
          {
            "endpoints": [
              9,
              10
            ]
          },
          {
            "endpoints": [
              10,
              0
            ]
          }
        ],
        "label": "leg"
      }
    },
    "stitches": [
      [
        {
          "panel": "skirt_back",
          "edge": 4
        },
        {
          "panel": "skirt_back",
          "edge": 5
        }
      ],
      [
        {
          "panel": "skirt_back",
          "edge": 7
        },
        {
          "panel": "skirt_back",
          "edge": 8
        }
      ],
      [
        {
          "panel": "skirt_back",
          "edge": 10
        },
        {
          "panel": "skirt_back",
          "edge": 11
        }
      ],
      [
        {
          "panel": "skirt_back",
          "edge": 13
        },
        {
          "panel": "skirt_back",