{
  "pattern": {
    "panels": {
      "skirt_front": {
        "translation": [
          -20.433117305036703,
          96.09551647722543,
          17.5
        ],
        "rotation": [
          0.0,
          0.0,
          0.0
        ],
        "vertices": [
          [
            -0.43311730503670276,
            0
          ],
          [
            -9.690580245202359,
            -10.673351096293448
          ],
          [
            49.690580245202355,
            -10.673351096293448
          ],
          [
            40.4331173050367,
            0
          ]
        ],
        "edges": [
          {
            "endpoints": [
              0,
              1
            ]
          },
          {
            "endpoints": [
              1,
              2
            ],
            "curvature": {
              "type": "circle",
              "params": [
                45.313735358992695,
                0,
                1
              ]
            }
          },
          {
            "endpoints": [
              2,
              3
            ]
          },
          {
            "endpoints": [
              3,
              0
            ],
            "curvature": {
              "type": "circle",
              "params": [
                31.185004215918003,
                0,
                0
              ]
            }
          }
        ],
        "label": "leg"
      },
      "skirt_back": {
        "translation": [
          -20.433117305036703,
          96.09551647722543,
          -12.5
        ],
        "rotation": [
          0.0,
          0.0,
          0.0
        ],
        "vertices": [
          [
            -0.43311730503670276,
            0
          ],
          [
            40.4331173050367,
            0
          ],
          [
            49.690580245202355,
            -10.673351096293448
          ],
          [
            34.53892033660411,
            -19.35972377263455
          ],
          [
            30.04477783651252,
            -13.263203820420621
          ],
          [
            29.269031559242116,
            -20.797332174263097
          ],
          [
            -9.690580245202359,
            -10.673351096293448
          ]
        ],
        "edges": [
          {
            "endpoints": [
              0,
              1
            ],
            "curvature": {
              "type": "circle",
              "params": [
                31.185004215918003,
                0,
                1
              ]
            }
          },
          {
            "endpoints": [
              1,
              2
            ]
          },
          {
            "endpoints": [
              2,
              3
            ],
            "curvature": {
              "type": "circle",
              "params": [
                45.31373535899334,
                0,
                0
              ]
            }
          },
          {
            "endpoints": [
              3,
              4
            ]
          },
          {
            "endpoints": [
              4,
              5
            ]
          },
          {
            "endpoints": [
              5,
              6
            ],
            "curvature": {
              "type": "circle",
              "params": [
                45.3137347201207,
                0,
                0
              ]
            }
          },
          {
            "endpoints": [
              6,
              0
            ]
          }
        ],
        "label": "leg"
      },
      "wb_front": {
        "translation": [
          -22.569345578860453,
          108.77250000000001,
          20.0
        ],
        "rotation": [
          0.0,
          0.0,
          0.0
        ],
        "vertices": [
          [
            -0.5693455788604531,
            0
          ],
          [
            -1.4734608284630042,
            -10.160620393543253
          ],
          [
            45.473460828463004,
            -10.160620393543253
          ],
          [
            44.56934557886045,
            0
          ]
        ],
        "edges": [
          {
            "endpoints": [
              0,
              1
            ]
          },
          {
            "endpoints": [
              1,
              2
            ],
            "curvature": {
              "type": "circle",
              "params": [
                264.8415520426033,
                0,
                1
              ]
            }
          },
          {
            "endpoints": [
              2,
              3
            ]
          },
          {
            "endpoints": [
              3,
              0
            ],
            "label": "lower_interface",
            "curvature": {
              "type": "circle",
              "params": [
                254.64078583774182,
                0,
                0
              ]
            }
          }
        ],
        "label": "body"
      },
      "wb_back": {
        "translation": [
          -19.23800293482286,
          108.77250000000001,
          -15.0
        ],
        "rotation": [
          0.0,
          0.0,
          0.0
        ],
        "vertices": [
          [
            -0.23800293482285895,
            0
          ],
          [
            38.23800293482286,
            0
          ],
          [
            41.435758801309746,
            -9.686588077574044
          ],
          [
            -3.435758801309749,
            -9.686588077574044
          ]
        ],
        "edges": [
          {
            "endpoints": [
              0,
              1
            ],
            "label": "lower_interface",
            "curvature": {
              "type": "circle",
              "params": [
                61.36877809942656,
                0,
                1
              ]
            }
          },
          {
            "endpoints": [
              1,
              2
            ]
          },
          {
            "endpoints": [
              2,
              3
            ],
            "curvature": {
              "type": "circle",
              "params": [
                71.56954430428836,
                0,
                0
              ]
            }
          },
          {
            "endpoints": [
              3,
              0
            ]
          }
        ],
        "label": "body"
      }
    },
    "stitches": [
      [
        {
          "panel": "skirt_front",
          "edge": 0
        },
        {
          "panel": "skirt_back",
          "edge": 6
        }
      ],
      [
        {
          "panel": "skirt_front",
          "edge": 2
        },
        {
          "panel": "skirt_back",
          "edge": 1
        }
      ],
      [
        {
          "panel": "wb_front",
          "edge": 0
        },
        {
          "panel": "wb_back",
          "edge": 3
        }
      ],
      [
        {
          "panel": "wb_front",
          "edge": 2
        },
        {
          "panel": "wb_back",
          "edge": 1
        }
      ],
      [
        {
          "panel": "wb_front",
          "edge": 1
        },
        {
          "panel": "skirt_front",
          "edge": 3
        }
      ],
      [
        {
          "panel": "wb_back",
          "edge": 2
        },
        {
          "panel": "skirt_back",
          "edge": 0
        }
      ]
    ],
    "panel_order": [
      "skirt_back",
      "skirt_front",
      "wb_back",
      "wb_front"
    ]
  },
  "parameters": {},
  "parameter_order": [],
  "properties": {
    "curvature_coords": "relative",
    "normalize_panel_translation": false,
    "normalized_edge_loops": true,
    "units_in_meter": 100
  }
}