{
  "pattern": {
    "panels": {
      "skirt_back": {
        "translation": [
          -38.57062102195418,
          50.41793009220356,
          -20.0
        ],
        "rotation": [
          0.0,
          0.0,
          0.0
        ],
        "vertices": [
          [
            -0.15877102195418047,
            0.0
          ],
          [
            10.89458652224063,
            18.742766175689415
          ],
          [
            11,
            21.46756227447587
          ],
          [
            13.127992822930928,
            46.125447274475874
          ],
          [
            21.29951807728598,
            46.125447274475874
          ],
          [
            22.72850737155325,
            27.15740175823782
          ],
          [
            24.157496665820517,
            46.125447274475874
          ],
          [
            28.716046605358557,
            46.125447274475874
          ],
          [
            30.145035899625825,
            25.038480593471952
          ],
          [
            31.574025193893092,
            46.125447274475874
          ],
          [
            45.24967517337137,
            46.125447274475874
          ],
          [
            46.67866446763864,
            25.038480593471952
          ],
          [
            48.10765376190591,
            46.125447274475874
          ],
          [
            52.66620363029078,
            46.125447274475874
          ],
          [
            54.09519292455805,
            27.15740175823782
          ],
          [
            55.52418221882532,
            46.125447274475874
          ],
          [
            63.695707177069075,
            46.125447274475874
          ],
          [
            65.8237,
            21.46756227447587
          ],
          [
            68.4323833107712,
            9.27132845645854
          ],
          [
            76.98247102195418,
            0.0
          ],
          [
            39.411849606160196,
            0.0
          ],
          [
            38.411849606160196,
            5.2848955094019985
          ],
          [
            37.411849606160196,
            0.0
          ]
        ],
        "edges": [
          {
            "endpoints": [
              0,
              1
            ],
            "curvature": {
              "type": "quadratic",
              "params": [
                [
                  0.488816331593677,
                  -0.2492237603541678
                ]
              ]
            }
          },
          {
            "endpoints": [
              1,
              2
            ],
            "curvature": {
              "type": "quadratic",
              "params": [
                [
                  0.488156791862511,
                  -0.019801548064358156
                ]
              ]
            }
          },
          {
            "endpoints": [
              2,
              3
            ],
            "curvature": {
              "type": "quadratic",
              "params": [
                [
                  0.4980453962580173,
                  0.04298166013445659
                ]
              ]
            }
          },
          {
            "endpoints": [
              3,
              4
            ]
          },
          {
            "endpoints": [
              4,
              5
            ]
          },
          {
            "endpoints": [
              5,
              6
            ]
          },
          {
            "endpoints": [
              6,
              7
            ]
          },
          {
            "endpoints": [
              7,
              8
            ]
          },
          {
            "endpoints": [
              8,
              9
            ]
          },
          {
            "endpoints": [
              9,
              10
            ]
          },
          {
            "endpoints": [
              10,
              11
            ]
          },
          {
            "endpoints": [
              11,
              12
            ]
          },
          {
            "endpoints": [
              12,
              13
            ]
          },
          {
            "endpoints": [
              13,
              14
            ]
          },
          {
            "endpoints": [
              14,
              15
            ]
          },
          {
            "endpoints": [
              15,
              16
            ]
          },
          {
            "endpoints": [
              16,
              17
            ],
            "curvature": {
              "type": "quadratic",
              "params": [
                [
                  0.5019546015423715,
                  0.042981660247787185
                ]
              ]
            }
          },
          {
            "endpoints": [
              17,
              18
            ],
            "curvature": {
              "type": "quadratic",
              "params": [
                [
                  0.5447903292002878,
                  -0.11652658809547693
                ]
              ]
            }
          },
          {
            "endpoints": [
              18,
              19
            ],
            "curvature": {
              "type": "quadratic",
              "params": [
                [
                  0.47654652198648273,
                  -0.13890752771313378
                ]
              ]
            }
          },
          {
            "endpoints": [
              19,
              20
            ]
          },
          {
            "endpoints": [
              20,
              21
            ]
          },
          {
            "endpoints": [
              21,
              22
            ]
          },
          {
            "endpoints": [
              22,
              0
            ]
          }
        ],
        "label": "leg"
      },
      "skirt_front": {
        "translation": [
          -35.57062102195418,
          52.41793009220356,
          25.0
        ],
        "rotation": [
          0.0,
          0.0,
          0.0
        ],
        "vertices": [
          [
            -0.15877102195418047,
            0.0
          ],
          [
            34.32714964383394,
            0.0
          ],
          [
            35.32714964383394,
            8.277324501898278
          ],
          [
            36.32714964383394,
            0.0
          ],
          [
            70.81307102195417,
            0.0
          ],
          [
            62.26298331077119,
            9.27132845645854
          ],
          [
            59.65429999999999,
            21.46756227447587
          ],
          [
            57.92614999999999,
            44.951262274475866
          ],
          [
            12.72815,
            44.951262274475866
          ],
          [
            11,
            21.46756227447587
          ],
          [
            10.89458652224063,
            18.742766175689415
          ]
        ],
        "edges": [
          {
            "endpoints": [
              0,
              1
            ]
          },
          {
            "endpoints": [
              1,
              2
            ]
          },
          {
            "endpoints": [
              2,
              3
            ]
          },
          {
            "endpoints": [
              3,
              4
            ]
          },
          {
            "endpoints": [
              4,
              5
            ],
            "curvature": {
              "type": "quadratic",
              "params": [
                [
                  0.5234534780135169,
                  0.13890752771313333
                ]
              ]
            }
          },
          {
            "endpoints": [
              5,
              6
            ],
            "curvature": {
              "type": "quadratic",