{
  "pattern": {
    "panels": {
      "skirt_back": {
        "translation": [
          -34.81152472621515,
          52.77250000000001,
          -20.0
        ],
        "rotation": [
          0.0,
          0.0,
          0.0
        ],
        "vertices": [
          [
            -0.811524726215147,
            0.0
          ],
          [
            7,
            37.06407261365216
          ],
          [
            8.702479372683605,
            56.79136686678089
          ],
          [
            18.442480895221696,
            56.79136686678089
          ],
          [
            19.585729486598495,
            41.61617177987189
          ],
          [
            20.7289780779753,
            56.79136686678089
          ],
          [
            25.287528015319158,
            56.79136686678089
          ],
          [
            26.430776606695957,
            39.92095009656375
          ],
          [
            27.57402519807276,
            56.79136686678089
          ],
          [
            41.249675168091265,
            56.79136686678089
          ],
          [
            42.39292375946807,
            39.92095009656375
          ],
          [
            43.53617235084487,
            56.79136686678089
          ],
          [
            48.09472215704142,
            56.79136686678089
          ],
          [
            49.23797074841821,
            41.61617177987189
          ],
          [
            50.38121933979502,
            56.79136686678089
          ],
          [
            60.1212206273164,
            56.79136686678089
          ],
          [
            61.8237,
            37.06407261365216
          ],
          [
            69.63522472621514,
            0.0
          ],
          [
            35.411849648245905,
            0.0
          ],
          [
            34.411849648245905,
            14.438425438457223
          ],
          [
            33.411849648245905,
            0.0
          ]
        ],
        "edges": [
          {
            "endpoints": [
              0,
              1
            ],
            "curvature": {
              "type": "quadratic",
              "params": [
                [
                  0.7530387523863326,
                  -0.052048893507999315
                ]
              ]
            }
          },
          {
            "endpoints": [
              1,
              2
            ],
            "curvature": {
              "type": "quadratic",
              "params": [
                [
                  0.49804539626351696,
                  0.04298166013493028
                ]
              ]
            }
          },
          {
            "endpoints": [
              2,
              3
            ],
            "label": "lower_interface"
          },
          {
            "endpoints": [
              3,
              4
            ]
          },
          {
            "endpoints": [
              4,
              5
            ]
          },
          {
            "endpoints": [
              5,
              6
            ],
            "label": "lower_interface"
          },
          {
            "endpoints": [
              6,
              7
            ]
          },
          {
            "endpoints": [
              7,
              8
            ]
          },
          {
            "endpoints": [
              8,
              9
            ],
            "label": "lower_interface"
          },
          {
            "endpoints": [
              9,
              10
            ]
          },
          {
            "endpoints": [
              10,
              11
            ]
          },
          {
            "endpoints": [
              11,
              12
            ],
            "label": "lower_interface"
          },
          {
            "endpoints": [
              12,
              13
            ]
          },
          {
            "endpoints": [
              13,
              14
            ]
          },
          {
            "endpoints": [
              14,
              15
            ],
            "label": "lower_interface"
          },
          {
            "endpoints": [
              15,
              16
            ],
            "curvature": {
              "type": "quadratic",
              "params": [
                [
                  0.5019546014243962,
                  0.04298166025796899
                ]
              ]
            }
          },
          {
            "endpoints": [
              16,
              17
            ],
            "curvature": {
              "type": "quadratic",
              "params": [
                [
                  0.24696122325474987,
                  -0.05204889021344019
                ]
              ]
            }
          },
          {
            "endpoints": [
              17,
              18
            ]
          },
          {
            "endpoints": [
              18,
              19
            ]
          },
          {
            "endpoints": [
              19,
              20
            ]
          },
          {
            "endpoints": [
              20,
              0
            ]
          }
        ],
        "label": "leg"
      },
      "skirt_front": {
        "translation": [
          -31.811524726215147,
          53.77250000000001,
          25.0
        ],
        "rotation": [
          0.0,
          0.0,
          0.0
        ],
        "vertices": [
          [
            -0.811524726215147,
            0.0
          ],
          [
            30.327149674072974,
            0.0
          ],
          [
            31.327149674072977,
            28.44818985993293
          ],
          [
            32.32714967407297,
            0.0
          ],
          [
            63.46582472621514,
            0.0
          ],
          [
            55.65429999999999,
            37.06407261365216
          ],
          [
            54.27171087836428,
            55.85197190234619
          ],
          [
            8.38258912163571,
            55.85197190234619
          ],
          [
            7,
            37.06407261365216
          ]
        ],
        "edges": [
          {
            "endpoints": [
              0,
              1
            ]
          },
          {
            "endpoints": [
              1,
              2
            ]
          },
          {
            "endpoints": [
              2,
              3
            ]
          },
          {
            "endpoints": [
              3,
              4
            ]
          },
          {
            "endpoints": [
              4,
              5
            ],
            "curvature": {
              "type": "quadratic",
              "params": [
                [
                  0.7530387767452501,
                  0.05204889021344019
                ]
              ]
            }
          },
          {
            "endpoints": [
              5,
              6
            ],
            "curvature": {
              "type": "quadratic",
              "params": [
                [
                  0.49855453859892807,
                  -0.03668751570507808
                ]
              ]
            }
          },
          {
            "endpoints": [
              6,
              7
            ],
            "label": "lower_interface"
          },
          {
            "endpoints": [
              7,
              8
            ],
            "curvature": {
              "type": "quadratic",
              "params": [
                [
                  0.5014454625099062,
                  -0.03668751567155607
                ]
              ]
            }
          },
          {
            "endpoints": [
              8,
              0
            ],
            "curvature": {
              "type": "quadratic",