{
  "pattern": {
    "panels": {
      "skirt_back": {
        "translation": [
          -27.0,
          43.11411052051015,
          -20.0
        ],
        "rotation": [
          0.0,
          0.0,
          0.0
        ],
        "vertices": [
          [
            0.0,
            -0.6583894794898555
          ],
          [
            0,
            46.4002685027306
          ],
          [
            1.639015093513592,
            65.39217733513844
          ],
          [
            11.612950971394985,
            65.39217733513844
          ],
          [
            12.713582043330424,
            50.7826765132571
          ],
          [
            13.814213115265865,
            65.39217733513844
          ],
          [
            18.372763052420282,
            65.39217733513844
          ],
          [
            19.47339412435572,
            49.150648560158416
          ],
          [
            20.57402519629116,
            65.39217733513844
          ],
          [
            34.24967515554082,
            65.39217733513844
          ],
          [
            35.35030622747626,
            49.150648560158416
          ],
          [
            36.4509372994117,
            65.39217733513844
          ],
          [
            41.009487116502115,
            65.39217733513844
          ],
          [
            42.11011818843755,
            50.7826765132571
          ],
          [
            43.21074926037299,
            65.39217733513844
          ],
          [
            53.18468490648641,
            65.39217733513844
          ],
          [
            54.8237,
            46.4002685027306
          ],
          [
            54.8237,
            -9.341610520510145
          ],
          [
            28.39953806971877,
            -5.156434422137636
          ],
          [
            34.317261908231956,
            38.599056648203366
          ],
          [
            26.424161388528493,
            -4.8435654920571665
          ]
        ],
        "edges": [
          {
            "endpoints": [
              0,
              1
            ]
          },
          {
            "endpoints": [
              1,
              2
            ],
            "curvature": {
              "type": "quadratic",
              "params": [
                [
                  0.4980453962653202,
                  0.04298166013508572
                ]
              ]
            }
          },
          {
            "endpoints": [
              2,
              3
            ],
            "label": "lower_interface"
          },
          {
            "endpoints": [
              3,
              4
            ]
          },
          {
            "endpoints": [
              4,
              5
            ]
          },
          {
            "endpoints": [
              5,
              6
            ],
            "label": "lower_interface"
          },
          {
            "endpoints": [
              6,
              7
            ]
          },
          {
            "endpoints": [
              7,
              8
            ]
          },
          {
            "endpoints": [
              8,
              9
            ],
            "label": "lower_interface"
          },
          {
            "endpoints": [
              9,
              10
            ]
          },
          {
            "endpoints": [
              10,
              11
            ]
          },
          {
            "endpoints": [
              11,
              12
            ],
            "label": "lower_interface"
          },
          {
            "endpoints": [
              12,
              13
            ]
          },
          {
            "endpoints": [
              13,
              14
            ]
          },
          {
            "endpoints": [
              14,
              15
            ],
            "label": "lower_interface"
          },
          {
            "endpoints": [
              15,
              16
            ],
            "curvature": {
              "type": "quadratic",
              "params": [
                [
                  0.5019546013841197,
                  0.04298166026144425
                ]
              ]
            }
          },
          {
            "endpoints": [
              16,
              17
            ]
          },
          {
            "endpoints": [
              17,
              18
            ]
          },
          {
            "endpoints": [
              18,
              19
            ]
          },
          {
            "endpoints": [
              19,
              20
            ]
          },
          {
            "endpoints": [
              20,
              0
            ]
          }
        ],
        "label": "leg"
      },
      "skirt_front": {
        "translation": [
          -24.0,
          43.62554203744105,
          25.0
        ],
        "rotation": [
          0.0,
          0.0,
          0.0
        ],
        "vertices": [
          [
            0.0,
            -0.14695796255895743
          ],
          [
            48.65429999999999,
            -7.853042037441043
          ],
          [
            48.65429999999999,
            47.4002685027306
          ],
          [
            47.32325042909293,
            65.4878007240714
          ],
          [
            1.3310495709070622,
            65.4878007240714
          ],
          [
            0,
            47.4002685027306
          ]
        ],
        "edges": [
          {
            "endpoints": [
              0,
              1
            ]
          },
          {
            "endpoints": [
              1,
              2
            ]
          },
          {
            "endpoints": [
              2,
              3
            ],
            "curvature": {
              "type": "quadratic",
              "params": [
                [
                  0.4985545386256178,
                  -0.03668751570703663
                ]
              ]
            }
          },
          {
            "endpoints": [
              3,
              4
            ],
            "label": "lower_interface"
          },
          {
            "endpoints": [
              4,
              5
            ],
            "curvature": {
              "type": "quadratic",
              "params": [
                [
                  0.5014454624837781,
                  -0.036687515673490656
                ]
              ]
            }
          },
          {
            "endpoints": [
              5,
              0
            ]
          }
        ],
        "label": "leg"
      }
    },
    "stitches": [
      [
        {
          "panel": "skirt_back",
          "edge": 3
        },
        {
          "panel": "skirt_back",
          "edge": 4
        }
      ],
      [
        {
          "panel": "skirt_back",
          "edge": 6
        },
        {
          "panel": "skirt_back",
          "edge": 7
        }
      ],
      [
        {
          "panel": "skirt_back",
          "edge": 9
        },
        {
          "panel": "skirt_back",
          "edge": 10
        }
      ],
      [
        {
          "panel": "skirt_back",
          "edge": 12
        },
        {
          "panel": "skirt_back",
          "edge": 13
        }
      ],
      [
        {
          "panel": "skirt_front",
          "edge": 5
        },
        {
          "panel": "skirt_back",
          "edge": 0
        }
      ],
      [
        {
          "panel": "skirt_front",
          "edge": 4
        },
        {
          "panel": "skirt_back",
          "edge": 1
        }
      ],
      [
        {
          "panel": "skirt_front",
          "edge": 2
        },
        {
          "panel": "skirt_back",
          "edge": 15
        }
      ],
      [
        {
          "panel": "skirt_front",