{
  "pattern": {
    "panels": {
      "skirt_front": {
        "translation": [
          -20.24170232469043,
          88.31591771694764,
          17.5
        ],
        "rotation": [
          0.0,
          0.0,
          0.0
        ],
        "vertices": [
          [
            -0.2417023246904293,
            0
          ],
          [
            -39.99116213596513,
            -74.09156327992197
          ],
          [
            79.99116213596514,
            -74.09156327992197
          ],
          [
            40.24170232469043,
            0
          ]
        ],
        "edges": [
          {
            "endpoints": [
              0,
              1
            ]
          },
          {
            "endpoints": [
              1,
              2
            ],
            "curvature": {
              "type": "circle",
              "params": [
                126.89743080487878,
                0,
                1
              ]
            }
          },
          {
            "endpoints": [
              2,
              3
            ]
          },
          {
            "endpoints": [
              3,
              0
            ],
            "curvature": {
              "type": "circle",
              "params": [
                42.81664046278632,
                0,
                0
              ]
            }
          }
        ],
        "label": "leg"
      },
      "skirt_back": {
        "translation": [
          -20.24170232469043,
          88.31591771694764,
          -12.5
        ],
        "rotation": [
          0.0,
          0.0,
          0.0
        ],
        "vertices": [
          [
            -0.2417023246904293,
            0
          ],
          [
            40.24170232469043,
            0
          ],
          [
            79.99116213596514,
            -74.09156327992197
          ],
          [
            18.782050172673987,
            -89.1617807563649
          ],
          [
            10.682658249563756,
            -45.959925620488264
          ],
          [
            -6.720132893499066,
            -86.32257292138205
          ],
          [
            -39.99116213596513,
            -74.09156327992197
          ]
        ],
        "edges": [
          {
            "endpoints": [
              0,
              1
            ],
            "curvature": {
              "type": "circle",
              "params": [
                42.81664046278632,
                0,
                1
              ]
            }
          },
          {
            "endpoints": [
              1,
              2
            ]
          },
          {
            "endpoints": [
              2,
              3
            ],
            "curvature": {
              "type": "circle",
              "params": [
                126.8974308048793,
                0,
                0
              ]
            }
          },
          {
            "endpoints": [
              3,
              4
            ]
          },
          {
            "endpoints": [
              4,
              5
            ]
          },
          {
            "endpoints": [
              5,
              6
            ],
            "curvature": {
              "type": "circle",
              "params": [
                126.89742645848168,
                0,
                0
              ]
            }
          },
          {
            "endpoints": [
              6,
              0
            ]
          }
        ],
        "label": "leg"
      },
      "wb_back": {
        "translation": [
          -19.5679,
          90.77250000000001,
          -15.0
        ],
        "rotation": [
          0.0,
          0.0,
          0.0
        ],
        "vertices": [
          [
            0,
            0
          ],
          [
            0,
            18.587258674442495
          ],
          [
            39.1358,
            18.587258674442495
          ],
          [
            39.1358,
            0
          ]
        ],
        "edges": [
          {
            "endpoints": [
              0,
              1
            ]
          },
          {
            "endpoints": [
              1,
              2
            ],
            "label": "lower_interface"
          },
          {
            "endpoints": [
              2,
              3
            ]
          },
          {
            "endpoints": [
              3,
              0
            ]
          }
        ],
        "label": "body"
      },
      "wb_front": {
        "translation": [
          -22.598999999999997,
          90.77250000000001,
          20.0
        ],
        "rotation": [
          0.0,
          0.0,
          0.0
        ],
        "vertices": [
          [
            0,
            0
          ],
          [
            45.19799999999999,
            0
          ],
          [
            45.19799999999999,
            18.587258674442495
          ],
          [
            0,
            18.587258674442495
          ]
        ],
        "edges": [
          {
            "endpoints": [
              0,
              1
            ]
          },
          {
            "endpoints": [
              1,
              2
            ]
          },
          {
            "endpoints": [
              2,
              3
            ],
            "label": "lower_interface"
          },
          {
            "endpoints": [
              3,
              0
            ]
          }
        ],
        "label": "body"
      }
    },
    "stitches": [
      [
        {
          "panel": "skirt_front",
          "edge": 0
        },
        {
          "panel": "skirt_back",
          "edge": 6
        }
      ],
      [
        {
          "panel": "skirt_front",
          "edge": 2
        },
        {
          "panel": "skirt_back",
          "edge": 1
        }
      ],
      [
        {
          "panel": "wb_front",
          "edge": 3
        },
        {
          "panel": "wb_back",
          "edge": 0
        }
      ],
      [
        {
          "panel": "wb_front",
          "edge": 1
        },
        {
          "panel": "wb_back",
          "edge": 2
        }
      ],
      [
        {
          "panel": "wb_front",
          "edge": 0
        },
        {
          "panel": "skirt_front",
          "edge": 3
        }
      ],
      [
        {
          "panel": "wb_back",
          "edge": 3
        },
        {
          "panel": "skirt_back",
          "edge": 0
        }
      ]
    ],
    "panel_order": [
      "skirt_back",
      "skirt_front",
      "wb_back",
      "wb_front"
    ]
  },
  "parameters": {},
  "parameter_order": [],
  "properties": {
    "curvature_coords": "relative",
    "normalize_panel_translation": false,
    "normalized_edge_loops": true,
    "units_in_meter": 100
  }
}