{
  "pattern": {
    "panels": {
      "skirt_back": {
        "translation": [
          -26.130517626924757,
          15.772500000000008,
          -20.0
        ],
        "rotation": [
          0.0,
          0.0,
          0.0
        ],
        "vertices": [
          [
            -0.13051762692475677,
            0.0
          ],
          [
            -0.6058636455531925,
            30.620143198784504
          ],
          [
            -1,
            70.11190856213162
          ],
          [
            1.050816186987113,
            93.87551770119691
          ],
          [
            9.50682063078051,
            93.87551770119691
          ],
          [
            10.883984286660814,
            75.5953927115686
          ],
          [
            12.261147942541117,
            93.87551770119691
          ],
          [
            16.81969788643581,
            93.87551770119691
          ],
          [
            18.196861542316114,
            73.55331917784952
          ],
          [
            19.574025198196416,
            93.87551770119691
          ],
          [
            33.24967515714604,
            93.87551770119691
          ],
          [
            34.62683881302634,
            73.55331917784952
          ],
          [
            36.00400246890665,
            93.87551770119691
          ],
          [
            40.56255233735215,
            93.87551770119691
          ],
          [
            41.939715993232454,
            75.5953927115686
          ],
          [
            43.316879649112764,
            93.87551770119691
          ],
          [
            51.77288381301289,
            93.87551770119691
          ],
          [
            53.8237,
            70.11190856213162
          ],
          [
            53.07571807272505,
            7.440573732045692
          ],
          [
            52.95421762692476,
            0.0
          ]
        ],
        "edges": [
          {
            "endpoints": [
              0,
              1
            ],
            "curvature": {
              "type": "quadratic",
              "params": [
                [
                  0.5611265111890245,
                  0.0005666818433785653
                ]
              ]
            }
          },
          {
            "endpoints": [
              1,
              2
            ],
            "curvature": {
              "type": "quadratic",
              "params": [
                [
                  0.7012582079363904,
                  0.002981497521155897
                ]
              ]
            }
          },
          {
            "endpoints": [
              2,
              3
            ],
            "curvature": {
              "type": "quadratic",
              "params": [
                [
                  0.4980453961474161,
                  0.04298166012491112
                ]
              ]
            }
          },
          {
            "endpoints": [
              3,
              4
            ],
            "label": "lower_interface"
          },
          {
            "endpoints": [
              4,
              5
            ]
          },
          {
            "endpoints": [
              5,
              6
            ]
          },
          {
            "endpoints": [
              6,
              7
            ],
            "label": "lower_interface"
          },
          {
            "endpoints": [
              7,
              8
            ]
          },
          {
            "endpoints": [
              8,
              9
            ]
          },
          {
            "endpoints": [
              9,
              10
            ],
            "label": "lower_interface"
          },
          {
            "endpoints": [
              10,
              11
            ]
          },
          {
            "endpoints": [
              11,
              12
            ]
          },
          {
            "endpoints": [
              12,
              13
            ],
            "label": "lower_interface"
          },
          {
            "endpoints": [
              13,
              14
            ]
          },
          {
            "endpoints": [
              14,
              15
            ]
          },
          {
            "endpoints": [
              15,
              16
            ],
            "label": "lower_interface"
          },
          {
            "endpoints": [
              16,
              17
            ],
            "curvature": {
              "type": "quadratic",
              "params": [
                [
                  0.5019546014283024,
                  0.04298166025763121
                ]
              ]
            }
          },
          {
            "endpoints": [
              17,
              18
            ],
            "curvature": {
              "type": "quadratic",
              "params": [
                [
                  0.25932083290525193,
                  0.0030949834641998417
                ]
              ]
            }
          },
          {
            "endpoints": [
              18,
              19
            ],
            "curvature": {
              "type": "quadratic",
              "params": [
                [
                  0.4876146316885431,
                  0.0001048458469495232
                ]
              ]
            }
          },
          {
            "endpoints": [
              19,
              0
            ]
          }
        ],
        "label": "leg"
      },
      "skirt_front": {
        "translation": [
          -23.130517626924757,
          16.772500000000008,
          25.0
        ],
        "rotation": [
          0.0,
          0.0,
          0.0
        ],
        "vertices": [
          [
            -0.13051762692475677,
            0.0
          ],
          [
            46.78481762692475,
            0.0
          ],
          [
            46.90631807272505,
            7.440573732045692
          ],
          [
            47.65429999999999,
            70.11190856213162
          ],
          [
            45.988825400954866,
            92.74391726600332
          ],
          [
            0.6654745990451225,
            92.74391726600332
          ],
          [
            -1,
            70.11190856213162
          ],
          [
            -0.6058636455531925,
            30.620143198784504
          ]
        ],
        "edges": [
          {
            "endpoints": [
              0,
              1
            ]
          },
          {
            "endpoints": [
              1,
              2
            ],
            "curvature": {
              "type": "quadratic",
              "params": [
                [
                  0.5123853683114569,
                  -0.0001048458469490337
                ]
              ]
            }
          },
          {
            "endpoints": [
              2,
              3
            ],
            "curvature": {
              "type": "quadratic",
              "params": [
                [
                  0.7406791670947481,
                  -0.0030949834641998126
                ]
              ]
            }
          },
          {
            "endpoints": [
              3,
              4
            ],
            "curvature": {
              "type": "quadratic",
              "params": [
                [
                  0.4985545386253931,
                  -0.036687515707035115
                ]
              ]
            }
          },
          {
            "endpoints": [
              4,
              5
            ],
            "label": "lower_interface"
          },
          {
            "endpoints": [
              5,
              6
            ],
            "curvature": {
              "type": "quadratic",