{
  "pattern": {
    "panels": {
      "skirt_back": {
        "translation": [
          -27.411849999999998,
          7.423699159072825,
          -20.0
        ],
        "rotation": [
          0.0,
          0.0,
          0.0
        ],
        "vertices": [
          [
            0.0,
            -0.6193564194574179
          ],
          [
            0,
            62.525163682579105
          ],
          [
            1.8303743350496795,
            83.73442687851588
          ],
          [
            11.098944894200466,
            83.73442687851588
          ],
          [
            12.328077483888933,
            67.41922913684415
          ],
          [
            13.557210073577401,
            83.73442687851588
          ],
          [
            18.115760020206235,
            83.73442687851588
          ],
          [
            19.344892609894703,
            65.59665770888266
          ],
          [
            20.57402519958317,
            83.73442687851588
          ],
          [
            34.24967516700887,
            83.73442687851588
          ],
          [
            35.478807756697336,
            65.59665770888266
          ],
          [
            36.707940346385804,
            83.73442687851588
          ],
          [
            41.26649016975075,
            83.73442687851588
          ],
          [
            42.49562275943922,
            67.41922913684415
          ],
          [
            43.72475534912769,
            83.73442687851588
          ],
          [
            52.99332566495032,
            83.73442687851588
          ],
          [
            54.8237,
            62.525163682579105
          ],
          [
            54.8237,
            7.410136898450901
          ],
          [
            54.8237,
            -17.380643580542582
          ],
          [
            28.368154484681853,
            -9.292371621783758
          ],
          [
            30.660891810720962,
            1.6271378844208613
          ],
          [
            26.45554497275578,
            -8.707628212338278
          ]
        ],
        "edges": [
          {
            "endpoints": [
              0,
              1
            ]
          },
          {
            "endpoints": [
              1,
              2
            ],
            "curvature": {
              "type": "quadratic",
              "params": [
                [
                  0.49804539625805627,
                  0.042981660134458914
                ]
              ]
            }
          },
          {
            "endpoints": [
              2,
              3
            ]
          },
          {
            "endpoints": [
              3,
              4
            ]
          },
          {
            "endpoints": [
              4,
              5
            ]
          },
          {
            "endpoints": [
              5,
              6
            ]
          },
          {
            "endpoints": [
              6,
              7
            ]
          },
          {
            "endpoints": [
              7,
              8
            ]
          },
          {
            "endpoints": [
              8,
              9
            ]
          },
          {
            "endpoints": [
              9,
              10
            ]
          },
          {
            "endpoints": [
              10,
              11
            ]
          },
          {
            "endpoints": [
              11,
              12
            ]
          },
          {
            "endpoints": [
              12,
              13
            ]
          },
          {
            "endpoints": [
              13,
              14
            ]
          },
          {
            "endpoints": [
              14,
              15
            ]
          },
          {
            "endpoints": [
              15,
              16
            ],
            "curvature": {
              "type": "quadratic",
              "params": [
                [
                  0.5019546014273689,
                  0.042981660257711794
                ]
              ]
            }
          },
          {
            "endpoints": [
              16,
              17
            ]
          },
          {
            "endpoints": [
              17,
              18
            ]
          },
          {
            "endpoints": [
              18,
              19
            ]
          },
          {
            "endpoints": [
              19,
              20
            ]
          },
          {
            "endpoints": [
              20,
              21
            ]
          },
          {
            "endpoints": [
              21,
              0
            ]
          }
        ],
        "label": "leg"
      },
      "skirt_front": {
        "translation": [
          -24.411849999999998,
          7.4806117259772975,
          25.0
        ],
        "rotation": [
          0.0,
          0.0,
          0.0
        ],
        "vertices": [
          [
            0.0,
            -0.5624438525529456
          ],
          [
            48.65429999999999,
            -15.437556147447054
          ],
          [
            48.65429999999999,
            9.06063141086696
          ],
          [
            48.65429999999999,
            63.525163682579105
          ],
          [
            47.1678469570055,
            83.72446196442364
          ],
          [
            1.4864530429944907,
            83.72446196442364
          ],
          [
            0,
            63.525163682579105
          ]
        ],
        "edges": [
          {
            "endpoints": [
              0,
              1
            ]
          },
          {
            "endpoints": [
              1,
              2
            ]
          },
          {
            "endpoints": [
              2,
              3
            ]
          },
          {
            "endpoints": [
              3,
              4
            ],
            "curvature": {
              "type": "quadratic",
              "params": [
                [
                  0.49855453864189947,
                  -0.03668751570833175
                ]
              ]
            }
          },
          {
            "endpoints": [
              4,
              5
            ]
          },
          {
            "endpoints": [
              5,
              6
            ],
            "curvature": {
              "type": "quadratic",
              "params": [
                [
                  0.5014454624570532,
                  -0.03668751567546484
                ]
              ]
            }
          },
          {
            "endpoints": [
              6,
              0
            ]
          }
        ],
        "label": "leg"
      },
      "wb_back": {
        "translation": [
          -22.025318752764157,
          96.77250000000001,
          -15.0
        ],
        "rotation": [
          0.0,
          0.0,
          0.0
        ],
        "vertices": [
          [
            0,
            0
          ],
          [
            0,
            12.45610650172988
          ],
          [
            44.050637505528314,
            12.45610650172988
          ],
          [
            44.050637505528314,
            0
          ],
          [
            34.1719171622817,
            0.0
          ],
          [
            29.31327798263367,
            0.0
          ],
          [
            14.73735991361944,
            0.0
          ],
          [
            9.878720602593061,
            0.0
          ]
        ],
        "edges": [
          {
            "endpoints": [
              0,
              1
            ]
          },
          {
            "endpoints": [
              1,
              2
            ],