{
  "pattern": {
    "panels": {
      "skirt_back": {
        "translation": [
          -16.97596143502017,
          57.77250000000001,
          -20.0
        ],
        "rotation": [
          0.0,
          0.0,
          0.0
        ],
        "vertices": [
          [
            -0.9759614350201709,
            0.0
          ],
          [
            -11,
            30.991583234818993
          ],
          [
            -9.235018421422048,
            51.44311498940061
          ],
          [
            0.27459501895392613,
            51.44311498940061
          ],
          [
            1.459815078527738,
            35.71080115965844
          ],
          [
            2.6450351381015498,
            51.44311498940061
          ],
          [
            7.203585080621263,
            51.44311498940061
          ],
          [
            8.388805140195075,
            33.95334371808694
          ],
          [
            9.574025199768887,
            51.44311498940061
          ],
          [
            23.249675167827647,
            51.44311498940061
          ],
          [
            24.43489522740146,
            33.95334371808694
          ],
          [
            25.62011528697527,
            51.44311498940061
          ],
          [
            30.17866510309408,
            51.44311498940061
          ],
          [
            31.36388516266789,
            35.71080115965844
          ],
          [
            32.54910522224171,
            51.44311498940061
          ],
          [
            42.05871842142205,
            51.44311498940061
          ],
          [
            43.8237,
            30.991583234818993
          ],
          [
            33.79966143502017,
            0.0
          ]
        ],
        "edges": [
          {
            "endpoints": [
              0,
              1
            ],
            "curvature": {
              "type": "quadratic",
              "params": [
                [
                  0.7498808388735259,
                  0.08089951769337668
                ]
              ]
            }
          },
          {
            "endpoints": [
              1,
              2
            ],
            "curvature": {
              "type": "quadratic",
              "params": [
                [
                  0.49804539625805627,
                  0.042981660134458914
                ]
              ]
            }
          },
          {
            "endpoints": [
              2,
              3
            ],
            "label": "lower_interface"
          },
          {
            "endpoints": [
              3,
              4
            ]
          },
          {
            "endpoints": [
              4,
              5
            ]
          },
          {
            "endpoints": [
              5,
              6
            ],
            "label": "lower_interface"
          },
          {
            "endpoints": [
              6,
              7
            ]
          },
          {
            "endpoints": [
              7,
              8
            ]
          },
          {
            "endpoints": [
              8,
              9
            ],
            "label": "lower_interface"
          },
          {
            "endpoints": [
              9,
              10
            ]
          },
          {
            "endpoints": [
              10,
              11
            ]
          },
          {
            "endpoints": [
              11,
              12
            ],
            "label": "lower_interface"
          },
          {
            "endpoints": [
              12,
              13
            ]
          },
          {
            "endpoints": [
              13,
              14
            ]
          },
          {
            "endpoints": [
              14,
              15
            ],
            "label": "lower_interface"
          },
          {
            "endpoints": [
              15,
              16
            ],
            "curvature": {
              "type": "quadratic",
              "params": [
                [
                  0.5019546015418335,
                  0.042981660247835236
                ]
              ]
            }
          },
          {
            "endpoints": [
              16,
              17
            ],
            "curvature": {
              "type": "quadratic",
              "params": [
                [
                  0.25011916007299845,
                  0.08089951661868852
                ]
              ]
            }
          },
          {
            "endpoints": [
              17,
              0
            ]
          }
        ],
        "label": "leg"
      },
      "skirt_front": {
        "translation": [
          -13.97596143502017,
          58.77250000000001,
          25.0
        ],
        "rotation": [
          0.0,
          0.0,
          0.0
        ],
        "vertices": [
          [
            -0.9759614350201709,
            0.0
          ],
          [
            27.63026143502016,
            0.0
          ],
          [
            37.65429999999999,
            30.991583234818993
          ],
          [
            36.2209526305204,
            50.469232524896725
          ],
          [
            -9.566652630520409,
            50.469232524896725
          ],
          [
            -11,
            30.991583234818993
          ]
        ],
        "edges": [
          {
            "endpoints": [
              0,
              1
            ]
          },
          {
            "endpoints": [
              1,
              2
            ],
            "curvature": {
              "type": "quadratic",
              "params": [
                [
                  0.7498808399270016,
                  -0.08089951661868852
                ]
              ]
            }
          },
          {
            "endpoints": [
              2,
              3
            ],
            "curvature": {
              "type": "quadratic",
              "params": [
                [
                  0.49855453862539223,
                  -0.03668751570703506
                ]
              ]
            }
          },
          {
            "endpoints": [
              3,
              4
            ],
            "label": "lower_interface"
          },
          {
            "endpoints": [
              4,
              5
            ],
            "curvature": {
              "type": "quadratic",
              "params": [
                [
                  0.5014454624836733,
                  -0.03668751567348874
                ]
              ]
            }
          },
          {
            "endpoints": [
              5,
              0
            ],
            "curvature": {
              "type": "quadratic",
              "params": [
                [
                  0.25011916112647414,
                  -0.08089951769337668
                ]
              ]
            }
          }
        ],
        "label": "leg"
      }
    },
    "stitches": [
      [
        {
          "panel": "skirt_back",
          "edge": 3
        },
        {
          "panel": "skirt_back",
          "edge": 4
        }
      ],
      [
        {
          "panel": "skirt_back",
          "edge": 6
        },
        {
          "panel": "skirt_back",
          "edge": 7
        }
      ],
      [
        {
          "panel": "skirt_back",
          "edge": 9
        },
        {
          "panel": "skirt_back",
          "edge": 10
        }
      ],
      [
        {
          "panel": "skirt_back",
          "edge": 12
        },
        {
          "panel": "skirt_back",
          "edge": 13
        }
      ],
      [
        {
          "panel": "skirt_front",
          "edge": 5
        },
        {
          "panel": "skirt_back",