{
  "pattern": {
    "panels": {
      "skirt_back": {
        "translation": [
          -31.38143876435194,
          52.77250000000001,
          -20.0
        ],
        "rotation": [
          0.0,
          0.0,
          0.0
        ],
        "vertices": [
          [
            -0.381438764351941,
            0.0
          ],
          [
            4,
            38.84567393879573
          ],
          [
            5.557428250064156,
            56.8922041112707
          ],
          [
            15.832099685495827,
            56.8922041112707
          ],
          [
            16.877943577424837,
            43.009934576731595
          ],
          [
            17.92378746935385,
            56.8922041112707
          ],
          [
            22.482337411245286,
            56.8922041112707
          ],
          [
            23.5281813031743,
            41.4591456614194
          ],
          [
            24.57402519510331,
            56.8922041112707
          ],
          [
            38.249675155835895,
            56.8922041112707
          ],
          [
            39.295519047764905,
            41.4591456614194
          ],
          [
            40.341362939693916,
            56.8922041112707
          ],
          [
            44.899912747569914,
            56.8922041112707
          ],
          [
            45.945756639498924,
            43.009934576731595
          ],
          [
            46.991600531427935,
            56.8922041112707
          ],
          [
            57.26627174993585,
            56.8922041112707
          ],
          [
            58.8237,
            38.84567393879573
          ],
          [
            63.20513876435194,
            0.0
          ]
        ],
        "edges": [
          {
            "endpoints": [
              0,
              1
            ],
            "curvature": {
              "type": "quadratic",
              "params": [
                [
                  0.7508314985977557,
                  -0.028103941603983135
                ]
              ]
            }
          },
          {
            "endpoints": [
              1,
              2
            ],
            "curvature": {
              "type": "quadratic",
              "params": [
                [
                  0.4980453962581381,
                  0.04298166013446693
                ]
              ]
            }
          },
          {
            "endpoints": [
              2,
              3
            ],
            "label": "lower_interface"
          },
          {
            "endpoints": [
              3,
              4
            ]
          },
          {
            "endpoints": [
              4,
              5
            ]
          },
          {
            "endpoints": [
              5,
              6
            ],
            "label": "lower_interface"
          },
          {
            "endpoints": [
              6,
              7
            ]
          },
          {
            "endpoints": [
              7,
              8
            ]
          },
          {
            "endpoints": [
              8,
              9
            ],
            "label": "lower_interface"
          },
          {
            "endpoints": [
              9,
              10
            ]
          },
          {
            "endpoints": [
              10,
              11
            ]
          },
          {
            "endpoints": [
              11,
              12
            ],
            "label": "lower_interface"
          },
          {
            "endpoints": [
              12,
              13
            ]
          },
          {
            "endpoints": [
              13,
              14
            ]
          },
          {
            "endpoints": [
              14,
              15
            ],
            "label": "lower_interface"
          },
          {
            "endpoints": [
              15,
              16
            ],
            "curvature": {
              "type": "quadratic",
              "params": [
                [
                  0.5019546015423715,
                  0.042981660247787205
                ]
              ]
            }
          },
          {
            "endpoints": [
              16,
              17
            ],
            "curvature": {
              "type": "quadratic",
              "params": [
                [
                  0.24916848887827864,
                  -0.028103940677314483
                ]
              ]
            }
          },
          {
            "endpoints": [
              17,
              0
            ]
          }
        ],
        "label": "leg"
      },
      "skirt_front": {
        "translation": [
          -28.38143876435194,
          52.77250000000001,
          25.0
        ],
        "rotation": [
          0.0,
          0.0,
          0.0
        ],
        "vertices": [
          [
            -0.381438764351941,
            0.0
          ],
          [
            57.03573876435193,
            0.0
          ],
          [
            52.65429999999999,
            38.84567393879573
          ],
          [
            51.389507374129494,
            56.032845531629036
          ],
          [
            5.264792625870495,
            56.032845531629036
          ],
          [
            4,
            38.84567393879573
          ]
        ],
        "edges": [
          {
            "endpoints": [
              0,
              1
            ]
          },
          {
            "endpoints": [
              1,
              2
            ],
            "curvature": {
              "type": "quadratic",
              "params": [
                [
                  0.7508315111217214,
                  0.028103940677314483
                ]
              ]
            }
          },
          {
            "endpoints": [
              2,
              3
            ],
            "curvature": {
              "type": "quadratic",
              "params": [
                [
                  0.4985545386420446,
                  -0.03668751570831405
                ]
              ]
            }
          },
          {
            "endpoints": [
              3,
              4
            ],
            "label": "lower_interface"
          },
          {
            "endpoints": [
              4,
              5
            ],
            "curvature": {
              "type": "quadratic",
              "params": [
                [
                  0.5014454624836493,
                  -0.03668751567348836
                ]
              ]
            }
          },
          {
            "endpoints": [
              5,
              0
            ],
            "curvature": {
              "type": "quadratic",
              "params": [
                [
                  0.24916850140224434,
                  0.028103941603983135
                ]
              ]
            }
          }
        ],
        "label": "leg"
      },
      "skirt_front_1": {
        "translation": [
          -25.879158345861086,
          49.28858371063626,
          17.5
        ],
        "rotation": [
          0.0,
          0.0,
          0.0
        ],
        "vertices": [
          [
            -0.29100834586108704,
            0
          ],
          [
            -7.827129929620838,
            0
          ],
          [
            59.82712992962084,
            0
          ],
          [
            52.29100834586109,
            0
          ]
        ],
        "edges": [
          {
            "endpoints": [
              0,
              1
            ]
          },
          {
            "endpoints": [
              1,
              2
            ],
            "curvature": {
              "type": "circle",