{
  "pattern": {
    "panels": {
      "skirt_back": {
        "translation": [
          -27.0,
          28.772500000000008,
          -20.0
        ],
        "rotation": [
          0.0,
          0.0,
          0.0
        ],
        "vertices": [
          [
            0.0,
            0.0
          ],
          [
            0,
            55.35927481929136
          ],
          [
            2.1279928229309277,
            80.01715981929135
          ],
          [
            10.299518077285981,
            80.01715981929135
          ],
          [
            11.728507371553249,
            61.0491143030533
          ],
          [
            13.157496665820517,
            80.01715981929135
          ],
          [
            17.716046605358557,
            80.01715981929135
          ],
          [
            19.145035899625825,
            58.93019313828743
          ],
          [
            20.574025193893092,
            80.01715981929135
          ],
          [
            34.24967517337137,
            80.01715981929135
          ],
          [
            35.67866446763864,
            58.93019313828743
          ],
          [
            37.10765376190591,
            80.01715981929135
          ],
          [
            41.66620363029078,
            80.01715981929135
          ],
          [
            43.09519292455805,
            61.0491143030533
          ],
          [
            44.52418221882532,
            80.01715981929135
          ],
          [
            52.695707177069075,
            80.01715981929135
          ],
          [
            54.8237,
            55.35927481929136
          ],
          [
            54.8237,
            0.0
          ],
          [
            28.411849730593072,
            0.0
          ],
          [
            27.411849730593076,
            29.893317033696675
          ],
          [
            26.411849730593072,
            0.0
          ]
        ],
        "edges": [
          {
            "endpoints": [
              0,
              1
            ]
          },
          {
            "endpoints": [
              1,
              2
            ],
            "curvature": {
              "type": "quadratic",
              "params": [
                [
                  0.4980453961471247,
                  0.04298166012488582
                ]
              ]
            }
          },
          {
            "endpoints": [
              2,
              3
            ],
            "label": "lower_interface"
          },
          {
            "endpoints": [
              3,
              4
            ]
          },
          {
            "endpoints": [
              4,
              5
            ]
          },
          {
            "endpoints": [
              5,
              6
            ],
            "label": "lower_interface"
          },
          {
            "endpoints": [
              6,
              7
            ]
          },
          {
            "endpoints": [
              7,
              8
            ]
          },
          {
            "endpoints": [
              8,
              9
            ],
            "label": "lower_interface"
          },
          {
            "endpoints": [
              9,
              10
            ]
          },
          {
            "endpoints": [
              10,
              11
            ]
          },
          {
            "endpoints": [
              11,
              12
            ],
            "label": "lower_interface"
          },
          {
            "endpoints": [
              12,
              13
            ]
          },
          {
            "endpoints": [
              13,
              14
            ]
          },
          {
            "endpoints": [
              14,
              15
            ],
            "label": "lower_interface"
          },
          {
            "endpoints": [
              15,
              16
            ],
            "curvature": {
              "type": "quadratic",
              "params": [
                [
                  0.5019546015423715,
                  0.042981660247787205
                ]
              ]
            }
          },
          {
            "endpoints": [
              16,
              17
            ]
          },
          {
            "endpoints": [
              17,
              18
            ]
          },
          {
            "endpoints": [
              18,
              19
            ]
          },
          {
            "endpoints": [
              19,
              20
            ]
          },
          {
            "endpoints": [
              20,
              0
            ]
          }
        ],
        "label": "leg"
      },
      "skirt_front": {
        "translation": [
          -24.0,
          30.772500000000008,
          25.0
        ],
        "rotation": [
          0.0,
          0.0,
          0.0
        ],
        "vertices": [
          [
            0.0,
            0.0
          ],
          [
            23.32714975089506,
            0.0
          ],
          [
            24.327149750895064,
            20.844015912493077
          ],
          [
            25.32714975089506,
            0.0
          ],
          [
            48.65429999999999,
            0.0
          ],
          [
            48.65429999999999,
            55.35927481929136
          ],
          [
            46.92614999999999,
            78.84297481929136
          ],
          [
            1.7281499999999994,
            78.84297481929136
          ],
          [
            0,
            55.35927481929136
          ]
        ],
        "edges": [
          {
            "endpoints": [
              0,
              1
            ]
          },
          {
            "endpoints": [
              1,
              2
            ]
          },
          {
            "endpoints": [
              2,
              3
            ]
          },
          {
            "endpoints": [
              3,
              4
            ]
          },
          {
            "endpoints": [
              4,
              5
            ]
          },
          {
            "endpoints": [
              5,
              6
            ],
            "curvature": {
              "type": "quadratic",
              "params": [
                [
                  0.4985545385734096,
                  -0.03668751570317946
                ]
              ]
            }
          },
          {
            "endpoints": [
              6,
              7
            ],
            "label": "lower_interface"
          },
          {
            "endpoints": [
              7,
              8
            ],
            "curvature": {
              "type": "quadratic",
              "params": [
                [
                  0.5014454625191118,
                  -0.03668751567083784
                ]
              ]
            }
          },
          {
            "endpoints": [
              8,
              0
            ]
          }
        ],
        "label": "leg"
      }
    },
    "stitches": [
      [
        {
          "panel": "skirt_back",
          "edge": 3
        },
        {
          "panel": "skirt_back",
          "edge": 4
        }
      ],
      [
        {
          "panel": "skirt_back",
          "edge": 6
        },
        {
          "panel": "skirt_back",
          "edge": 7
        }
      ],
      [
        {
          "panel": "skirt_back",
          "edge": 9
        },
        {
          "panel": "skirt_back",
          "edge": 10
        }
      ],
      [
        {
          "panel": "skirt_back",
          "edge": 12
        },
        {
          "panel": "skirt_back",
          "edge": 13
        }
      ],
      [
        {
          "panel": "skirt_front",
          "edge": 8
        },
        {
          "panel": "skirt_back",