{
  "pattern": {
    "panels": {
      "skirt_back": {
        "translation": [
          -18.359912767210666,
          24.772500000000008,
          -20.0
        ],
        "rotation": [
          0.0,
          0.0,
          0.0
        ],
        "vertices": [
          [
            -0.3599127672106661,
            0.0
          ],
          [
            -9,
            68.22446470015531
          ],
          [
            -7.597735750376437,
            84.47304892197882
          ],
          [
            3.2488824835210757,
            84.47304892197882
          ],
          [
            4.190530678408262,
            71.97384693876023
          ],
          [
            5.132178873295448,
            84.47304892197882
          ],
          [
            9.69072880728071,
            84.47304892197882
          ],
          [
            10.632377002167896,
            70.57756055794928
          ],
          [
            11.574025197055082,
            84.47304892197882
          ],
          [
            25.249675167794805,
            84.47304892197882
          ],
          [
            26.19132336268199,
            70.57756055794928
          ],
          [
            27.132971557569178,
            84.47304892197882
          ],
          [
            31.691521348217556,
            84.47304892197882
          ],
          [
            32.63316954310474,
            71.97384693876023
          ],
          [
            33.57481773799193,
            84.47304892197882
          ],
          [
            44.42143575037644,
            84.47304892197882
          ],
          [
            45.8237,
            68.22446470015531
          ],
          [
            37.18361276721067,
            0.0
          ],
          [
            19.4118498118515,
            0.0
          ],
          [
            18.4118498118515,
            7.444566002340451
          ],
          [
            17.4118498118515,
            0.0
          ]
        ],
        "edges": [
          {
            "endpoints": [
              0,
              1
            ],
            "curvature": {
              "type": "quadratic",
              "params": [
                [
                  0.7518683299655574,
                  0.03142382081899349
                ]
              ]
            }
          },
          {
            "endpoints": [
              1,
              2
            ],
            "curvature": {
              "type": "quadratic",
              "params": [
                [
                  0.4980453962580173,
                  0.04298166013445659
                ]
              ]
            }
          },
          {
            "endpoints": [
              2,
              3
            ],
            "label": "lower_interface"
          },
          {
            "endpoints": [
              3,
              4
            ]
          },
          {
            "endpoints": [
              4,
              5
            ]
          },
          {
            "endpoints": [
              5,
              6
            ],
            "label": "lower_interface"
          },
          {
            "endpoints": [
              6,
              7
            ]
          },
          {
            "endpoints": [
              7,
              8
            ]
          },
          {
            "endpoints": [
              8,
              9
            ],
            "label": "lower_interface"
          },
          {
            "endpoints": [
              9,
              10
            ]
          },
          {
            "endpoints": [
              10,
              11
            ]
          },
          {
            "endpoints": [
              11,
              12
            ],
            "label": "lower_interface"
          },
          {
            "endpoints": [
              12,
              13
            ]
          },
          {
            "endpoints": [
              13,
              14
            ]
          },
          {
            "endpoints": [
              14,
              15
            ],
            "label": "lower_interface"
          },
          {
            "endpoints": [
              15,
              16
            ],
            "curvature": {
              "type": "quadratic",
              "params": [
                [
                  0.5019546015423779,
                  0.042981660247787885
                ]
              ]
            }
          },
          {
            "endpoints": [
              16,
              17
            ],
            "curvature": {
              "type": "quadratic",
              "params": [
                [
                  0.2481316556323549,
                  0.031423819634045454
                ]
              ]
            }
          },
          {
            "endpoints": [
              17,
              18
            ]
          },
          {
            "endpoints": [
              18,
              19
            ]
          },
          {
            "endpoints": [
              19,
              20
            ]
          },
          {
            "endpoints": [
              20,
              0
            ]
          }
        ],
        "label": "leg"
      },
      "skirt_front": {
        "translation": [
          -15.359912767210668,
          25.772500000000008,
          25.0
        ],
        "rotation": [
          0.0,
          0.0,
          0.0
        ],
        "vertices": [
          [
            -0.3599127672106679,
            0.0
          ],
          [
            31.01421276721066,
            0.0
          ],
          [
            39.65429999999999,
            68.22446470015531
          ],
          [
            38.51551657137486,
            83.6993068161777
          ],
          [
            -7.861216571374868,
            83.6993068161777
          ],
          [
            -9,
            68.22446470015531
          ]
        ],
        "edges": [
          {
            "endpoints": [
              0,
              1
            ]
          },
          {
            "endpoints": [
              1,
              2
            ],
            "curvature": {
              "type": "quadratic",
              "params": [
                [
                  0.751868344367645,
                  -0.031423819634045454
                ]
              ]
            }
          },
          {
            "endpoints": [
              2,
              3
            ],
            "curvature": {
              "type": "quadratic",
              "params": [
                [
                  0.498554538642061,
                  -0.03668751570831573
                ]
              ]
            }
          },
          {
            "endpoints": [
              3,
              4
            ],
            "label": "lower_interface"
          },
          {
            "endpoints": [
              4,
              5
            ],
            "curvature": {
              "type": "quadratic",
              "params": [
                [
                  0.5014454624575007,
                  -0.036687515675458644
                ]
              ]
            }
          },
          {
            "endpoints": [
              5,
              0
            ],
            "curvature": {
              "type": "quadratic",
              "params": [
                [
                  0.2481316700854247,
                  -0.03142382082545995
                ]
              ]
            }
          }
        ],
        "label": "leg"
      }
    },
    "stitches": [
      [
        {
          "panel": "skirt_back",
          "edge": 3
        },
        {
          "panel": "skirt_back",
          "edge": 4
        }
      ],
      [
        {
          "panel": "skirt_back",
          "edge": 6
        },
        {
          "panel": "skirt_back",