{
  "pattern": {
    "panels": {
      "skirt_back": {
        "translation": [
          -21.42310023782275,
          41.77250000000001,
          -20.0
        ],
        "rotation": [
          0.0,
          0.0,
          0.0
        ],
        "vertices": [
          [
            -0.4231002378227515,
            0.0
          ],
          [
            -6,
            43.101627320292245
          ],
          [
            -3.8720071770690723,
            67.75951232029225
          ],
          [
            4.299518077285981,
            67.75951232029225
          ],
          [
            5.728507371553249,
            48.791466804054195
          ],
          [
            7.157496665820517,
            67.75951232029225
          ],
          [
            11.716046605358555,
            67.75951232029225
          ],
          [
            13.145035899625823,
            46.67254563928832
          ],
          [
            14.574025193893092,
            67.75951232029225
          ],
          [
            28.249675173371372,
            67.75951232029225
          ],
          [
            29.67866446763864,
            46.67254563928832
          ],
          [
            31.107653761905908,
            67.75951232029225
          ],
          [
            35.66620363029078,
            67.75951232029225
          ],
          [
            37.09519292455805,
            48.791466804054195
          ],
          [
            38.52418221882532,
            67.75951232029225
          ],
          [
            46.695707177069075,
            67.75951232029225
          ],
          [
            48.8237,
            43.101627320292245
          ],
          [
            43.246800237822754,
            0.0
          ],
          [
            22.411849774896854,
            0.0
          ],
          [
            21.411849774896854,
            11.530743068298705
          ],
          [
            20.411849774896854,
            0.0
          ]
        ],
        "edges": [
          {
            "endpoints": [
              0,
              1
            ],
            "curvature": {
              "type": "quadratic",
              "params": [
                [
                  0.7519819727081277,
                  0.03209082794055288
                ]
              ]
            }
          },
          {
            "endpoints": [
              1,
              2
            ],
            "curvature": {
              "type": "quadratic",
              "params": [
                [
                  0.49804539625805627,
                  0.042981660134458914
                ]
              ]
            }
          },
          {
            "endpoints": [
              2,
              3
            ],
            "label": "lower_interface"
          },
          {
            "endpoints": [
              3,
              4
            ]
          },
          {
            "endpoints": [
              4,
              5
            ]
          },
          {
            "endpoints": [
              5,
              6
            ],
            "label": "lower_interface"
          },
          {
            "endpoints": [
              6,
              7
            ]
          },
          {
            "endpoints": [
              7,
              8
            ]
          },
          {
            "endpoints": [
              8,
              9
            ],
            "label": "lower_interface"
          },
          {
            "endpoints": [
              9,
              10
            ]
          },
          {
            "endpoints": [
              10,
              11
            ]
          },
          {
            "endpoints": [
              11,
              12
            ],
            "label": "lower_interface"
          },
          {
            "endpoints": [
              12,
              13
            ]
          },
          {
            "endpoints": [
              13,
              14
            ]
          },
          {
            "endpoints": [
              14,
              15
            ],
            "label": "lower_interface"
          },
          {
            "endpoints": [
              15,
              16
            ],
            "curvature": {
              "type": "quadratic",
              "params": [
                [
                  0.5019546014275647,
                  0.04298166025769451
                ]
              ]
            }
          },
          {
            "endpoints": [
              16,
              17
            ],
            "curvature": {
              "type": "quadratic",
              "params": [
                [
                  0.24801801251091923,
                  0.0320908266989894
                ]
              ]
            }
          },
          {
            "endpoints": [
              17,
              18
            ]
          },
          {
            "endpoints": [
              18,
              19
            ]
          },
          {
            "endpoints": [
              19,
              20
            ]
          },
          {
            "endpoints": [
              20,
              0
            ]
          }
        ],
        "label": "leg"
      },
      "skirt_front": {
        "translation": [
          -18.42310023782275,
          42.77250000000001,
          25.0
        ],
        "rotation": [
          0.0,
          0.0,
          0.0
        ],
        "vertices": [
          [
            -0.4231002378227515,
            0.0
          ],
          [
            37.077400237822744,
            0.0
          ],
          [
            42.65429999999999,
            43.101627320292245
          ],
          [
            40.92614999999999,
            66.58532732029224
          ],
          [
            -4.271850000000001,
            66.58532732029224
          ],
          [
            -6,
            43.101627320292245
          ]
        ],
        "edges": [
          {
            "endpoints": [
              0,
              1
            ]
          },
          {
            "endpoints": [
              1,
              2
            ],
            "curvature": {
              "type": "quadratic",
              "params": [
                [
                  0.7519819874890807,
                  -0.0320908266989894
                ]
              ]
            }
          },
          {
            "endpoints": [
              2,
              3
            ],
            "curvature": {
              "type": "quadratic",
              "params": [
                [
                  0.4985545385734096,
                  -0.03668751570317946
                ]
              ]
            }
          },
          {
            "endpoints": [
              3,
              4
            ],
            "label": "lower_interface"
          },
          {
            "endpoints": [
              4,
              5
            ],
            "curvature": {
              "type": "quadratic",
              "params": [
                [
                  0.5014454625191118,
                  -0.03668751567083784
                ]
              ]
            }
          },
          {
            "endpoints": [
              5,
              0
            ],
            "curvature": {
              "type": "quadratic",
              "params": [
                [
                  0.24801802729187228,
                  -0.03209082794055288
                ]
              ]
            }
          }
        ],
        "label": "leg"
      }
    },
    "stitches": [
      [
        {
          "panel": "skirt_back",
          "edge": 3
        },
        {
          "panel": "skirt_back",
          "edge": 4
        }
      ],
      [
        {
          "panel": "skirt_back",
          "edge": 6
        },
        {
          "panel": "skirt_back",