{
  "pattern": {
    "panels": {
      "skirt_back": {
        "translation": [
          -38.29093771992728,
          26.54348417550753,
          -20.0
        ],
        "rotation": [
          0.0,
          0.0,
          0.0
        ],
        "vertices": [
          [
            -0.8790877199272771,
            0.0
          ],
          [
            10,
            53.849567468692285
          ],
          [
            11.088677681774534,
            66.46450149947985
          ],
          [
            23.091200827588963,
            66.46450149947985
          ],
          [
            23.822269436185497,
            56.760480133481956
          ],
          [
            24.553338044782027,
            66.46450149947985
          ],
          [
            29.11188798055285,
            66.46450149947985
          ],
          [
            29.84295658914938,
            55.676443497332464
          ],
          [
            30.574025197745915,
            66.46450149947985
          ],
          [
            44.24967516935128,
            66.46450149947985
          ],
          [
            44.98074377794781,
            55.676443497332464
          ],
          [
            45.711812386544345,
            66.46450149947985
          ],
          [
            50.270362307787494,
            66.46450149947985
          ],
          [
            51.001430916384024,
            56.760480133481956
          ],
          [
            51.732499524980554,
            66.46450149947985
          ],
          [
            63.73502231822547,
            66.46450149947985
          ],
          [
            64.8237,
            53.849567468692285
          ],
          [
            75.70278771992727,
            0.0
          ],
          [
            38.41184960819689,
            0.0
          ],
          [
            37.41184960819689,
            32.493727180882374
          ],
          [
            36.41184960819689,
            0.0
          ]
        ],
        "edges": [
          {
            "endpoints": [
              0,
              1
            ],
            "curvature": {
              "type": "quadratic",
              "params": [
                [
                  0.7530766497486523,
                  -0.04988559770909847
                ]
              ]
            }
          },
          {
            "endpoints": [
              1,
              2
            ],
            "curvature": {
              "type": "quadratic",
              "params": [
                [
                  0.4980453961471247,
                  0.04298166012488582
                ]
              ]
            }
          },
          {
            "endpoints": [
              2,
              3
            ]
          },
          {
            "endpoints": [
              3,
              4
            ]
          },
          {
            "endpoints": [
              4,
              5
            ]
          },
          {
            "endpoints": [
              5,
              6
            ]
          },
          {
            "endpoints": [
              6,
              7
            ]
          },
          {
            "endpoints": [
              7,
              8
            ]
          },
          {
            "endpoints": [
              8,
              9
            ]
          },
          {
            "endpoints": [
              9,
              10
            ]
          },
          {
            "endpoints": [
              10,
              11
            ]
          },
          {
            "endpoints": [
              11,
              12
            ]
          },
          {
            "endpoints": [
              12,
              13
            ]
          },
          {
            "endpoints": [
              13,
              14
            ]
          },
          {
            "endpoints": [
              14,
              15
            ]
          },
          {
            "endpoints": [
              15,
              16
            ],
            "curvature": {
              "type": "quadratic",
              "params": [
                [
                  0.5019546015423715,
                  0.042981660247787185
                ]
              ]
            }
          },
          {
            "endpoints": [
              16,
              17
            ],
            "curvature": {
              "type": "quadratic",
              "params": [
                [
                  0.24692333416247664,
                  -0.049885596239573206
                ]
              ]
            }
          },
          {
            "endpoints": [
              17,
              18
            ]
          },
          {
            "endpoints": [
              18,
              19
            ]
          },
          {
            "endpoints": [
              19,
              20
            ]
          },
          {
            "endpoints": [
              20,
              0
            ]
          }
        ],
        "label": "leg"
      },
      "skirt_front": {
        "translation": [
          -35.29093771992728,
          27.54348417550753,
          25.0
        ],
        "rotation": [
          0.0,
          0.0,
          0.0
        ],
        "vertices": [
          [
            -0.8790877199272771,
            0.0
          ],
          [
            33.327149639577044,
            0.0
          ],
          [
            34.327149639577044,
            36.71107457390561
          ],
          [
            35.327149639577044,
            0.0
          ],
          [
            69.53338771992728,
            0.0
          ],
          [
            58.65429999999999,
            53.849567468692285
          ],
          [
            57.770181258862806,
            65.86379035515664
          ],
          [
            10.884118741137183,
            65.86379035515664
          ],
          [
            10,
            53.849567468692285
          ]
        ],
        "edges": [
          {
            "endpoints": [
              0,
              1
            ]
          },
          {
            "endpoints": [
              1,
              2
            ]
          },
          {
            "endpoints": [
              2,
              3
            ]
          },
          {
            "endpoints": [
              3,
              4
            ]
          },
          {
            "endpoints": [
              4,
              5
            ],
            "curvature": {
              "type": "quadratic",
              "params": [
                [
                  0.7530766659146078,
                  0.04988559622402404
                ]
              ]
            }
          },
          {
            "endpoints": [
              5,
              6
            ],
            "curvature": {
              "type": "quadratic",
              "params": [
                [
                  0.4985545386249558,
                  -0.03668751570699071
                ]
              ]
            }
          },
          {
            "endpoints": [
              6,
              7
            ]
          },
          {
            "endpoints": [
              7,
              8
            ],
            "curvature": {
              "type": "quadratic",
              "params": [
                [
                  0.5014454624828746,
                  -0.03668751567356496
                ]
              ]
            }
          },
          {
            "endpoints": [
              8,
              0
            ],
            "curvature": {
              "type": "quadratic",
              "params": [
                [
                  0.2469233502513477,
                  0.04988559770909847
                ]
              ]
            }
          }
        ],
        "label": "leg"
      },