{
  "pattern": {
    "panels": {
      "skirt_back": {
        "translation": [
          -27.0,
          52.92001572026326,
          -20.0
        ],
        "rotation": [
          0.0,
          0.0,
          0.0
        ],
        "vertices": [
          [
            0.0,
            -0.8524842797367498
          ],
          [
            0,
            36.23846783607304
          ],
          [
            1.6412380960531827,
            55.256135468221785
          ],
          [
            11.606979812215082,
            55.256135468221785
          ],
          [
            12.709103674349798,
            40.62681972361171
          ],
          [
            13.811227536484516,
            55.256135468221785
          ],
          [
            18.369777477619643,
            55.256135468221785
          ],
          [
            19.47190133975436,
            38.99257824465913
          ],
          [
            20.57402520188908,
            55.256135468221785
          ],
          [
            34.24967515911899,
            55.256135468221785
          ],
          [
            35.35179902125371,
            38.99257824465913
          ],
          [
            36.45392288338843,
            55.256135468221785
          ],
          [
            41.01247269650251,
            55.256135468221785
          ],
          [
            42.11459655863723,
            40.62681972361171
          ],
          [
            43.21672042077195,
            55.256135468221785
          ],
          [
            53.18246190394682,
            55.256135468221785
          ],
          [
            54.8237,
            36.23846783607304
          ],
          [
            54.8237,
            32.54952805032836
          ],
          [
            54.8237,
            6.85248427973675
          ],
          [
            28.40211779768651,
            3.1391730628657584
          ],
          [
            26.388422243618066,
            10.282064904056291
          ],
          [
            26.42158166020337,
            2.860826860945629
          ]
        ],
        "edges": [
          {
            "endpoints": [
              0,
              1
            ]
          },
          {
            "endpoints": [
              1,
              2
            ],
            "curvature": {
              "type": "quadratic",
              "params": [
                [
                  0.4980453961471247,
                  0.04298166012488582
                ]
              ]
            }
          },
          {
            "endpoints": [
              2,
              3
            ],
            "label": "lower_interface"
          },
          {
            "endpoints": [
              3,
              4
            ]
          },
          {
            "endpoints": [
              4,
              5
            ]
          },
          {
            "endpoints": [
              5,
              6
            ],
            "label": "lower_interface"
          },
          {
            "endpoints": [
              6,
              7
            ]
          },
          {
            "endpoints": [
              7,
              8
            ]
          },
          {
            "endpoints": [
              8,
              9
            ],
            "label": "lower_interface"
          },
          {
            "endpoints": [
              9,
              10
            ]
          },
          {
            "endpoints": [
              10,
              11
            ]
          },
          {
            "endpoints": [
              11,
              12
            ],
            "label": "lower_interface"
          },
          {
            "endpoints": [
              12,
              13
            ]
          },
          {
            "endpoints": [
              13,
              14
            ]
          },
          {
            "endpoints": [
              14,
              15
            ],
            "label": "lower_interface"
          },
          {
            "endpoints": [
              15,
              16
            ],
            "curvature": {
              "type": "quadratic",
              "params": [
                [
                  0.5019546014275647,
                  0.04298166025769441
                ]
              ]
            }
          },
          {
            "endpoints": [
              16,
              17
            ]
          },
          {
            "endpoints": [
              17,
              18
            ]
          },
          {
            "endpoints": [
              18,
              19
            ]
          },
          {
            "endpoints": [
              19,
              20
            ]
          },
          {
            "endpoints": [
              20,
              21
            ]
          },
          {
            "endpoints": [
              21,
              0
            ]
          }
        ],
        "label": "leg"
      },
      "skirt_front": {
        "translation": [
          -24.0,
          54.35354203306973,
          25.0
        ],
        "rotation": [
          0.0,
          0.0,
          0.0
        ],
        "vertices": [
          [
            0.0,
            -0.41895796693027876
          ],
          [
            48.65429999999999,
            6.418957966930279
          ],
          [
            48.65429999999999,
            32.49510576221903
          ],
          [
            48.65429999999999,
            36.23846783607304
          ],
          [
            47.32144512138822,
            54.35053224764327
          ],
          [
            1.3328548786117693,
            54.35053224764327
          ],
          [
            0,
            36.23846783607304
          ]
        ],
        "edges": [
          {
            "endpoints": [
              0,
              1
            ]
          },
          {
            "endpoints": [
              1,
              2
            ]
          },
          {
            "endpoints": [
              2,
              3
            ]
          },
          {
            "endpoints": [
              3,
              4
            ],
            "curvature": {
              "type": "quadratic",
              "params": [
                [
                  0.4985545386253931,
                  -0.036687515707035115
                ]
              ]
            }
          },
          {
            "endpoints": [
              4,
              5
            ],
            "label": "lower_interface"
          },
          {
            "endpoints": [
              5,
              6
            ],
            "curvature": {
              "type": "quadratic",
              "params": [
                [
                  0.5014454624827704,
                  -0.03668751567354582
                ]
              ]
            }
          },
          {
            "endpoints": [
              6,
              0
            ]
          }
        ],
        "label": "leg"
      }
    },
    "stitches": [
      [
        {
          "panel": "skirt_back",
          "edge": 3
        },
        {
          "panel": "skirt_back",
          "edge": 4
        }
      ],
      [
        {
          "panel": "skirt_back",
          "edge": 6
        },
        {
          "panel": "skirt_back",
          "edge": 7
        }
      ],
      [
        {
          "panel": "skirt_back",
          "edge": 9
        },
        {
          "panel": "skirt_back",
          "edge": 10
        }
      ],
      [
        {
          "panel": "skirt_back",
          "edge": 12
        },
        {
          "panel": "skirt_back",
          "edge": 13
        }
      ],
      [
        {
          "panel": "skirt_front",
          "edge": 6
        },
        {
          "panel": "skirt_back",