{
  "pattern": {
    "panels": {
      "skirt_back": {
        "translation": [
          -37.84199609435571,
          10.109356219159096,
          -20.0
        ],
        "rotation": [
          0.0,
          0.0,
          0.0
        ],
        "vertices": [
          [
            -0.43014609435570605,
            0.0
          ],
          [
            10,
            61.88035743654602
          ],
          [
            11.149060713087028,
            75.19497326419425
          ],
          [
            22.92900722588608,
            75.19497326419425
          ],
          [
            23.700624235008753,
            64.9527225987355
          ],
          [
            24.472241244131432,
            75.19497326419425
          ],
          [
            29.03079117642966,
            75.19497326419425
          ],
          [
            29.80240818555233,
            63.80856034483861
          ],
          [
            30.574025194675006,
            75.19497326419425
          ],
          [
            44.24967516950138,
            75.19497326419425
          ],
          [
            45.02129217862405,
            63.80856034483861
          ],
          [
            45.79290918774673,
            75.19497326419425
          ],
          [
            50.35145910818227,
            75.19497326419425
          ],
          [
            51.12307611730495,
            64.9527225987355
          ],
          [
            51.89469312642762,
            75.19497326419425
          ],
          [
            63.67463928691297,
            75.19497326419425
          ],
          [
            64.8237,
            61.88035743654602
          ],
          [
            75.25384609435571,
            0.0
          ],
          [
            38.41184961290338,
            0.0
          ],
          [
            37.41184961290338,
            6.084701919643393
          ],
          [
            36.41184961290338,
            0.0
          ]
        ],
        "edges": [
          {
            "endpoints": [
              0,
              1
            ],
            "curvature": {
              "type": "quadratic",
              "params": [
                [
                  0.7528437851853542,
                  -0.04165929595919637
                ]
              ]
            }
          },
          {
            "endpoints": [
              1,
              2
            ],
            "curvature": {
              "type": "quadratic",
              "params": [
                [
                  0.49804539625771876,
                  0.04298166013443051
                ]
              ]
            }
          },
          {
            "endpoints": [
              2,
              3
            ]
          },
          {
            "endpoints": [
              3,
              4
            ]
          },
          {
            "endpoints": [
              4,
              5
            ]
          },
          {
            "endpoints": [
              5,
              6
            ]
          },
          {
            "endpoints": [
              6,
              7
            ]
          },
          {
            "endpoints": [
              7,
              8
            ]
          },
          {
            "endpoints": [
              8,
              9
            ]
          },
          {
            "endpoints": [
              9,
              10
            ]
          },
          {
            "endpoints": [
              10,
              11
            ]
          },
          {
            "endpoints": [
              11,
              12
            ]
          },
          {
            "endpoints": [
              12,
              13
            ]
          },
          {
            "endpoints": [
              13,
              14
            ]
          },
          {
            "endpoints": [
              14,
              15
            ]
          },
          {
            "endpoints": [
              15,
              16
            ],
            "curvature": {
              "type": "quadratic",
              "params": [
                [
                  0.5019546013137197,
                  0.04298166026751964
                ]
              ]
            }
          },
          {
            "endpoints": [
              16,
              17
            ],
            "curvature": {
              "type": "quadratic",
              "params": [
                [
                  0.2471561878033023,
                  -0.041659292571109945
                ]
              ]
            }
          },
          {
            "endpoints": [
              17,
              18
            ]
          },
          {
            "endpoints": [
              18,
              19
            ]
          },
          {
            "endpoints": [
              19,
              20
            ]
          },
          {
            "endpoints": [
              20,
              0
            ]
          }
        ],
        "label": "leg"
      },
      "skirt_front": {
        "translation": [
          -34.8419960943557,
          11.109356219159096,
          25.0
        ],
        "rotation": [
          0.0,
          0.0,
          0.0
        ],
        "vertices": [
          [
            -0.43014609435569895,
            0.0
          ],
          [
            69.08444609435568,
            0.0
          ],
          [
            58.65429999999999,
            61.88035743654602
          ],
          [
            57.72114399969623,
            74.56094393906814
          ],
          [
            10.933156000303761,
            74.56094393906814
          ],
          [
            10,
            61.88035743654602
          ]
        ],
        "edges": [
          {
            "endpoints": [
              0,
              1
            ]
          },
          {
            "endpoints": [
              1,
              2
            ],
            "curvature": {
              "type": "quadratic",
              "params": [
                [
                  0.7528438121883971,
                  0.04165929257248717
                ]
              ]
            }
          },
          {
            "endpoints": [
              2,
              3
            ],
            "curvature": {
              "type": "quadratic",
              "params": [
                [
                  0.4985545386252477,
                  -0.03668751570705256
                ]
              ]
            }
          },
          {
            "endpoints": [
              3,
              4
            ]
          },
          {
            "endpoints": [
              4,
              5
            ],
            "curvature": {
              "type": "quadratic",
              "params": [
                [
                  0.5014454624836493,
                  -0.036687515673488005
                ]
              ]
            }
          },
          {
            "endpoints": [
              5,
              0
            ],
            "curvature": {
              "type": "quadratic",
              "params": [
                [
                  0.24715621480815353,
                  0.04165929595812257
                ]
              ]
            }
          }
        ],
        "label": "leg"
      },
      "wb_back": {
        "translation": [
          -19.221465558073817,
          108.77250000000001,
          -15.0
        ],
        "rotation": [
          0.0,
          0.0,
          0.0
        ],