{
  "pattern": {
    "panels": {
      "skirt_back": {
        "translation": [
          -20.985397415073344,
          -9.263643264000365,
          -20.0
        ],
        "rotation": [
          0.0,
          0.0,
          0.0
        ],
        "vertices": [
          [
            -0.5735474150733424,
            -0.6230202902150666
          ],
          [
            -2.5957297545219333,
            19.428231900206598
          ],
          [
            -7,
            83.84233047378531
          ],
          [
            -4.872007177069072,
            108.50021547378532
          ],
          [
            3.299518077285981,
            108.50021547378532
          ],
          [
            4.728507371553249,
            89.53216995754727
          ],
          [
            6.157496665820517,
            108.50021547378532
          ],
          [
            10.716046605358555,
            108.50021547378532
          ],
          [
            12.145035899625823,
            87.41324879278139
          ],
          [
            13.574025193893092,
            108.50021547378532
          ],
          [
            27.249675173371372,
            108.50021547378532
          ],
          [
            28.67866446763864,
            87.41324879278139
          ],
          [
            30.107653761905908,
            108.50021547378532
          ],
          [
            34.66620363029078,
            108.50021547378532
          ],
          [
            36.09519292455805,
            89.53216995754727
          ],
          [
            37.52418221882532,
            108.50021547378532
          ],
          [
            45.695707177069075,
            108.50021547378532
          ],
          [
            47.8237,
            83.84233047378531
          ],
          [
            45.33626582668221,
            46.83064920691355
          ],
          [
            41.397247415073345,
            10.623020290215067
          ]
        ],
        "edges": [
          {
            "endpoints": [
              0,
              1
            ],
            "curvature": {
              "type": "quadratic",
              "params": [
                [
                  0.5287606958232366,
                  0.0018486267092559432
                ]
              ]
            }
          },
          {
            "endpoints": [
              1,
              2
            ],
            "curvature": {
              "type": "quadratic",
              "params": [
                [
                  0.7070624429446152,
                  0.020029280531412248
                ]
              ]
            }
          },
          {
            "endpoints": [
              2,
              3
            ],
            "curvature": {
              "type": "quadratic",
              "params": [
                [
                  0.4980453961474161,
                  0.04298166012491112
                ]
              ]
            }
          },
          {
            "endpoints": [
              3,
              4
            ]
          },
          {
            "endpoints": [
              4,
              5
            ]
          },
          {
            "endpoints": [
              5,
              6
            ]
          },
          {
            "endpoints": [
              6,
              7
            ]
          },
          {
            "endpoints": [
              7,
              8
            ]
          },
          {
            "endpoints": [
              8,
              9
            ]
          },
          {
            "endpoints": [
              9,
              10
            ]
          },
          {
            "endpoints": [
              10,
              11
            ]
          },
          {
            "endpoints": [
              11,
              12
            ]
          },
          {
            "endpoints": [
              12,
              13
            ]
          },
          {
            "endpoints": [
              13,
              14
            ]
          },
          {
            "endpoints": [
              14,
              15
            ]
          },
          {
            "endpoints": [
              15,
              16
            ]
          },
          {
            "endpoints": [
              16,
              17
            ],
            "curvature": {
              "type": "quadratic",
              "params": [
                [
                  0.5019546015423779,
                  0.042981660247787885
                ]
              ]
            }
          },
          {
            "endpoints": [
              17,
              18
            ],
            "curvature": {
              "type": "quadratic",
              "params": [
                [
                  0.30862419762820753,
                  0.02074161488495279
                ]
              ]
            }
          },
          {
            "endpoints": [
              18,
              19
            ],
            "curvature": {
              "type": "quadratic",
              "params": [
                [
                  0.42784050478359065,
                  0.004820365218127087
                ]
              ]
            }
          },
          {
            "endpoints": [
              19,
              0
            ]
          }
        ],
        "label": "leg"
      },
      "skirt_front": {
        "translation": [
          -17.985397415073344,
          -7.437100390108085,
          25.0
        ],
        "rotation": [
          0.0,
          0.0,
          0.0
        ],
        "vertices": [
          [
            -0.5735474150733424,
            -0.7964774163227872
          ],
          [
            35.227847415073335,
            8.796477416322787
          ],
          [
            39.16688672859516,
            45.4142055993338
          ],
          [
            41.65429999999999,
            82.84233047378531
          ],
          [
            39.92614999999999,
            106.32603047378531
          ],
          [
            -5.271850000000001,
            106.32603047378531
          ],
          [
            -7,
            82.84233047378531
          ],
          [
            -2.592064656223908,
            19.058140913778374
          ]
        ],
        "edges": [
          {
            "endpoints": [
              0,
              1
            ]
          },
          {
            "endpoints": [
              1,
              2
            ],
            "curvature": {
              "type": "quadratic",
              "params": [
                [
                  0.5721557246530402,
                  -0.0047669174263052705
                ]
              ]
            }
          },
          {
            "endpoints": [
              2,
              3
            ],
            "curvature": {
              "type": "quadratic",
              "params": [
                [
                  0.6913755528756174,
                  -0.02051067853008462
                ]
              ]
            }
          },
          {
            "endpoints": [
              3,
              4
            ],
            "curvature": {
              "type": "quadratic",
              "params": [
                [
                  0.4985545385734096,
                  -0.03668751570317946
                ]
              ]
            }
          },
          {
            "endpoints": [
              4,
              5
            ]
          },
          {
            "endpoints": [
              5,
              6
            ],
            "curvature": {
              "type": "quadratic",