{
  "pattern": {
    "panels": {
      "skirt_back": {
        "translation": [
          -36.82837208095306,
          -14.6222987046267,
          -20.0
        ],
        "rotation": [
          0.0,
          0.0,
          0.0
        ],
        "vertices": [
          [
            -0.4165220809530581,
            -0.18234445890958284
          ],
          [
            0.8238766508243174,
            8.672087763079148
          ],
          [
            9,
            88.66200311824701
          ],
          [
            11.028979003309995,
            112.17257627052142
          ],
          [
            19.565477037955542,
            112.17257627052142
          ],
          [
            20.927976592831705,
            94.0870988800159
          ],
          [
            22.290476147707867,
            112.17257627052142
          ],
          [
            26.849026090484536,
            112.17257627052142
          ],
          [
            28.211525645360698,
            92.06676943780582
          ],
          [
            29.57402520023686,
            112.17257627052142
          ],
          [
            43.24967516171702,
            112.17257627052142
          ],
          [
            44.61217471659319,
            92.06676943780582
          ],
          [
            45.97467427146935,
            112.17257627052142
          ],
          [
            50.53322413127621,
            112.17257627052142
          ],
          [
            51.895723686152365,
            94.0870988800159
          ],
          [
            53.25822324102853,
            112.17257627052142
          ],
          [
            61.79472099669001,
            112.17257627052142
          ],
          [
            63.8237,
            88.66200311824701
          ],
          [
            73.24022208095306,
            18.182344458909583
          ],
          [
            37.38214535014931,
            9.241921801820752
          ],
          [
            32.10045474717733,
            26.292060274617427
          ],
          [
            35.441553897597316,
            8.758078010621418
          ]
        ],
        "edges": [
          {
            "endpoints": [
              0,
              1
            ],
            "curvature": {
              "type": "quadratic",
              "params": [
                [
                  0.5116724719034663,
                  -0.0008371869433850395
                ]
              ]
            }
          },
          {
            "endpoints": [
              1,
              2
            ],
            "curvature": {
              "type": "quadratic",
              "params": [
                [
                  0.74156255818755,
                  -0.026416039704498066
                ]
              ]
            }
          },
          {
            "endpoints": [
              2,
              3
            ],
            "curvature": {
              "type": "quadratic",
              "params": [
                [
                  0.49804539632017875,
                  0.042981660139820854
                ]
              ]
            }
          },
          {
            "endpoints": [
              3,
              4
            ]
          },
          {
            "endpoints": [
              4,
              5
            ]
          },
          {
            "endpoints": [
              5,
              6
            ]
          },
          {
            "endpoints": [
              6,
              7
            ]
          },
          {
            "endpoints": [
              7,
              8
            ]
          },
          {
            "endpoints": [
              8,
              9
            ]
          },
          {
            "endpoints": [
              9,
              10
            ]
          },
          {
            "endpoints": [
              10,
              11
            ]
          },
          {
            "endpoints": [
              11,
              12
            ]
          },
          {
            "endpoints": [
              12,
              13
            ]
          },
          {
            "endpoints": [
              13,
              14
            ]
          },
          {
            "endpoints": [
              14,
              15
            ]
          },
          {
            "endpoints": [
              15,
              16
            ]
          },
          {
            "endpoints": [
              16,
              17
            ],
            "curvature": {
              "type": "quadratic",
              "params": [
                [
                  0.501954601433185,
                  0.04298166025720958
                ]
              ]
            }
          },
          {
            "endpoints": [
              17,
              18
            ],
            "curvature": {
              "type": "quadratic",
              "params": [
                [
                  0.24790582924316898,
                  -0.03312163054796858
                ]
              ]
            }
          },
          {
            "endpoints": [
              18,
              19
            ]
          },
          {
            "endpoints": [
              19,
              20
            ]
          },
          {
            "endpoints": [
              20,
              21
            ]
          },
          {
            "endpoints": [
              21,
              0
            ]
          }
        ],
        "label": "leg"
      },
      "skirt_front": {
        "translation": [
          -33.82837208095306,
          -12.853196614256333,
          25.0
        ],
        "rotation": [
          0.0,
          0.0,
          0.0
        ],
        "vertices": [
          [
            -0.4165220809530581,
            -0.4132423685392155
          ],
          [
            67.07082208095305,
            16.413242368539215
          ],
          [
            57.65429999999999,
            87.66200311824701
          ],
          [
            56.00655944994459,
            110.05302516803215
          ],
          [
            10.647740550055403,
            110.05302516803215
          ],
          [
            9,
            87.66200311824701
          ],
          [
            0.8238134337196215,
            8.363994564661311
          ]
        ],
        "edges": [
          {
            "endpoints": [
              0,
              1
            ]
          },
          {
            "endpoints": [
              1,
              2
            ],
            "curvature": {
              "type": "quadratic",
              "params": [
                [
                  0.7520562189901274,
                  0.03276912273375416
                ]
              ]
            }
          },
          {
            "endpoints": [
              2,
              3
            ],
            "curvature": {
              "type": "quadratic",
              "params": [
                [
                  0.4985545384945136,
                  -0.036687515697330045
                ]
              ]
            }
          },
          {
            "endpoints": [
              3,
              4
            ]
          },
          {
            "endpoints": [
              4,
              5
            ],
            "curvature": {
              "type": "quadratic",
              "params": [
                [
                  0.5014454625962397,
                  -0.03668751566503658
                ]
              ]
            }
          },
          {
            "endpoints": [
              5,
              6
            ],
            "curvature": {
              "type": "quadratic",