{
  "pattern": {
    "panels": {
      "skirt_back": {
        "translation": [
          -30.942110550847193,
          68.77250000000001,
          -20.0
        ],
        "rotation": [
          0.0,
          0.0,
          0.0
        ],
        "vertices": [
          [
            -0.9421105508471932,
            0.0
          ],
          [
            3,
            26.30347471216858
          ],
          [
            4.210443134012916,
            40.32935265494345
          ],
          [
            15.764129185558401,
            40.32935265494345
          ],
          [
            16.576965705110858,
            29.539964545470433
          ],
          [
            17.389802224663313,
            40.32935265494345
          ],
          [
            21.948352155736263,
            40.32935265494345
          ],
          [
            22.761188675288718,
            28.334681544622292
          ],
          [
            23.574025194841173,
            40.32935265494345
          ],
          [
            37.24967516601922,
            40.32935265494345
          ],
          [
            38.06251168557168,
            28.334681544622292
          ],
          [
            38.87534820512413,
            40.32935265494345
          ],
          [
            43.433898132684895,
            40.32935265494345
          ],
          [
            44.24673465223735,
            29.539964545470433
          ],
          [
            45.059571171789806,
            40.32935265494345
          ],
          [
            56.61325686598708,
            40.32935265494345
          ],
          [
            57.8237,
            26.30347471216858
          ],
          [
            61.76581055084719,
            0.0
          ]
        ],
        "edges": [
          {
            "endpoints": [
              0,
              1
            ],
            "curvature": {
              "type": "quadratic",
              "params": [
                [
                  0.7524824888224186,
                  -0.037095536272590636
                ]
              ]
            }
          },
          {
            "endpoints": [
              1,
              2
            ],
            "curvature": {
              "type": "quadratic",
              "params": [
                [
                  0.4980453962580173,
                  0.04298166013445659
                ]
              ]
            }
          },
          {
            "endpoints": [
              2,
              3
            ],
            "label": "lower_interface"
          },
          {
            "endpoints": [
              3,
              4
            ]
          },
          {
            "endpoints": [
              4,
              5
            ]
          },
          {
            "endpoints": [
              5,
              6
            ],
            "label": "lower_interface"
          },
          {
            "endpoints": [
              6,
              7
            ]
          },
          {
            "endpoints": [
              7,
              8
            ]
          },
          {
            "endpoints": [
              8,
              9
            ],
            "label": "lower_interface"
          },
          {
            "endpoints": [
              9,
              10
            ]
          },
          {
            "endpoints": [
              10,
              11
            ]
          },
          {
            "endpoints": [
              11,
              12
            ],
            "label": "lower_interface"
          },
          {
            "endpoints": [
              12,
              13
            ]
          },
          {
            "endpoints": [
              13,
              14
            ]
          },
          {
            "endpoints": [
              14,
              15
            ],
            "label": "lower_interface"
          },
          {
            "endpoints": [
              15,
              16
            ],
            "curvature": {
              "type": "quadratic",
              "params": [
                [
                  0.5019546015423392,
                  0.04298166024779144
                ]
              ]
            }
          },
          {
            "endpoints": [
              16,
              17
            ],
            "curvature": {
              "type": "quadratic",
              "params": [
                [
                  0.2475174875669165,
                  -0.03709553365894662
                ]
              ]
            }
          },
          {
            "endpoints": [
              17,
              0
            ]
          }
        ],
        "label": "leg"
      },
      "skirt_front": {
        "translation": [
          -27.942110550847193,
          69.77250000000001,
          25.0
        ],
        "rotation": [
          0.0,
          0.0,
          0.0
        ],
        "vertices": [
          [
            -0.9421105508471932,
            0.0
          ],
          [
            26.3271497118585,
            0.0
          ],
          [
            27.3271497118585,
            9.81450375500372
          ],
          [
            28.3271497118585,
            0.0
          ],
          [
            55.59641055084718,
            0.0
          ],
          [
            51.65429999999999,
            26.30347471216858
          ],
          [
            50.671295132923746,
            39.6614537052875
          ],
          [
            3.9830048670762466,
            39.6614537052875
          ],
          [
            3,
            26.30347471216858
          ]
        ],
        "edges": [
          {
            "endpoints": [
              0,
              1
            ]
          },
          {
            "endpoints": [
              1,
              2
            ]
          },
          {
            "endpoints": [
              2,
              3
            ]
          },
          {
            "endpoints": [
              3,
              4
            ]
          },
          {
            "endpoints": [
              4,
              5
            ],
            "curvature": {
              "type": "quadratic",
              "params": [
                [
                  0.7524825124330835,
                  0.03709553365894662
                ]
              ]
            }
          },
          {
            "endpoints": [
              5,
              6
            ],
            "curvature": {
              "type": "quadratic",
              "params": [
                [
                  0.4985545385734096,
                  -0.03668751570317946
                ]
              ]
            }
          },
          {
            "endpoints": [
              6,
              7
            ],
            "label": "lower_interface"
          },
          {
            "endpoints": [
              7,
              8
            ],
            "curvature": {
              "type": "quadratic",
              "params": [
                [
                  0.5014454625191118,
                  -0.03668751567083784
                ]
              ]
            }
          },
          {
            "endpoints": [
              8,
              0
            ],
            "curvature": {
              "type": "quadratic",
              "params": [
                [
                  0.24751751117758136,
                  0.037095536272590636
                ]
              ]
            }
          }
        ],
        "label": "leg"
      }
    },
    "stitches": [
      [
        {
          "panel": "skirt_back",
          "edge": 3
        },
        {
          "panel": "skirt_back",
          "edge": 4
        }
      ],
      [
        {
          "panel": "skirt_back",
          "edge": 6
        },
        {
          "panel": "skirt_back",