{
  "pattern": {
    "panels": {
      "skirt_back": {
        "translation": [
          -39.28513727927128,
          31.772500000000008,
          -20.0
        ],
        "rotation": [
          0.0,
          0.0,
          0.0
        ],
        "vertices": [
          [
            -0.2851372792712823,
            0.0
          ],
          [
            12,
            65.01802192153954
          ],
          [
            13.101058505678331,
            77.7764174004746
          ],
          [
            25.057944957637854,
            77.7764174004746
          ],
          [
            25.797327534506312,
            67.96203850469315
          ],
          [
            26.53671011137477,
            77.7764174004746
          ],
          [
            31.09526004204843,
            77.7764174004746
          ],
          [
            31.834642618916888,
            66.86567382423623
          ],
          [
            32.574025195785346,
            77.7764174004746
          ],
          [
            46.24967516309895,
            77.7764174004746
          ],
          [
            46.98905773996741,
            66.86567382423623
          ],
          [
            47.728440316835865,
            77.7764174004746
          ],
          [
            52.28699023516853,
            77.7764174004746
          ],
          [
            53.02637281203698,
            67.96203850469315
          ],
          [
            53.76575538890545,
            77.7764174004746
          ],
          [
            65.72264149432166,
            77.7764174004746
          ],
          [
            66.8237,
            65.01802192153954
          ],
          [
            67.94307571413603,
            52.085157254719476
          ],
          [
            79.10883727927128,
            0.0
          ]
        ],
        "edges": [
          {
            "endpoints": [
              0,
              1
            ],
            "curvature": {
              "type": "quadratic",
              "params": [
                [
                  0.753060859314441,
                  -0.046659335271497016
                ]
              ]
            }
          },
          {
            "endpoints": [
              1,
              2
            ],
            "curvature": {
              "type": "quadratic",
              "params": [
                [
                  0.49804539632067096,
                  0.04298166013986349
                ]
              ]
            }
          },
          {
            "endpoints": [
              2,
              3
            ],
            "label": "lower_interface"
          },
          {
            "endpoints": [
              3,
              4
            ]
          },
          {
            "endpoints": [
              4,
              5
            ]
          },
          {
            "endpoints": [
              5,
              6
            ],
            "label": "lower_interface"
          },
          {
            "endpoints": [
              6,
              7
            ]
          },
          {
            "endpoints": [
              7,
              8
            ]
          },
          {
            "endpoints": [
              8,
              9
            ],
            "label": "lower_interface"
          },
          {
            "endpoints": [
              9,
              10
            ]
          },
          {
            "endpoints": [
              10,
              11
            ]
          },
          {
            "endpoints": [
              11,
              12
            ],
            "label": "lower_interface"
          },
          {
            "endpoints": [
              12,
              13
            ]
          },
          {
            "endpoints": [
              13,
              14
            ]
          },
          {
            "endpoints": [
              14,
              15
            ],
            "label": "lower_interface"
          },
          {
            "endpoints": [
              15,
              16
            ],
            "curvature": {
              "type": "quadratic",
              "params": [
                [
                  0.5019546014243962,
                  0.04298166025796892
                ]
              ]
            }
          },
          {
            "endpoints": [
              16,
              17
            ],
            "curvature": {
              "type": "quadratic",
              "params": [
                [
                  0.3852314424788515,
                  -0.033343248049040874
                ]
              ]
            }
          },
          {
            "endpoints": [
              17,
              18
            ],
            "curvature": {
              "type": "quadratic",
              "params": [
                [
                  0.3461425679703305,
                  -0.024498241212250485
                ]
              ]
            }
          },
          {
            "endpoints": [
              18,
              0
            ]
          }
        ],
        "label": "leg"
      },
      "skirt_front": {
        "translation": [
          -36.285137279271275,
          31.772500000000008,
          25.0
        ],
        "rotation": [
          0.0,
          0.0,
          0.0
        ],
        "vertices": [
          [
            -0.2851372792712752,
            0.0
          ],
          [
            72.93943727927126,
            0.0
          ],
          [
            61.77367571378588,
            52.085157254703844
          ],
          [
            60.65429999999999,
            65.01802192153954
          ],
          [
            59.760126750878186,
            77.16887475862055
          ],
          [
            12.894173249121803,
            77.16887475862055
          ],
          [
            12,
            65.01802192153954
          ]
        ],
        "edges": [
          {
            "endpoints": [
              0,
              1
            ]
          },
          {
            "endpoints": [
              1,
              2
            ],
            "curvature": {
              "type": "quadratic",
              "params": [
                [
                  0.6538574319975349,
                  0.0244982412258865
                ]
              ]
            }
          },
          {
            "endpoints": [
              2,
              3
            ],
            "curvature": {
              "type": "quadratic",
              "params": [
                [
                  0.6147685574430126,
                  0.03334324804529862
                ]
              ]
            }
          },
          {
            "endpoints": [
              3,
              4
            ],
            "curvature": {
              "type": "quadratic",
              "params": [
                [
                  0.49855453864183963,
                  -0.03668751570828657
                ]
              ]
            }
          },
          {
            "endpoints": [
              4,
              5
            ],
            "label": "lower_interface"
          },
          {
            "endpoints": [
              5,
              6
            ],
            "curvature": {
              "type": "quadratic",
              "params": [
                [
                  0.5014454624563421,
                  -0.03668751567554194
                ]
              ]
            }
          },
          {
            "endpoints": [
              6,
              0
            ],
            "curvature": {
              "type": "quadratic",
              "params": [
                [
                  0.24693914077691914,
                  0.04665933528874841
                ]
              ]
            }
          }
        ],
        "label": "leg"
      }
    },