{
  "pattern": {
    "panels": {
      "skirt_back": {
        "translation": [
          -27.089970204808232,
          50.28309550947955,
          -20.0
        ],
        "rotation": [
          0.0,
          0.0,
          0.0
        ],
        "vertices": [
          [
            -0.6781202048082342,
            0.0
          ],
          [
            -1,
            20.744586997491798
          ],
          [
            0.2593216193079577,
            35.33683906352115
          ],
          [
            11.632837699784325,
            35.33683906352115
          ],
          [
            12.478497089533501,
            24.11176840669622
          ],
          [
            13.32415647928268,
            35.33683906352115
          ],
          [
            17.882706413914782,
            35.33683906352115
          ],
          [
            18.72836580366396,
            22.85781529010459
          ],
          [
            19.574025193413135,
            35.33683906352115
          ],
          [
            33.249675168637545,
            35.33683906352115
          ],
          [
            34.095334558386725,
            22.85781529010459
          ],
          [
            34.9409939481359,
            35.33683906352115
          ],
          [
            39.499543735763986,
            35.33683906352115
          ],
          [
            40.34520312551316,
            24.11176840669622
          ],
          [
            41.19086251526234,
            35.33683906352115
          ],
          [
            52.56437838069204,
            35.33683906352115
          ],
          [
            53.8237,
            20.744586997491798
          ],
          [
            53.50182020480824,
            0.0
          ],
          [
            27.411849723943998,
            0.0
          ],
          [
            26.411849723944,
            18.564098354403406
          ],
          [
            25.411849723943998,
            0.0
          ]
        ],
        "edges": [
          {
            "endpoints": [
              0,
              1
            ],
            "curvature": {
              "type": "quadratic",
              "params": [
                [
                  0.7501628141938714,
                  0.0038765428904931963
                ]
              ]
            }
          },
          {
            "endpoints": [
              1,
              2
            ],
            "curvature": {
              "type": "quadratic",
              "params": [
                [
                  0.4980453961474161,
                  0.04298166012491112
                ]
              ]
            }
          },
          {
            "endpoints": [
              2,
              3
            ]
          },
          {
            "endpoints": [
              3,
              4
            ]
          },
          {
            "endpoints": [
              4,
              5
            ]
          },
          {
            "endpoints": [
              5,
              6
            ]
          },
          {
            "endpoints": [
              6,
              7
            ]
          },
          {
            "endpoints": [
              7,
              8
            ]
          },
          {
            "endpoints": [
              8,
              9
            ]
          },
          {
            "endpoints": [
              9,
              10
            ]
          },
          {
            "endpoints": [
              10,
              11
            ]
          },
          {
            "endpoints": [
              11,
              12
            ]
          },
          {
            "endpoints": [
              12,
              13
            ]
          },
          {
            "endpoints": [
              13,
              14
            ]
          },
          {
            "endpoints": [
              14,
              15
            ]
          },
          {
            "endpoints": [
              15,
              16
            ],
            "curvature": {
              "type": "quadratic",
              "params": [
                [
                  0.5019546014273689,
                  0.042981660257711794
                ]
              ]
            }
          },
          {
            "endpoints": [
              16,
              17
            ],
            "curvature": {
              "type": "quadratic",
              "params": [
                [
                  0.2498371856072526,
                  0.003876542889321037
                ]
              ]
            }
          },
          {
            "endpoints": [
              17,
              18
            ]
          },
          {
            "endpoints": [
              18,
              19
            ]
          },
          {
            "endpoints": [
              19,
              20
            ]
          },
          {
            "endpoints": [
              20,
              0
            ]
          }
        ],
        "label": "leg"
      },
      "skirt_front": {
        "translation": [
          -24.089970204808232,
          51.28309550947955,
          25.0
        ],
        "rotation": [
          0.0,
          0.0,
          0.0
        ],
        "vertices": [
          [
            -0.6781202048082342,
            0.0
          ],
          [
            22.327149753636967,
            0.0
          ],
          [
            23.327149753636967,
            2.9704890505330788
          ],
          [
            24.327149753636967,
            0.0
          ],
          [
            47.33242020480823,
            0.0
          ],
          [
            47.65429999999999,
            20.744586997491798
          ],
          [
            46.63160075357604,
            34.641969917519745
          ],
          [
            0.022699246423954378,
            34.641969917519745
          ],
          [
            -1,
            20.744586997491798
          ]
        ],
        "edges": [
          {
            "endpoints": [
              0,
              1
            ]
          },
          {
            "endpoints": [
              1,
              2
            ]
          },
          {
            "endpoints": [
              2,
              3
            ]
          },
          {
            "endpoints": [
              3,
              4
            ]
          },
          {
            "endpoints": [
              4,
              5
            ],
            "curvature": {
              "type": "quadratic",
              "params": [
                [
                  0.7501628143927475,
                  -0.003876542889321037
                ]
              ]
            }
          },
          {
            "endpoints": [
              5,
              6
            ],
            "curvature": {
              "type": "quadratic",
              "params": [
                [
                  0.4985545386249558,
                  -0.03668751570699066
                ]
              ]
            }
          },
          {
            "endpoints": [
              6,
              7
            ]
          },
          {
            "endpoints": [
              7,
              8
            ],
            "curvature": {
              "type": "quadratic",
              "params": [
                [
                  0.5014454624826963,
                  -0.036687515673568795
                ]
              ]
            }
          },
          {
            "endpoints": [
              8,
              0
            ],
            "curvature": {
              "type": "quadratic",
              "params": [
                [
                  0.24983718580612857,
                  -0.0038765428904931963
                ]
              ]
            }
          }
        ],
        "label": "leg"
      },