{
  "pattern": {
    "panels": {
      "wb_front": {
        "translation": [
          -22.573750586871675,
          108.77250000000001,
          20.0
        ],
        "rotation": [
          0.0,
          0.0,
          0.0
        ],
        "vertices": [
          [
            -0.5737505868716752,
            0
          ],
          [
            -1.8997536830416806,
            -16.156331892587744
          ],
          [
            45.89975368304168,
            -16.156331892587744
          ],
          [
            44.573750586871675,
            0
          ]
        ],
        "edges": [
          {
            "endpoints": [
              0,
              1
            ]
          },
          {
            "endpoints": [
              1,
              2
            ],
            "curvature": {
              "type": "circle",
              "params": [
                292.1793087999437,
                0,
                1
              ]
            }
          },
          {
            "endpoints": [
              2,
              3
            ]
          },
          {
            "endpoints": [
              3,
              0
            ],
            "label": "lower_interface",
            "curvature": {
              "type": "circle",
              "params": [
                275.9686535253374,
                0,
                0
              ]
            }
          }
        ],
        "label": "body"
      },
      "wb_back": {
        "translation": [
          -19.22373383816558,
          108.77250000000001,
          -15.0
        ],
        "rotation": [
          0.0,
          0.0,
          0.0
        ],
        "vertices": [
          [
            -0.2237338381655789,
            0
          ],
          [
            38.22373383816558,
            0
          ],
          [
            43.41094239640168,
            -15.358327116188873
          ],
          [
            33.38486216517107,
            -18.000879304239945
          ],
          [
            27.664164660731444,
            -18.875768690829176
          ],
          [
            10.335835802615716,
            -18.875768743795682
          ],
          [
            4.615138204095759,
            -18.000879375141608
          ],
          [
            -5.41094239640168,
            -15.358327116188873
          ]
        ],
        "edges": [
          {
            "endpoints": [
              0,
              1
            ],
            "label": "lower_interface",
            "curvature": {
              "type": "circle",
              "params": [
                60.07649756975751,
                0,
                1
              ]
            }
          },
          {
            "endpoints": [
              1,
              2
            ]
          },
          {
            "endpoints": [
              2,
              3
            ],
            "curvature": {
              "type": "circle",
              "params": [
                76.28715284444037,
                0,
                0
              ]
            }
          },
          {
            "endpoints": [
              3,
              4
            ],
            "curvature": {
              "type": "circle",
              "params": [
                76.28715284445268,
                0,
                0
              ]
            }
          },
          {
            "endpoints": [
              4,
              5
            ],
            "curvature": {
              "type": "circle",
              "params": [
                76.28715284444016,
                0,
                0
              ]
            }
          },
          {
            "endpoints": [
              5,
              6
            ],
            "curvature": {
              "type": "circle",
              "params": [
                76.28715284443258,
                0,
                0
              ]
            }
          },
          {
            "endpoints": [
              6,
              7
            ],
            "curvature": {
              "type": "circle",
              "params": [
                76.28715284442922,
                0,
                0
              ]
            }
          },
          {
            "endpoints": [
              7,
              0
            ]
          }
        ],
        "label": "body"
      },
      "skirt_front": {
        "translation": [
          -22.912091203098612,
          24.837511833891952,
          25.0
        ],
        "rotation": [
          0.0,
          0.0,
          0.0
        ],
        "vertices": [
          [
            -0.5002412030986108,
            0.0
          ],
          [
            21.327149771826356,
            0.0
          ],
          [
            22.32714977182636,
            22.630905151178055
          ],
          [
            23.327149771826356,
            0.0
          ],
          [
            45.1545412030986,
            0.0
          ],
          [
            46.65429999999999,
            38.000345411012944
          ],
          [
            44.92614999999999,
            61.48404541101294
          ],
          [
            -0.2718500000000006,
            61.48404541101294
          ],
          [
            -2,
            38.000345411012944
          ],
          [
            -1.1168641297489152,
            12.217964592129604
          ]
        ],
        "edges": [
          {
            "endpoints": [
              0,
              1
            ]
          },
          {
            "endpoints": [
              1,
              2
            ]
          },
          {
            "endpoints": [
              2,
              3
            ]
          },
          {
            "endpoints": [
              3,
              4
            ]
          },
          {
            "endpoints": [
              4,
              5
            ],
            "curvature": {
              "type": "quadratic",
              "params": [
                [
                  0.7493555552784776,
                  -0.009891998604512975
                ]
              ]
            }
          },
          {
            "endpoints": [
              5,
              6
            ],
            "curvature": {
              "type": "quadratic",
              "params": [
                [
                  0.4985545385734096,
                  -0.03668751570317946
                ]
              ]
            }
          },
          {
            "endpoints": [
              6,
              7
            ]
          },
          {
            "endpoints": [
              7,
              8
            ],
            "curvature": {
              "type": "quadratic",
              "params": [
                [
                  0.5014454625191118,
                  -0.03668751567083784
                ]
              ]
            }
          },
          {
            "endpoints": [
              8,
              9
            ],
            "curvature": {
              "type": "quadratic",
              "params": [
                [
                  0.28359054825058316,
                  -0.00971375500115837
                ]
              ]
            }
          },
          {
            "endpoints": [
              9,
              0
            ],
            "curvature": {
              "type": "quadratic",
              "params": [
                [
                  0.45803344671264856,
                  -0.0012035195437807582
                ]
              ]
            }
          }
        ],
        "label": "leg"
      },
      "skirt_back": {
        "translation": [
          -25.912091203098612,
          23.837511833891952,
          -20.0
        ],
        "rotation": [
          0.0,
          0.0,
          0.0
        ],