{
  "pattern": {
    "panels": {
      "skirt_back": {
        "translation": [
          -27.724337557667127,
          64.77250000000001,
          -20.0
        ],
        "rotation": [
          0.0,
          0.0,
          0.0
        ],
        "vertices": [
          [
            -0.7243375576671269,
            0.0
          ],
          [
            -0.04671965816338286,
            16.469498117494947
          ],
          [
            0,
            19.59359829187866
          ],
          [
            2.1279928229309277,
            44.25148329187866
          ],
          [
            10.299518077285981,
            44.25148329187866
          ],
          [
            11.728507371553249,
            25.283437775640603
          ],
          [
            13.157496665820517,
            44.25148329187866
          ],
          [
            17.716046605358557,
            44.25148329187866
          ],
          [
            19.145035899625825,
            23.164516610874735
          ],
          [
            20.574025193893092,
            44.25148329187866
          ],
          [
            34.24967517337137,
            44.25148329187866
          ],
          [
            35.67866446763864,
            23.164516610874735
          ],
          [
            37.10765376190591,
            44.25148329187866
          ],
          [
            41.66620363029078,
            44.25148329187866
          ],
          [
            43.09519292455805,
            25.283437775640603
          ],
          [
            44.52418221882532,
            44.25148329187866
          ],
          [
            52.695707177069075,
            44.25148329187866
          ],
          [
            54.8237,
            19.59359829187866
          ],
          [
            55.54803755766713,
            0.0
          ]
        ],
        "edges": [
          {
            "endpoints": [
              0,
              1
            ],
            "curvature": {
              "type": "quadratic",
              "params": [
                [
                  0.6653893145102613,
                  -0.005434236548469063
                ]
              ]
            }
          },
          {
            "endpoints": [
              1,
              2
            ],
            "curvature": {
              "type": "quadratic",
              "params": [
                [
                  0.6009955169274616,
                  -0.005966932137487618
                ]
              ]
            }
          },
          {
            "endpoints": [
              2,
              3
            ],
            "curvature": {
              "type": "quadratic",
              "params": [
                [
                  0.4980453961471247,
                  0.04298166012488582
                ]
              ]
            }
          },
          {
            "endpoints": [
              3,
              4
            ],
            "label": "lower_interface"
          },
          {
            "endpoints": [
              4,
              5
            ]
          },
          {
            "endpoints": [
              5,
              6
            ]
          },
          {
            "endpoints": [
              6,
              7
            ],
            "label": "lower_interface"
          },
          {
            "endpoints": [
              7,
              8
            ]
          },
          {
            "endpoints": [
              8,
              9
            ]
          },
          {
            "endpoints": [
              9,
              10
            ],
            "label": "lower_interface"
          },
          {
            "endpoints": [
              10,
              11
            ]
          },
          {
            "endpoints": [
              11,
              12
            ]
          },
          {
            "endpoints": [
              12,
              13
            ],
            "label": "lower_interface"
          },
          {
            "endpoints": [
              13,
              14
            ]
          },
          {
            "endpoints": [
              14,
              15
            ]
          },
          {
            "endpoints": [
              15,
              16
            ],
            "label": "lower_interface"
          },
          {
            "endpoints": [
              16,
              17
            ],
            "curvature": {
              "type": "quadratic",
              "params": [
                [
                  0.5019546015423715,
                  0.042981660247787205
                ]
              ]
            }
          },
          {
            "endpoints": [
              17,
              18
            ],
            "curvature": {
              "type": "quadratic",
              "params": [
                [
                  0.25021515273965944,
                  -0.009249959950434202
                ]
              ]
            }
          },
          {
            "endpoints": [
              18,
              0
            ]
          }
        ],
        "label": "leg"
      },
      "skirt_front": {
        "translation": [
          -24.724337557667127,
          65.77250000000001,
          25.0
        ],
        "rotation": [
          0.0,
          0.0,
          0.0
        ],
        "vertices": [
          [
            -0.7243375576671269,
            0.0
          ],
          [
            23.327149743440593,
            0.0
          ],
          [
            24.327149743440593,
            5.642291322295556
          ],
          [
            25.327149743440593,
            0.0
          ],
          [
            49.37863755766712,
            0.0
          ],
          [
            48.65429999999999,
            19.59359829187866
          ],
          [
            46.92614999999999,
            43.07729829187866
          ],
          [
            1.7281499999999994,
            43.07729829187866
          ],
          [
            0,
            19.59359829187866
          ],
          [
            -0.04671965816338286,
            16.469498117494947
          ]
        ],
        "edges": [
          {
            "endpoints": [
              0,
              1
            ]
          },
          {
            "endpoints": [
              1,
              2
            ]
          },
          {
            "endpoints": [
              2,
              3
            ]
          },
          {
            "endpoints": [
              3,
              4
            ]
          },
          {
            "endpoints": [
              4,
              5
            ],
            "curvature": {
              "type": "quadratic",
              "params": [
                [
                  0.7497848472603406,
                  0.009249959950434202
                ]
              ]
            }
          },
          {
            "endpoints": [
              5,
              6
            ],
            "curvature": {
              "type": "quadratic",
              "params": [
                [
                  0.4985545385734096,
                  -0.03668751570317946
                ]
              ]
            }
          },
          {
            "endpoints": [
              6,
              7
            ],
            "label": "lower_interface"
          },
          {
            "endpoints": [
              7,
              8
            ],
            "curvature": {
              "type": "quadratic",
              "params": [
                [
                  0.5014454625191118,
                  -0.03668751567083784
                ]
              ]
            }
          },
          {
            "endpoints": [
              8,
              9
            ],
            "curvature": {
              "type": "quadratic",