{
  "pattern": {
    "panels": {
      "skirt_back": {
        "translation": [
          -23.550441519954934,
          24.772500000000008,
          -20.0
        ],
        "rotation": [
          0.0,
          0.0,
          0.0
        ],
        "vertices": [
          [
            -0.5504415199549335,
            0.0
          ],
          [
            -4,
            68.48193672582703
          ],
          [
            -2.6197544448512637,
            84.47538172426601
          ],
          [
            8.308026436971502,
            84.47538172426601
          ],
          [
            9.234888642761728,
            72.17244525214602
          ],
          [
            10.161750848551952,
            84.47538172426601
          ],
          [
            14.72030078531085,
            84.47538172426601
          ],
          [
            15.647162991101073,
            70.79808369985915
          ],
          [
            16.5740251968913,
            84.47538172426601
          ],
          [
            30.249675171470336,
            84.47538172426601
          ],
          [
            31.176537377260562,
            70.79808369985915
          ],
          [
            32.10339958305079,
            84.47538172426601
          ],
          [
            36.66194937164751,
            84.47538172426601
          ],
          [
            37.58881157743774,
            72.17244525214602
          ],
          [
            38.51567378322796,
            84.47538172426601
          ],
          [
            49.44345444485127,
            84.47538172426601
          ],
          [
            50.8237,
            68.48193672582703
          ],
          [
            47.37414151995493,
            0.0
          ],
          [
            24.411849753986548,
            0.0
          ],
          [
            23.411849753986548,
            11.262528372604493
          ],
          [
            22.411849753986548,
            0.0
          ]
        ],
        "edges": [
          {
            "endpoints": [
              0,
              1
            ],
            "curvature": {
              "type": "quadratic",
              "params": [
                [
                  0.7454453642734814,
                  0.012822385865497167
                ]
              ]
            }
          },
          {
            "endpoints": [
              1,
              2
            ],
            "curvature": {
              "type": "quadratic",
              "params": [
                [
                  0.4980453961474161,
                  0.04298166012491112
                ]
              ]
            }
          },
          {
            "endpoints": [
              2,
              3
            ],
            "label": "lower_interface"
          },
          {
            "endpoints": [
              3,
              4
            ]
          },
          {
            "endpoints": [
              4,
              5
            ]
          },
          {
            "endpoints": [
              5,
              6
            ],
            "label": "lower_interface"
          },
          {
            "endpoints": [
              6,
              7
            ]
          },
          {
            "endpoints": [
              7,
              8
            ]
          },
          {
            "endpoints": [
              8,
              9
            ],
            "label": "lower_interface"
          },
          {
            "endpoints": [
              9,
              10
            ]
          },
          {
            "endpoints": [
              10,
              11
            ]
          },
          {
            "endpoints": [
              11,
              12
            ],
            "label": "lower_interface"
          },
          {
            "endpoints": [
              12,
              13
            ]
          },
          {
            "endpoints": [
              13,
              14
            ]
          },
          {
            "endpoints": [
              14,
              15
            ],
            "label": "lower_interface"
          },
          {
            "endpoints": [
              15,
              16
            ],
            "curvature": {
              "type": "quadratic",
              "params": [
                [
                  0.5019546013812186,
                  0.04298166026169452
                ]
              ]
            }
          },
          {
            "endpoints": [
              16,
              17
            ],
            "curvature": {
              "type": "quadratic",
              "params": [
                [
                  0.25455463151164576,
                  0.012822385697759075
                ]
              ]
            }
          },
          {
            "endpoints": [
              17,
              18
            ]
          },
          {
            "endpoints": [
              18,
              19
            ]
          },
          {
            "endpoints": [
              19,
              20
            ]
          },
          {
            "endpoints": [
              20,
              0
            ]
          }
        ],
        "label": "leg"
      },
      "skirt_front": {
        "translation": [
          -20.550441519954934,
          25.772500000000008,
          25.0
        ],
        "rotation": [
          0.0,
          0.0,
          0.0
        ],
        "vertices": [
          [
            -0.5504415199549335,
            0.0
          ],
          [
            19.327149789864865,
            0.0
          ],
          [
            20.327149789864873,
            47.80921281720328
          ],
          [
            21.327149789864865,
            0.0
          ],
          [
            41.20474151995492,
            0.0
          ],
          [
            44.65429999999999,
            68.48193672582703
          ],
          [
            43.533398025882896,
            83.71378910529273
          ],
          [
            -2.8790980258829038,
            83.71378910529273
          ],
          [
            -4,
            68.48193672582703
          ]
        ],
        "edges": [
          {
            "endpoints": [
              0,
              1
            ]
          },
          {
            "endpoints": [
              1,
              2
            ]
          },
          {
            "endpoints": [
              2,
              3
            ]
          },
          {
            "endpoints": [
              3,
              4
            ]
          },
          {
            "endpoints": [
              4,
              5
            ],
            "curvature": {
              "type": "quadratic",
              "params": [
                [
                  0.7454453684883542,
                  -0.012822385697759075
                ]
              ]
            }
          },
          {
            "endpoints": [
              5,
              6
            ],
            "curvature": {
              "type": "quadratic",
              "params": [
                [
                  0.4985545385734096,
                  -0.03668751570317946
                ]
              ]
            }
          },
          {
            "endpoints": [
              6,
              7
            ],
            "label": "lower_interface"
          },
          {
            "endpoints": [
              7,
              8
            ],
            "curvature": {
              "type": "quadratic",
              "params": [
                [
                  0.5014454625191118,
                  -0.03668751567083784
                ]
              ]
            }
          },
          {
            "endpoints": [
              8,
              0
            ],
            "curvature": {
              "type": "quadratic",