{
  "pattern": {
    "panels": {
      "skirt_front": {
        "translation": [
          -14.81337735303323,
          95.17821624786336,
          17.5
        ],
        "rotation": [
          0.0,
          0.0,
          0.0
        ],
        "vertices": [
          [
            -0.8114317386435648,
            0
          ],
          [
            -31.912762640302674,
            0
          ],
          [
            59.912762640302674,
            0
          ],
          [
            28.811431738643563,
            0
          ]
        ],
        "edges": [
          {
            "endpoints": [
              0,
              1
            ]
          },
          {
            "endpoints": [
              1,
              2
            ],
            "curvature": {
              "type": "circle",
              "params": [
                47.16213648053818,
                0,
                1
              ]
            }
          },
          {
            "endpoints": [
              2,
              3
            ]
          },
          {
            "endpoints": [
              3,
              0
            ],
            "curvature": {
              "type": "circle",
              "params": [
                14.811431738643574,
                0,
                0
              ]
            }
          }
        ],
        "label": "leg"
      },
      "skirt_back": {
        "translation": [
          -14.81337735303323,
          95.17821624786336,
          -12.5
        ],
        "rotation": [
          0.0,
          0.0,
          0.0
        ],
        "vertices": [
          [
            -0.8114317386435648,
            0
          ],
          [
            28.811431738643563,
            0
          ],
          [
            59.912762640302674,
            0
          ],
          [
            19.920291930792555,
            -57.57264027125601
          ],
          [
            14.748906659673702,
            -36.14879054025967
          ],
          [
            10.850504918676823,
            -57.84042548980761
          ],
          [
            -31.912762640302674,
            0
          ]
        ],
        "edges": [
          {
            "endpoints": [
              0,
              1
            ],
            "curvature": {
              "type": "circle",
              "params": [
                14.811431738643574,
                0,
                1
              ]
            }
          },
          {
            "endpoints": [
              1,
              2
            ]
          },
          {
            "endpoints": [
              2,
              3
            ],
            "curvature": {
              "type": "circle",
              "params": [
                47.162136480538216,
                0,
                0
              ]
            }
          },
          {
            "endpoints": [
              3,
              4
            ]
          },
          {
            "endpoints": [
              4,
              5
            ]
          },
          {
            "endpoints": [
              5,
              6
            ],
            "curvature": {
              "type": "circle",
              "params": [
                47.16213584568443,
                0,
                0
              ]
            }
          },
          {
            "endpoints": [
              6,
              0
            ]
          }
        ],
        "label": "leg"
      },
      "wb_front": {
        "translation": [
          -22.598999999999997,
          92.77250000000001,
          20.0
        ],
        "rotation": [
          0.0,
          0.0,
          0.0
        ],
        "vertices": [
          [
            0,
            0
          ],
          [
            45.19799999999999,
            0
          ],
          [
            45.19799999999999,
            16.19601992291508
          ],
          [
            0,
            16.19601992291508
          ]
        ],
        "edges": [
          {
            "endpoints": [
              0,
              1
            ]
          },
          {
            "endpoints": [
              1,
              2
            ]
          },
          {
            "endpoints": [
              2,
              3
            ],
            "label": "lower_interface"
          },
          {
            "endpoints": [
              3,
              0
            ]
          }
        ],
        "label": "body"
      },
      "wb_back": {
        "translation": [
          -19.5679,
          92.77250000000001,
          -15.0
        ],
        "rotation": [
          0.0,
          0.0,
          0.0
        ],
        "vertices": [
          [
            0,
            0
          ],
          [
            0,
            16.19601992291508
          ],
          [
            39.1358,
            16.19601992291508
          ],
          [
            39.1358,
            0
          ]
        ],
        "edges": [
          {
            "endpoints": [
              0,
              1
            ]
          },
          {
            "endpoints": [
              1,
              2
            ],
            "label": "lower_interface"
          },
          {
            "endpoints": [
              2,
              3
            ]
          },
          {
            "endpoints": [
              3,
              0
            ]
          }
        ],
        "label": "body"
      }
    },
    "stitches": [
      [
        {
          "panel": "skirt_front",
          "edge": 0
        },
        {
          "panel": "skirt_back",
          "edge": 6
        }
      ],
      [
        {
          "panel": "skirt_front",
          "edge": 2
        },
        {
          "panel": "skirt_back",
          "edge": 1
        }
      ],
      [
        {
          "panel": "wb_front",
          "edge": 3
        },
        {
          "panel": "wb_back",
          "edge": 0
        }
      ],
      [
        {
          "panel": "wb_front",
          "edge": 1
        },
        {
          "panel": "wb_back",
          "edge": 2
        }
      ],
      [
        {
          "panel": "wb_front",
          "edge": 0
        },
        {
          "panel": "skirt_front",
          "edge": 3
        }
      ],
      [
        {
          "panel": "wb_back",
          "edge": 3
        },
        {
          "panel": "skirt_back",
          "edge": 0
        }
      ]
    ],
    "panel_order": [
      "skirt_back",
      "skirt_front",
      "wb_back",
      "wb_front"
    ]
  },
  "parameters": {},
  "parameter_order": [],
  "properties": {
    "curvature_coords": "relative",
    "normalize_panel_translation": false,
    "normalized_edge_loops": true,
    "units_in_meter": 100
  }
}