{
  "pattern": {
    "panels": {
      "skirt_back": {
        "translation": [
          -37.867478210880925,
          5.658465904129429,
          -20.0
        ],
        "rotation": [
          0.0,
          0.0,
          0.0
        ],
        "vertices": [
          [
            -0.4556282108809242,
            -0.862798738584388
          ],
          [
            10,
            71.23369602838473
          ],
          [
            11.71664982048803,
            91.12518880163758
          ],
          [
            21.404417943959672,
            91.12518880163758
          ],
          [
            22.55718227147491,
            75.82368421967605
          ],
          [
            23.709946598990147,
            91.12518880163758
          ],
          [
            28.26849654233104,
            91.12518880163758
          ],
          [
            29.42126086984628,
            74.11435249734737
          ],
          [
            30.574025197361514,
            91.12518880163758
          ],
          [
            44.24967516331153,
            91.12518880163758
          ],
          [
            45.402439490826765,
            74.11435249734737
          ],
          [
            46.555203818342,
            91.12518880163758
          ],
          [
            51.11375363525302,
            91.12518880163758
          ],
          [
            52.266517962768255,
            75.82368421967605
          ],
          [
            53.41928229028349,
            91.12518880163758
          ],
          [
            63.10705017951197,
            91.12518880163758
          ],
          [
            64.8237,
            71.23369602838473
          ],
          [
            65.90092706375829,
            64.76895725515976
          ],
          [
            75.27932821088092,
            42.86279873858439
          ]
        ],
        "edges": [
          {
            "endpoints": [
              0,
              1
            ],
            "curvature": {
              "type": "quadratic",
              "params": [
                [
                  0.7523748450992371,
                  -0.03591099667341726
                ]
              ]
            }
          },
          {
            "endpoints": [
              1,
              2
            ],
            "curvature": {
              "type": "quadratic",
              "params": [
                [
                  0.49804539625805627,
                  0.042981660134458914
                ]
              ]
            }
          },
          {
            "endpoints": [
              2,
              3
            ]
          },
          {
            "endpoints": [
              3,
              4
            ]
          },
          {
            "endpoints": [
              4,
              5
            ]
          },
          {
            "endpoints": [
              5,
              6
            ]
          },
          {
            "endpoints": [
              6,
              7
            ]
          },
          {
            "endpoints": [
              7,
              8
            ]
          },
          {
            "endpoints": [
              8,
              9
            ]
          },
          {
            "endpoints": [
              9,
              10
            ]
          },
          {
            "endpoints": [
              10,
              11
            ]
          },
          {
            "endpoints": [
              11,
              12
            ]
          },
          {
            "endpoints": [
              12,
              13
            ]
          },
          {
            "endpoints": [
              13,
              14
            ]
          },
          {
            "endpoints": [
              14,
              15
            ]
          },
          {
            "endpoints": [
              15,
              16
            ],
            "curvature": {
              "type": "quadratic",
              "params": [
                [
                  0.5019546015423715,
                  0.042981660247787185
                ]
              ]
            }
          },
          {
            "endpoints": [
              16,
              17
            ],
            "curvature": {
              "type": "quadratic",
              "params": [
                [
                  0.39251652953255817,
                  -0.06540546982383494
                ]
              ]
            }
          },
          {
            "endpoints": [
              17,
              18
            ],
            "curvature": {
              "type": "quadratic",
              "params": [
                [
                  0.3523916005261369,
                  -0.046838187382582754
                ]
              ]
            }
          },
          {
            "endpoints": [
              18,
              0
            ]
          }
        ],
        "label": "leg"
      },
      "skirt_front": {
        "translation": [
          -34.867478210880925,
          8.439418279498668,
          25.0
        ],
        "rotation": [
          0.0,
          0.0,
          0.0
        ],
        "vertices": [
          [
            -0.4556282108809242,
            -0.08184636321514915
          ],
          [
            33.461124249795205,
            19.499999799994114
          ],
          [
            24.22467035261794,
            37.49800723167269
          ],
          [
            35.19317505736409,
            20.49999979999413
          ],
          [
            69.10992821088092,
            40.08184636321515
          ],
          [
            59.73791997289283,
            63.40518230584697
          ],
          [
            58.65429999999999,
            70.23369602838473
          ],
          [
            57.26020301089906,
            89.1779748600541
          ],
          [
            11.394096989100934,
            89.1779748600541
          ],
          [
            10,
            70.23369602838473
          ]
        ],
        "edges": [
          {
            "endpoints": [
              0,
              1
            ]
          },
          {
            "endpoints": [
              1,
              2
            ]
          },
          {
            "endpoints": [
              2,
              3
            ]
          },
          {
            "endpoints": [
              3,
              4
            ]
          },
          {
            "endpoints": [
              4,
              5
            ],
            "curvature": {
              "type": "quadratic",
              "params": [
                [
                  0.6475517886640809,
                  0.04376611220361399
                ]
              ]
            }
          },
          {
            "endpoints": [
              5,
              6
            ],
            "curvature": {
              "type": "quadratic",
              "params": [
                [
                  0.60988638633551,
                  0.061907137619484354
                ]
              ]
            }
          },
          {
            "endpoints": [
              6,
              7
            ],
            "curvature": {
              "type": "quadratic",
              "params": [
                [
                  0.49855453864189947,
                  -0.03668751570833185
                ]
              ]
            }
          },
          {
            "endpoints": [
              7,
              8
            ]
          },
          {
            "endpoints": [
              8,
              9
            ],
            "curvature": {
              "type": "quadratic",