{
  "pattern": {
    "panels": {
      "wb_front": {
        "translation": [
          -22.565001190024535,
          108.77250000000001,
          20.0
        ],
        "rotation": [
          0.0,
          0.0,
          0.0
        ],
        "vertices": [
          [
            -0.5650011900245353,
            0
          ],
          [
            -1.0106611130225147,
            -4.675548509066443
          ],
          [
            45.010661113022515,
            -4.675548509066443
          ],
          [
            44.56500119002453,
            0
          ]
        ],
        "edges": [
          {
            "endpoints": [
              0,
              1
            ]
          },
          {
            "endpoints": [
              1,
              2
            ],
            "curvature": {
              "type": "circle",
              "params": [
                242.50574686848867,
                0,
                1
              ]
            }
          },
          {
            "endpoints": [
              2,
              3
            ]
          },
          {
            "endpoints": [
              3,
              0
            ],
            "label": "lower_interface",
            "curvature": {
              "type": "circle",
              "params": [
                237.80900686848858,
                0,
                0
              ]
            }
          }
        ],
        "label": "body"
      },
      "wb_back": {
        "translation": [
          -19.250809956528524,
          108.77250000000001,
          -15.0
        ],
        "rotation": [
          0.0,
          0.0,
          0.0
        ],
        "vertices": [
          [
            -0.2508099565285242,
            0
          ],
          [
            38.25080995652853,
            0
          ],
          [
            39.69510876295775,
            -4.469157368603966
          ],
          [
            31.18383499110573,
            -6.6180749244754296
          ],
          [
            26.336227598365376,
            -7.3290942548983296
          ],
          [
            11.66377279410039,
            -7.329094297937459
          ],
          [
            6.816165321961293,
            -6.618074982105668
          ],
          [
            -1.6951087629577515,
            -4.469157368603966
          ]
        ],
        "edges": [
          {
            "endpoints": [
              0,
              1
            ],
            "label": "lower_interface",
            "curvature": {
              "type": "circle",
              "params": [
                62.60203827126582,
                0,
                1
              ]
            }
          },
          {
            "endpoints": [
              1,
              2
            ]
          },
          {
            "endpoints": [
              2,
              3
            ],
            "curvature": {
              "type": "circle",
              "params": [
                67.29877827127542,
                0,
                0
              ]
            }
          },
          {
            "endpoints": [
              3,
              4
            ],
            "curvature": {
              "type": "circle",
              "params": [
                67.29877827128453,
                0,
                0
              ]
            }
          },
          {
            "endpoints": [
              4,
              5
            ],
            "curvature": {
              "type": "circle",
              "params": [
                67.29877827127001,
                0,
                0
              ]
            }
          },
          {
            "endpoints": [
              5,
              6
            ],
            "curvature": {
              "type": "circle",
              "params": [
                67.29877827121938,
                0,
                0
              ]
            }
          },
          {
            "endpoints": [
              6,
              7
            ],
            "curvature": {
              "type": "circle",
              "params": [
                67.29877827125867,
                0,
                0
              ]
            }
          },
          {
            "endpoints": [
              7,
              0
            ]
          }
        ],
        "label": "body"
      },
      "skirt_front": {
        "translation": [
          -14.682099659982278,
          55.725604523991635,
          25.0
        ],
        "rotation": [
          0.0,
          0.0,
          0.0
        ],
        "vertices": [
          [
            -0.27024965998227657,
            -0.1022677083699648
          ],
          [
            28.92454965998227,
            -11.897732291630035
          ],
          [
            38.11153655769727,
            13.58558065469217
          ],
          [
            38.65429999999999,
            18.274181741198063
          ],
          [
            36.92614999999999,
            41.75788174119806
          ],
          [
            -8.27185,
            41.75788174119806
          ],
          [
            -10,
            18.274181741198063
          ],
          [
            -8.979157611579275,
            10.795984289102321
          ]
        ],
        "edges": [
          {
            "endpoints": [
              0,
              1
            ]
          },
          {
            "endpoints": [
              1,
              2
            ],
            "curvature": {
              "type": "quadratic",
              "params": [
                [
                  0.6724143099807747,
                  -0.049218738318825075
                ]
              ]
            }
          },
          {
            "endpoints": [
              2,
              3
            ],
            "curvature": {
              "type": "quadratic",
              "params": [
                [
                  0.585930000359608,
                  -0.04793371284284384
                ]
              ]
            }
          },
          {
            "endpoints": [
              3,
              4
            ],
            "curvature": {
              "type": "quadratic",
              "params": [
                [
                  0.4985545385734096,
                  -0.03668751570317946
                ]
              ]
            }
          },
          {
            "endpoints": [
              4,
              5
            ]
          },
          {
            "endpoints": [
              5,
              6
            ],
            "curvature": {
              "type": "quadratic",
              "params": [
                [
                  0.5014454625191118,
                  -0.03668751567083784
                ]
              ]
            }
          },
          {
            "endpoints": [
              6,
              7
            ],
            "curvature": {
              "type": "quadratic",
              "params": [
                [
                  0.5388345411426698,
                  -0.07355767779251339
                ]
              ]
            }
          },
          {
            "endpoints": [
              7,
              0
            ],
            "curvature": {
              "type": "quadratic",
              "params": [
                [
                  0.48965850098597863,
                  -0.1957781581592948
                ]
              ]
            }
          }
        ],
        "label": "leg"
      },
      "skirt_back": {
        "translation": [
          -17.682099659982278,
          55.971904222825344,
          -20.0
        ],
        "rotation": [
          0.0,
          0.0,
          0.0
        ],