{
  "pattern": {
    "panels": {
      "skirt_front": {
        "translation": [
          -14.107544170865097,
          64.20088558087312,
          17.5
        ],
        "rotation": [
          0.0,
          0.0,
          0.0
        ],
        "vertices": [
          [
            -0.11526792225957827,
            0
          ],
          [
            -28.15870457825774,
            0
          ],
          [
            56.15870457825774,
            0
          ],
          [
            28.115267922259576,
            0
          ]
        ],
        "edges": [
          {
            "endpoints": [
              0,
              1
            ]
          },
          {
            "endpoints": [
              1,
              2
            ],
            "curvature": {
              "type": "circle",
              "params": [
                43.2638510149065,
                0,
                1
              ]
            }
          },
          {
            "endpoints": [
              2,
              3
            ]
          },
          {
            "endpoints": [
              3,
              0
            ],
            "curvature": {
              "type": "circle",
              "params": [
                14.115267922259585,
                0,
                0
              ]
            }
          }
        ],
        "label": "leg"
      },
      "skirt_back": {
        "translation": [
          -14.107544170865097,
          64.20088558087312,
          -12.5
        ],
        "rotation": [
          0.0,
          0.0,
          0.0
        ],
        "vertices": [
          [
            -0.11526792225957827,
            0
          ],
          [
            28.115267922259576,
            0
          ],
          [
            56.15870457825774,
            0
          ],
          [
            13.201897825966203,
            -52.97268332899229
          ],
          [
            11.72648260129394,
            -28.324790264166804
          ],
          [
            4.360301919336784,
            -51.892455926701736
          ],
          [
            -28.15870457825774,
            0
          ]
        ],
        "edges": [
          {
            "endpoints": [
              0,
              1
            ],
            "curvature": {
              "type": "circle",
              "params": [
                14.115267922259585,
                0,
                1
              ]
            }
          },
          {
            "endpoints": [
              1,
              2
            ]
          },
          {
            "endpoints": [
              2,
              3
            ],
            "curvature": {
              "type": "circle",
              "params": [
                43.26385101490659,
                0,
                0
              ]
            }
          },
          {
            "endpoints": [
              3,
              4
            ]
          },
          {
            "endpoints": [
              4,
              5
            ]
          },
          {
            "endpoints": [
              5,
              6
            ],
            "curvature": {
              "type": "circle",
              "params": [
                43.26385032384396,
                0,
                0
              ]
            }
          },
          {
            "endpoints": [
              6,
              0
            ]
          }
        ],
        "label": "leg"
      },
      "left_btorso": {
        "translation": [
          0.0,
          89.26705730089377,
          -25.0
        ],
        "rotation": [
          0.0,
          0.0,
          0.0
        ],
        "vertices": [
          [
            0.0,
            0.0
          ],
          [
            0.0,
            44.26956013939807
          ],
          [
            10.382365434518958,
            52.26977793773548
          ],
          [
            17.2284,
            49.548495448913144
          ],
          [
            30.5088231910674,
            31.10701544891314
          ],
          [
            30.5088231910674,
            0.0
          ]
        ],
        "edges": [
          {
            "endpoints": [
              0,
              1
            ]
          },
          {
            "endpoints": [
              1,
              2
            ],
            "label": "left_collar",
            "curvature": {
              "type": "circle",
              "params": [
                10.737019989157773,
                0,
                1
              ]
            }
          },
          {
            "endpoints": [
              2,
              3
            ]
          },
          {
            "endpoints": [
              3,
              4
            ],
            "label": "left_armhole",
            "curvature": {
              "type": "cubic",
              "params": [
                [
                  0.5,
                  -0.2
                ],
                [
                  0.8,
                  -0.35
                ]
              ]
            }
          },
          {
            "endpoints": [
              4,
              5
            ]
          },
          {
            "endpoints": [
              5,
              0
            ]
          }
        ],
        "label": "body"
      },
      "left_ftorso": {
        "translation": [
          0.0,
          89.01741904106765,
          30.0
        ],
        "rotation": [
          0.0,
          0.0,
          0.0
        ],
        "vertices": [
          [
            0.0,
            0.0
          ],
          [
            33.38109782957823,
            0.0
          ],
          [
            33.38109782957823,
            31.356654359438256
          ],
          [
            17.2284,
            49.79813435943826
          ],
          [
            10.382365434518961,
            52.51941596330374
          ],
          [
            0.0,
            34.31450267850094
          ]
        ],
        "edges": [
          {
            "endpoints": [
              0,
              1
            ]
          },
          {
            "endpoints": [
              1,
              2
            ]
          },
          {
            "endpoints": [
              2,
              3
            ],
            "label": "left_armhole",
            "curvature": {
              "type": "cubic",
              "params": [
                [
                  0.19999999999999996,
                  0.35
                ],
                [
                  0.5,
                  0.2
                ]
              ]
            }
          },
          {
            "endpoints": [
              3,
              4
            ]
          },
          {
            "endpoints": [
              4,
              5
            ],
            "label": "left_collar",
            "curvature": {
              "type": "circle",
              "params": [
                13.678967702695006,
                0,
                0
              ]
            }
          },
          {
            "endpoints": [
              5,
              0
            ]
          }
        ],
        "label": "body"
      },
      "right_ftorso": {
        "translation": [
          0.0,
          89.01741904106765,
          30.0
        ],
        "rotation": [
          0.0,
          0.0,
          0.0
        ],
        "vertices": [
          [
            0,
            0
          ],
          [
            0.0,
            34.31450267850094
          ],
          [
            -10.382365434518961,
            52.51941596330374
          ],
          [
            -17.2284,
            49.79813435943826
          ],
          [
            -33.38109782957823,
            31.356654359438256
          ],
          [
            -33.38109782957823,
            0
          ]
        ],