Generation,BestFitness,AvgFitness,SurvivalRate,AvgChildFitness,AllFitnesses
1,0.540997593080261,0.4851775797701075,0.6666666666666666,0.47136183891567246,[0.540997593080261, 0.5191492661199318, 0.4920960660911748, 0.4917922985139793, 0.4690289327640117, 0.46883007856091496, 0.4683121955630919, 0.4672209731519623, 0.4671741969278736, 0.4671741969278736]
2,0.540997593080261,0.4847413093642013,1.0,0.47073859547866354,[0.540997593080261, 0.5191492661199318, 0.4920960660911748, 0.4881177643867959, 0.468830078560915, 0.46858697160158885, 0.46811276301772414, 0.46717419692787365, 0.46717419692787365, 0.4671741969278736]
3,0.5696627295242173,0.5022491537638321,0.3333333333333333,0.4815476602790828,[0.5696627295242173, 0.540997593080261, 0.540997593080261, 0.5191492661199318, 0.4920960660911748, 0.49057061747416675, 0.4674483052605969, 0.46722097315196237, 0.4671741969278736, 0.4671741969278736]
4,0.6365346715695804,0.5168719061656791,0.6666666666666666,0.4887891524975331,[0.6365346715695804, 0.5696627295242173, 0.540997593080261, 0.540997593080261, 0.540997593080261, 0.4693732104186852, 0.4683121955630919, 0.4674483052605969, 0.46722097315196237, 0.46717419692787365]
5,0.6365346715695804,0.535381638451443,0.3333333333333333,0.5030870674429245,[0.6365346715695804, 0.6062651300159617, 0.5894071108284162, 0.5696627295242173, 0.540997593080261, 0.5405661464838342, 0.4683121955630919, 0.46744830526059694, 0.46744830526059683, 0.4671741969278736]
