{
  "pattern": {
    "panels": {
      "skirt_back": {
        "translation": [
          -33.45424450141837,
          38.067951868472875,
          -20.0
        ],
        "rotation": [
          0.0,
          0.0,
          0.0
        ],
        "vertices": [
          [
            -0.04239450141837153,
            0.0
          ],
          [
            6,
            39.926734279529576
          ],
          [
            7.679336546896696,
            59.38586356016435
          ],
          [
            17.504644351492246,
            59.38586356016435
          ],
          [
            18.632352077349097,
            44.41695402467738
          ],
          [
            19.76005980320595,
            59.38586356016435
          ],
          [
            24.31860974916474,
            59.38586356016435
          ],
          [
            25.446317475021594,
            42.74477650902054
          ],
          [
            26.574025200878445,
            59.38586356016435
          ],
          [
            40.24967516759834,
            59.38586356016435
          ],
          [
            41.37738289345519,
            42.74477650902054
          ],
          [
            42.50509061931205,
            59.38586356016435
          ],
          [
            47.063640427151114,
            59.38586356016435
          ],
          [
            48.191348153007965,
            44.41695402467738
          ],
          [
            49.319055878864816,
            59.38586356016435
          ],
          [
            59.1443634531033,
            59.38586356016435
          ],
          [
            60.8237,
            39.926734279529576
          ],
          [
            66.86609450141837,
            0.0
          ],
          [
            34.41184965567433,
            0.0
          ],
          [
            33.41184965567433,
            12.595465973619355
          ],
          [
            32.41184965567433,
            0.0
          ]
        ],
        "edges": [
          {
            "endpoints": [
              0,
              1
            ],
            "curvature": {
              "type": "quadratic",
              "params": [
                [
                  0.7525131765430563,
                  -0.037453931841342325
                ]
              ]
            }
          },
          {
            "endpoints": [
              1,
              2
            ],
            "curvature": {
              "type": "quadratic",
              "params": [
                [
                  0.49804539625805627,
                  0.042981660134458914
                ]
              ]
            }
          },
          {
            "endpoints": [
              2,
              3
            ]
          },
          {
            "endpoints": [
              3,
              4
            ]
          },
          {
            "endpoints": [
              4,
              5
            ]
          },
          {
            "endpoints": [
              5,
              6
            ]
          },
          {
            "endpoints": [
              6,
              7
            ]
          },
          {
            "endpoints": [
              7,
              8
            ]
          },
          {
            "endpoints": [
              8,
              9
            ]
          },
          {
            "endpoints": [
              9,
              10
            ]
          },
          {
            "endpoints": [
              10,
              11
            ]
          },
          {
            "endpoints": [
              11,
              12
            ]
          },
          {
            "endpoints": [
              12,
              13
            ]
          },
          {
            "endpoints": [
              13,
              14
            ]
          },
          {
            "endpoints": [
              14,
              15
            ]
          },
          {
            "endpoints": [
              15,
              16
            ],
            "curvature": {
              "type": "quadratic",
              "params": [
                [
                  0.501954601542333,
                  0.04298166024779093
                ]
              ]
            }
          },
          {
            "endpoints": [
              16,
              17
            ],
            "curvature": {
              "type": "quadratic",
              "params": [
                [
                  0.24748679959267333,
                  -0.037453929173903486
                ]
              ]
            }
          },
          {
            "endpoints": [
              17,
              18
            ]
          },
          {
            "endpoints": [
              18,
              19
            ]
          },
          {
            "endpoints": [
              19,
              20
            ]
          },
          {
            "endpoints": [
              20,
              0
            ]
          }
        ],
        "label": "leg"
      },
      "skirt_front": {
        "translation": [
          -30.454244501418366,
          39.067951868472875,
          25.0
        ],
        "rotation": [
          0.0,
          0.0,
          0.0
        ],
        "vertices": [
          [
            -0.04239450141836798,
            0.0
          ],
          [
            29.327149695753118,
            0.0
          ],
          [
            30.32714969575312,
            19.42898090953097
          ],
          [
            31.327149695753118,
            0.0
          ],
          [
            60.696694501418364,
            0.0
          ],
          [
            54.65429999999999,
            39.926734279529576
          ],
          [
            53.29050524362373,
            58.459238356324605
          ],
          [
            7.363794756376265,
            58.459238356324605
          ],
          [
            6,
            39.926734279529576
          ]
        ],
        "edges": [
          {
            "endpoints": [
              0,
              1
            ]
          },
          {
            "endpoints": [
              1,
              2
            ]
          },
          {
            "endpoints": [
              2,
              3
            ]
          },
          {
            "endpoints": [
              3,
              4
            ]
          },
          {
            "endpoints": [
              4,
              5
            ],
            "curvature": {
              "type": "quadratic",
              "params": [
                [
                  0.7525132004073267,
                  0.037453929173903486
                ]
              ]
            }
          },
          {
            "endpoints": [
              5,
              6
            ],
            "curvature": {
              "type": "quadratic",
              "params": [
                [
                  0.4985545385731981,
                  -0.036687515703171636
                ]
              ]
            }
          },
          {
            "endpoints": [
              6,
              7
            ]
          },
          {
            "endpoints": [
              7,
              8
            ],
            "curvature": {
              "type": "quadratic",
              "params": [
                [
                  0.5014454625193865,
                  -0.0366875156708302
                ]
              ]
            }
          },
          {
            "endpoints": [
              8,
              0
            ],
            "curvature": {
              "type": "quadratic",
              "params": [
                [
                  0.24748682351520712,
                  0.037453931850158974
                ]
              ]
            }
          }
        ],
        "label": "leg"
      },