generation,best_fitness
0,1.7525987313436868
1,2.855284268673789
2,2.8966480551965423
3,2.941060341842559
4,2.9648668377172305
5,2.986718188479543
