generation,best_fitness
0,1.5428293529135952
1,1.740601936364539
2,1.740601936364539
3,1.740601936364539
4,1.8137100283568266
5,1.8465009326458475
