pattern,improvement
rand_00YONAPXZE,0.15627484094089916
rand_023FMIGQK0,0.315069665729371
rand_033UAN6C0K,0.1140753473196523
rand_03EQU44RFB,0.13540060681987787
rand_04ANOD2PBA,0.4368966663536342
rand_04EGGDPALT,0.0
rand_04IMMO8WDD,0.18614958088586864
rand_05AG183QLC,0.03053590353077018
rand_05H6WP8PJX,0.28170012765415686
rand_05PQL1BU0S,0.14159715208573243
rand_05V1M7JE75,0.02790229197647598
