pattern,generation,best_fitness,best_origin,avg_fitness,usage_bb,concave_hull,rest_length,avg_off,avg_mut,avg_rand,mean_offspring_gain,mean_mutant_gain
rand_00YONAPXZE,0,1.5428293529135952,random,0.3844508718359262,0.5204075690321808,0.7497593529135952,1.0999999999999943,0.0,0.0,0.3844508718359262,0.0,0.0
rand_00YONAPXZE,1,1.740601936364539,mutant,1.040784132655797,0.5885339732178035,0.7537819363645392,9.281000000000006,1.2202423169398464,1.32438685018937,0.26098871696516157,-0.3225870359737487,-0.004547947199246316
rand_00YONAPXZE,2,1.740601936364539,mutant,1.134578807372981,0.5885339732178035,0.7537819363645392,9.281000000000006,1.4465882998911872,1.391585411154598,0.15623012456466392,-0.06591727090457115,-0.1266303911042263
rand_00YONAPXZE,3,1.740601936364539,mutant,1.1362502776343177,0.5885339732178035,0.7537819363645392,9.281000000000006,1.3155268753902725,1.3177733722972793,0.29963577914317985,-0.3271389637047144,-0.24452787334935994
rand_00YONAPXZE,4,1.8137100283568266,mutant,1.0828349447939147,0.6047039024852416,0.7654200283568263,10.12700000000001,1.3063269894214724,1.3643422571057942,0.0,-0.37492874015999134,-0.3036836860482731
rand_00YONAPXZE,5,1.8465009326458475,offspring,1.0672684295485284,0.6118917119614528,0.7525509326458476,9.635999999999996,1.3953280931965115,0.9444608308201847,0.24042644632508706,-0.27324206162070885,-0.7235651123338827
