{
  "pattern": {
    "panels": {
      "wb_front": {
        "translation": [
          -38.68825590830616,
          108.77250000000001,
          20.0
        ],
        "rotation": [
          0.0,
          0.0,
          0.0
        ],
        "vertices": [
          [
            -0.6882559083061608,
            0
          ],
          [
            -1.4523509333329727,
            -4.634169334447035
          ],
          [
            77.45235093333298,
            -4.634169334447035
          ],
          [
            76.68825590830616,
            0
          ]
        ],
        "edges": [
          {
            "endpoints": [
              0,
              1
            ]
          },
          {
            "endpoints": [
              1,
              2
            ],
            "curvature": {
              "type": "circle",
              "params": [
                242.50574686847494,
                0,
                1
              ]
            }
          },
          {
            "endpoints": [
              2,
              3
            ]
          },
          {
            "endpoints": [
              3,
              0
            ],
            "label": "lower_interface",
            "curvature": {
              "type": "circle",
              "params": [
                237.80900686847514,
                0,
                0
              ]
            }
          }
        ],
        "label": "body"
      },
      "wb_back": {
        "translation": [
          -32.05174506786843,
          108.77250000000001,
          -15.0
        ],
        "rotation": [
          0.0,
          0.0,
          0.0
        ],
        "vertices": [
          [
            -0.05174506786843125,
            0
          ],
          [
            64.05174506786844,
            0
          ],
          [
            66.45643854570295,
            -4.034453606779998
          ],
          [
            52.7249509636144,
            -10.253597123149504
          ],
          [
            44.56622083378842,
            -12.340632556823223
          ],
          [
            19.43377983319659,
            -12.340632683594123
          ],
          [
            11.275049557174725,
            -10.253597291721121
          ],
          [
            -2.4564385457029516,
            -4.034453606779998
          ]
        ],
        "edges": [
          {
            "endpoints": [
              0,
              1
            ],
            "label": "lower_interface",
            "curvature": {
              "type": "circle",
              "params": [
                62.602038271266046,
                0,
                1
              ]
            }
          },
          {
            "endpoints": [
              1,
              2
            ]
          },
          {
            "endpoints": [
              2,
              3
            ],
            "curvature": {
              "type": "circle",
              "params": [
                67.29877827126495,
                0,
                0
              ]
            }
          },
          {
            "endpoints": [
              3,
              4
            ],
            "curvature": {
              "type": "circle",
              "params": [
                67.29877827124673,
                0,
                0
              ]
            }
          },
          {
            "endpoints": [
              4,
              5
            ],
            "curvature": {
              "type": "circle",
              "params": [
                67.2987782712648,
                0,
                0
              ]
            }
          },
          {
            "endpoints": [
              5,
              6
            ],
            "curvature": {
              "type": "circle",
              "params": [
                67.29877827128588,
                0,
                0
              ]
            }
          },
          {
            "endpoints": [
              6,
              7
            ],
            "curvature": {
              "type": "circle",
              "params": [
                67.29877827126919,
                0,
                0
              ]
            }
          },
          {
            "endpoints": [
              7,
              0
            ]
          }
        ],
        "label": "body"
      },
      "skirt_back": {
        "translation": [
          -25.721395668515406,
          36.35350738991342,
          -20.0
        ],
        "rotation": [
          0.0,
          0.0,
          0.0
        ],
        "vertices": [
          [
            -0.30954566851540477,
            0.0
          ],
          [
            -1.4253470784638687,
            18.267191121074717
          ],
          [
            -2,
            34.068852690854804
          ],
          [
            0.12799282293092773,
            58.726737690854804
          ],
          [
            8.299518077285981,
            58.726737690854804
          ],
          [
            9.728507371553249,
            39.758692174616755
          ],
          [
            11.157496665820517,
            58.726737690854804
          ],
          [
            15.716046605358555,
            58.726737690854804
          ],
          [
            17.145035899625825,
            37.63977100985088
          ],
          [
            18.574025193893092,
            58.726737690854804
          ],
          [
            32.24967517337137,
            58.726737690854804
          ],
          [
            33.67866446763864,
            37.63977100985088
          ],
          [
            35.10765376190591,
            58.726737690854804
          ],
          [
            39.66620363029078,
            58.726737690854804
          ],
          [
            41.09519292455805,
            39.758692174616755
          ],
          [
            42.52418221882532,
            58.726737690854804
          ],
          [
            50.695707177069075,
            58.726737690854804
          ],
          [
            52.8237,
            34.068852690854804
          ],
          [
            51.13324566851541,
            0.0
          ],
          [
            26.411849736489263,
            0.0
          ],
          [
            25.411849736489266,
            24.19725916256143
          ],
          [
            24.411849736489263,
            0.0
          ]
        ],
        "edges": [
          {
            "endpoints": [
              0,
              1
            ],
            "curvature": {
              "type": "quadratic",
              "params": [
                [
                  0.5797044354957792,
                  0.003175671571181621
                ]
              ]
            }
          },
          {
            "endpoints": [
              1,
              2
            ],
            "curvature": {
              "type": "quadratic",
              "params": [
                [
                  0.6801505030860775,
                  0.011631851350858013
                ]
              ]
            }
          },
          {
            "endpoints": [
              2,
              3
            ],
            "curvature": {
              "type": "quadratic",