{
  "pattern": {
    "panels": {
      "skirt_back": {
        "translation": [
          -36.7847998048395,
          -4.515574604706373,
          -20.0
        ],
        "rotation": [
          0.0,
          0.0,
          0.0
        ],
        "vertices": [
          [
            -0.37294980483950013,
            0.0
          ],
          [
            6.6915919050759705,
            48.71274799122793
          ],
          [
            9,
            77.61762857826604
          ],
          [
            11.127992822930928,
            102.27551357826604
          ],
          [
            19.29951807728598,
            102.27551357826604
          ],
          [
            20.72850737155325,
            83.307468062028
          ],
          [
            22.157496665820517,
            102.27551357826604
          ],
          [
            26.716046605358557,
            102.27551357826604
          ],
          [
            28.145035899625825,
            81.18854689726211
          ],
          [
            29.574025193893092,
            102.27551357826604
          ],
          [
            43.24967517337137,
            102.27551357826604
          ],
          [
            44.67866446763864,
            81.18854689726211
          ],
          [
            46.10765376190591,
            102.27551357826604
          ],
          [
            50.66620363029078,
            102.27551357826604
          ],
          [
            52.09519292455805,
            83.307468062028
          ],
          [
            53.52418221882532,
            102.27551357826604
          ],
          [
            61.695707177069075,
            102.27551357826604
          ],
          [
            63.8237,
            77.61762857826604
          ],
          [
            73.1966498048395,
            0.0
          ],
          [
            37.41184963288042,
            0.0
          ],
          [
            36.41184963288042,
            30.45524264813787
          ],
          [
            35.41184963288042,
            0.0
          ]
        ],
        "edges": [
          {
            "endpoints": [
              0,
              1
            ],
            "curvature": {
              "type": "quadratic",
              "params": [
                [
                  0.6015723333302395,
                  -0.009681281238290464
                ]
              ]
            }
          },
          {
            "endpoints": [
              1,
              2
            ],
            "curvature": {
              "type": "quadratic",
              "params": [
                [
                  0.6659788467944927,
                  -0.0266756432723777
                ]
              ]
            }
          },
          {
            "endpoints": [
              2,
              3
            ],
            "curvature": {
              "type": "quadratic",
              "params": [
                [
                  0.4980453961474161,
                  0.04298166012491112
                ]
              ]
            }
          },
          {
            "endpoints": [
              3,
              4
            ]
          },
          {
            "endpoints": [
              4,
              5
            ]
          },
          {
            "endpoints": [
              5,
              6
            ]
          },
          {
            "endpoints": [
              6,
              7
            ]
          },
          {
            "endpoints": [
              7,
              8
            ]
          },
          {
            "endpoints": [
              8,
              9
            ]
          },
          {
            "endpoints": [
              9,
              10
            ]
          },
          {
            "endpoints": [
              10,
              11
            ]
          },
          {
            "endpoints": [
              11,
              12
            ]
          },
          {
            "endpoints": [
              12,
              13
            ]
          },
          {
            "endpoints": [
              13,
              14
            ]
          },
          {
            "endpoints": [
              14,
              15
            ]
          },
          {
            "endpoints": [
              15,
              16
            ]
          },
          {
            "endpoints": [
              16,
              17
            ],
            "curvature": {
              "type": "quadratic",
              "params": [
                [
                  0.5019546015423779,
                  0.042981660247787885
                ]
              ]
            }
          },
          {
            "endpoints": [
              17,
              18
            ],
            "curvature": {
              "type": "quadratic",
              "params": [
                [
                  0.24862251135455044,
                  -0.03002313639890821
                ]
              ]
            }
          },
          {
            "endpoints": [
              18,
              19
            ]
          },
          {
            "endpoints": [
              19,
              20
            ]
          },
          {
            "endpoints": [
              20,
              21
            ]
          },
          {
            "endpoints": [
              21,
              0
            ]
          }
        ],
        "label": "leg"
      },
      "skirt_front": {
        "translation": [
          -33.7847998048395,
          -3.515574604706373,
          25.0
        ],
        "rotation": [
          0.0,
          0.0,
          0.0
        ],
        "vertices": [
          [
            -0.37294980483950013,
            0.0
          ],
          [
            67.0272498048395,
            0.0
          ],
          [
            57.65429999999999,
            77.61762857826604
          ],
          [
            55.92614999999999,
            101.10132857826603
          ],
          [
            10.72815,
            101.10132857826603
          ],
          [
            9,
            77.61762857826604
          ],
          [
            6.6915919050759705,
            48.71274799122793
          ]
        ],
        "edges": [
          {
            "endpoints": [
              0,
              1
            ]
          },
          {
            "endpoints": [
              1,
              2
            ],
            "curvature": {
              "type": "quadratic",
              "params": [
                [
                  0.7513774886446183,
                  0.030023136399002715
                ]
              ]
            }
          },
          {
            "endpoints": [
              2,
              3
            ],
            "curvature": {
              "type": "quadratic",
              "params": [
                [
                  0.4985545385734096,
                  -0.03668751570317946
                ]
              ]
            }
          },
          {
            "endpoints": [
              3,
              4
            ]
          },
          {
            "endpoints": [
              4,
              5
            ],
            "curvature": {
              "type": "quadratic",
              "params": [
                [
                  0.5014454625191118,
                  -0.03668751567083784
                ]
              ]
            }
          },
          {
            "endpoints": [
              5,
              6
            ],
            "curvature": {
              "type": "quadratic",
              "params": [
                [
                  0.3340211532055073,
                  0.0266756432723777
                ]
              ]
            }
          },
          {
            "endpoints": [
              6,
              0
            ],