{
  "pattern": {
    "panels": {
      "skirt_back": {
        "translation": [
          -30.48966364804514,
          54.61519037580868,
          -20.0
        ],
        "rotation": [
          0.0,
          0.0,
          0.0
        ],
        "vertices": [
          [
            -0.07781364804514013,
            0.0
          ],
          [
            3,
            23.185150639494786
          ],
          [
            4.721447873658676,
            43.13224033113515
          ],
          [
            14.39152999077698,
            43.13224033113515
          ],
          [
            15.547516305951339,
            27.787967893027936
          ],
          [
            16.703502621125697,
            43.13224033113515
          ],
          [
            21.262052569228402,
            43.13224033113515
          ],
          [
            22.41803888440276,
            26.073858571685097
          ],
          [
            23.574025199577115,
            43.13224033113515
          ],
          [
            37.24967515496591,
            43.13224033113515
          ],
          [
            38.40566147014027,
            26.073858571685097
          ],
          [
            39.56164778531462,
            43.13224033113515
          ],
          [
            44.12019760661619,
            43.13224033113515
          ],
          [
            45.27618392179055,
            27.787967893027936
          ],
          [
            46.43217023696491,
            43.13224033113515
          ],
          [
            56.10225212634133,
            43.13224033113515
          ],
          [
            57.8237,
            23.185150639494786
          ],
          [
            60.90151364804514,
            0.0
          ]
        ],
        "edges": [
          {
            "endpoints": [
              0,
              1
            ],
            "curvature": {
              "type": "quadratic",
              "params": [
                [
                  0.7520716647758943,
                  -0.0329121971570184
                ]
              ]
            }
          },
          {
            "endpoints": [
              1,
              2
            ],
            "curvature": {
              "type": "quadratic",
              "params": [
                [
                  0.4980453962580173,
                  0.04298166013445659
                ]
              ]
            }
          },
          {
            "endpoints": [
              2,
              3
            ]
          },
          {
            "endpoints": [
              3,
              4
            ]
          },
          {
            "endpoints": [
              4,
              5
            ]
          },
          {
            "endpoints": [
              5,
              6
            ]
          },
          {
            "endpoints": [
              6,
              7
            ]
          },
          {
            "endpoints": [
              7,
              8
            ]
          },
          {
            "endpoints": [
              8,
              9
            ]
          },
          {
            "endpoints": [
              9,
              10
            ]
          },
          {
            "endpoints": [
              10,
              11
            ]
          },
          {
            "endpoints": [
              11,
              12
            ]
          },
          {
            "endpoints": [
              12,
              13
            ]
          },
          {
            "endpoints": [
              13,
              14
            ]
          },
          {
            "endpoints": [
              14,
              15
            ]
          },
          {
            "endpoints": [
              15,
              16
            ],
            "curvature": {
              "type": "quadratic",
              "params": [
                [
                  0.5019546015418335,
                  0.042981660247835236
                ]
              ]
            }
          },
          {
            "endpoints": [
              16,
              17
            ],
            "curvature": {
              "type": "quadratic",
              "params": [
                [
                  0.24792831991848227,
                  -0.03291219583595818
                ]
              ]
            }
          },
          {
            "endpoints": [
              17,
              0
            ]
          }
        ],
        "label": "leg"
      },
      "skirt_front": {
        "translation": [
          -27.48966364804514,
          55.61519037580868,
          25.0
        ],
        "rotation": [
          0.0,
          0.0,
          0.0
        ],
        "vertices": [
          [
            -0.07781364804514013,
            0.0
          ],
          [
            26.32714972007096,
            0.0
          ],
          [
            27.32714972007096,
            8.974894210848866
          ],
          [
            28.32714972007096,
            0.0
          ],
          [
            54.73211364804513,
            0.0
          ],
          [
            51.65429999999999,
            23.185150639494786
          ],
          [
            50.25630649607181,
            42.18237891724752
          ],
          [
            4.397993503928184,
            42.18237891724752
          ],
          [
            3,
            23.185150639494786
          ]
        ],
        "edges": [
          {
            "endpoints": [
              0,
              1
            ]
          },
          {
            "endpoints": [
              1,
              2
            ]
          },
          {
            "endpoints": [
              2,
              3
            ]
          },
          {
            "endpoints": [
              3,
              4
            ]
          },
          {
            "endpoints": [
              4,
              5
            ],
            "curvature": {
              "type": "quadratic",
              "params": [
                [
                  0.7520716800815177,
                  0.03291219583595818
                ]
              ]
            }
          },
          {
            "endpoints": [
              5,
              6
            ],
            "curvature": {
              "type": "quadratic",
              "params": [
                [
                  0.498554538641899,
                  -0.036687515708356815
                ]
              ]
            }
          },
          {
            "endpoints": [
              6,
              7
            ]
          },
          {
            "endpoints": [
              7,
              8
            ],
            "curvature": {
              "type": "quadratic",
              "params": [
                [
                  0.5014454624575171,
                  -0.03668751567545658
                ]
              ]
            }
          },
          {
            "endpoints": [
              8,
              0
            ],
            "curvature": {
              "type": "quadratic",
              "params": [
                [
                  0.24792833522410573,
                  0.0329121971570184
                ]
              ]
            }
          }
        ],
        "label": "leg"
      },
      "wb_front": {
        "translation": [
          -22.598999999999997,
          102.77250000000001,
          20.0
        ],
        "rotation": [
          0.0,
          0.0,
          0.0
        ],
        "vertices": [
          [
            0,
            0
          ],
          [
            45.19799999999999,
            0
          ],
          [
            45.19799999999999,
            6.95431577885105
          ],
          [
            0,
            6.95431577885105
          ]
        ],