{
  "pattern": {
    "panels": {
      "skirt_back": {
        "translation": [
          -20.22735730741812,
          11.772500000000008,
          -20.0
        ],
        "rotation": [
          0.0,
          0.0,
          0.0
        ],
        "vertices": [
          [
            -0.22735730741812077,
            0.0
          ],
          [
            -7,
            72.7588722838029
          ],
          [
            -4.872007177069072,
            97.4167572838029
          ],
          [
            3.299518077285981,
            97.4167572838029
          ],
          [
            4.728507371553249,
            78.44871176756484
          ],
          [
            6.157496665820517,
            97.4167572838029
          ],
          [
            10.716046605358555,
            97.4167572838029
          ],
          [
            12.145035899625823,
            76.32979060279897
          ],
          [
            13.574025193893092,
            97.4167572838029
          ],
          [
            27.249675173371372,
            97.4167572838029
          ],
          [
            28.67866446763864,
            76.32979060279897
          ],
          [
            30.107653761905908,
            97.4167572838029
          ],
          [
            34.66620363029078,
            97.4167572838029
          ],
          [
            36.09519292455805,
            78.44871176756484
          ],
          [
            37.52418221882532,
            97.4167572838029
          ],
          [
            45.695707177069075,
            97.4167572838029
          ],
          [
            47.8237,
            72.7588722838029
          ],
          [
            47.53854091389378,
            63.713507659190675
          ],
          [
            41.05105730741812,
            0.0
          ],
          [
            21.411849793845295,
            0.0
          ],
          [
            20.411849793845295,
            11.194110890101115
          ],
          [
            19.411849793845295,
            0.0
          ]
        ],
        "edges": [
          {
            "endpoints": [
              0,
              1
            ],
            "curvature": {
              "type": "quadratic",
              "params": [
                [
                  0.7501091547577214,
                  0.02326066631208547
                ]
              ]
            }
          },
          {
            "endpoints": [
              1,
              2
            ],
            "curvature": {
              "type": "quadratic",
              "params": [
                [
                  0.4980453961471247,
                  0.04298166012488582
                ]
              ]
            }
          },
          {
            "endpoints": [
              2,
              3
            ],
            "label": "lower_interface"
          },
          {
            "endpoints": [
              3,
              4
            ]
          },
          {
            "endpoints": [
              4,
              5
            ]
          },
          {
            "endpoints": [
              5,
              6
            ],
            "label": "lower_interface"
          },
          {
            "endpoints": [
              6,
              7
            ]
          },
          {
            "endpoints": [
              7,
              8
            ]
          },
          {
            "endpoints": [
              8,
              9
            ],
            "label": "lower_interface"
          },
          {
            "endpoints": [
              9,
              10
            ]
          },
          {
            "endpoints": [
              10,
              11
            ]
          },
          {
            "endpoints": [
              11,
              12
            ],
            "label": "lower_interface"
          },
          {
            "endpoints": [
              12,
              13
            ]
          },
          {
            "endpoints": [
              13,
              14
            ]
          },
          {
            "endpoints": [
              14,
              15
            ],
            "label": "lower_interface"
          },
          {
            "endpoints": [
              15,
              16
            ],
            "curvature": {
              "type": "quadratic",
              "params": [
                [
                  0.5019546015423715,
                  0.042981660247787205
                ]
              ]
            }
          },
          {
            "endpoints": [
              16,
              17
            ],
            "curvature": {
              "type": "quadratic",
              "params": [
                [
                  0.4156135426431884,
                  0.013102364337170942
                ]
              ]
            }
          },
          {
            "endpoints": [
              17,
              18
            ],
            "curvature": {
              "type": "quadratic",
              "params": [
                [
                  0.3195846660171026,
                  0.01520484717537017
                ]
              ]
            }
          },
          {
            "endpoints": [
              18,
              19
            ]
          },
          {
            "endpoints": [
              19,
              20
            ]
          },
          {
            "endpoints": [
              20,
              21
            ]
          },
          {
            "endpoints": [
              21,
              0
            ]
          }
        ],
        "label": "leg"
      },
      "skirt_front": {
        "translation": [
          -17.22735730741812,
          12.772500000000008,
          25.0
        ],
        "rotation": [
          0.0,
          0.0,
          0.0
        ],
        "vertices": [
          [
            -0.22735730741812077,
            0.0
          ],
          [
            16.3271498165851,
            0.0
          ],
          [
            17.3271498165851,
            10.762397883844116
          ],
          [
            18.3271498165851,
            0.0
          ],
          [
            34.88165730741811,
            0.0
          ],
          [
            41.36914091389377,
            63.713507659190675
          ],
          [
            41.65429999999999,
            72.7588722838029
          ],
          [
            39.92614999999999,
            96.2425722838029
          ],
          [
            -5.271850000000001,
            96.2425722838029
          ],
          [
            -7,
            72.7588722838029
          ]
        ],
        "edges": [
          {
            "endpoints": [
              0,
              1
            ]
          },
          {
            "endpoints": [
              1,
              2
            ]
          },
          {
            "endpoints": [
              2,
              3
            ]
          },
          {
            "endpoints": [
              3,
              4
            ]
          },
          {
            "endpoints": [
              4,
              5
            ],
            "curvature": {
              "type": "quadratic",
              "params": [
                [
                  0.6804153339828973,
                  -0.01520484717537017
                ]
              ]
            }
          },
          {
            "endpoints": [
              5,
              6
            ],
            "curvature": {
              "type": "quadratic",
              "params": [
                [
                  0.5843864573568116,
                  -0.013102364337170942
                ]
              ]
            }
          },
          {
            "endpoints": [
              6,
              7
            ],
            "curvature": {
              "type": "quadratic",