Generation,BestFitness,AvgFitness,SurvivalRate,AvgChildFitness,AllFitnesses
1,0.5958939619179966,0.5032195334743329,0.8,0.4674902827635183,[0.5958939619179966, 0.5749405542061222, 0.5550241660947373, 0.5005261529765944, 0.4683590857302868, 0.4681596332165615, 0.46744830526059694, 0.46744830526059694, 0.4672209731519623, 0.46717419692787365]
2,0.5958939619179966,0.5191897406896944,0.6,0.4743639872916887,[0.5958939619179966, 0.5749405542061222, 0.5640342705311506, 0.5550241660947373, 0.5301845176884925, 0.5005261529765944, 0.4683590857302868, 0.46831219556309195, 0.46744830526059694, 0.46717419692787365]
3,0.5958939619179966,0.5189355269670098,1.0,0.4738555598463198,[0.5958939619179966, 0.5749405542061222, 0.5640342705311506, 0.5550241660947373, 0.5301845176884925, 0.5005810115201043, 0.4671741969278737, 0.4671741969278737, 0.4671741969278736, 0.4671741969278736]
4,0.5958939619179966,0.5374214857656779,0.8,0.49837562348928166,[0.5958939619179966, 0.5924437874603653, 0.5749405542061222, 0.5640342705311506, 0.5550241660947373, 0.5550241660947373, 0.5301845176884925, 0.470586536549876, 0.46886192396134047, 0.4672209731519623]
5,0.5958939619179966,0.5441843731198566,0.8,0.504417473924513,[0.5958939619179966, 0.5924437874603653, 0.5924437874603653, 0.5749405542061222, 0.5640342705311506, 0.5640342705311506, 0.5550241660947373, 0.4685869866927523, 0.4672209731519623, 0.4672209731519623]
