{
  "pattern": {
    "panels": {
      "skirt_back": {
        "translation": [
          -27.411849999999998,
          15.163843343230894,
          -20.0
        ],
        "rotation": [
          0.0,
          0.0,
          0.0
        ],
        "vertices": [
          [
            0.0,
            -0.438656886354309
          ],
          [
            0,
            62.705498171497574
          ],
          [
            1.8533793159830445,
            84.18132907770547
          ],
          [
            11.03715170088167,
            84.18132907770547
          ],
          [
            12.281732590542937,
            67.66107447647008
          ],
          [
            13.526313480204205,
            84.18132907770547
          ],
          [
            18.084863418132482,
            84.18132907770547
          ],
          [
            19.32944430779375,
            65.81559613807661
          ],
          [
            20.574025197455015,
            84.18132907770547
          ],
          [
            34.249675166854196,
            84.18132907770547
          ],
          [
            35.49425605651547,
            65.81559613807661
          ],
          [
            36.73883694617673,
            84.18132907770547
          ],
          [
            41.29738677302018,
            84.18132907770547
          ],
          [
            42.541967662681444,
            67.66107447647008
          ],
          [
            43.78654855234271,
            84.18132907770547
          ],
          [
            52.970320684016954,
            84.18132907770547
          ],
          [
            54.8237,
            62.705498171497574
          ],
          [
            54.8237,
            36.43894292355749
          ],
          [
            54.8237,
            18.43865688635431
          ],
          [
            28.357368306522556,
            9.325568061806592
          ],
          [
            21.288720862896355,
            26.782857371283946
          ],
          [
            26.46633115532392,
            8.67443175289229
          ]
        ],
        "edges": [
          {
            "endpoints": [
              0,
              1
            ]
          },
          {
            "endpoints": [
              1,
              2
            ],
            "curvature": {
              "type": "quadratic",
              "params": [
                [
                  0.49804539632017875,
                  0.042981660139820854
                ]
              ]
            }
          },
          {
            "endpoints": [
              2,
              3
            ]
          },
          {
            "endpoints": [
              3,
              4
            ]
          },
          {
            "endpoints": [
              4,
              5
            ]
          },
          {
            "endpoints": [
              5,
              6
            ]
          },
          {
            "endpoints": [
              6,
              7
            ]
          },
          {
            "endpoints": [
              7,
              8
            ]
          },
          {
            "endpoints": [
              8,
              9
            ]
          },
          {
            "endpoints": [
              9,
              10
            ]
          },
          {
            "endpoints": [
              10,
              11
            ]
          },
          {
            "endpoints": [
              11,
              12
            ]
          },
          {
            "endpoints": [
              12,
              13
            ]
          },
          {
            "endpoints": [
              13,
              14
            ]
          },
          {
            "endpoints": [
              14,
              15
            ]
          },
          {
            "endpoints": [
              15,
              16
            ],
            "curvature": {
              "type": "quadratic",
              "params": [
                [
                  0.5019546013841197,
                  0.04298166026144429
                ]
              ]
            }
          },
          {
            "endpoints": [
              16,
              17
            ]
          },
          {
            "endpoints": [
              17,
              18
            ]
          },
          {
            "endpoints": [
              18,
              19
            ]
          },
          {
            "endpoints": [
              19,
              20
            ]
          },
          {
            "endpoints": [
              20,
              21
            ]
          },
          {
            "endpoints": [
              21,
              0
            ]
          }
        ],
        "label": "leg"
      },
      "skirt_front": {
        "translation": [
          -24.411849999999998,
          17.22599073194553,
          25.0
        ],
        "rotation": [
          0.0,
          0.0,
          0.0
        ],
        "vertices": [
          [
            0.0,
            -0.3765094976396739
          ],
          [
            48.65429999999999,
            16.376509497639674
          ],
          [
            48.65429999999999,
            34.8086979759359
          ],
          [
            48.65429999999999,
            61.705498171497574
          ],
          [
            47.1491645360069,
            82.15867046312414
          ],
          [
            1.505135463993092,
            82.15867046312414
          ],
          [
            0,
            61.705498171497574
          ]
        ],
        "edges": [
          {
            "endpoints": [
              0,
              1
            ]
          },
          {
            "endpoints": [
              1,
              2
            ]
          },
          {
            "endpoints": [
              2,
              3
            ]
          },
          {
            "endpoints": [
              3,
              4
            ],
            "curvature": {
              "type": "quadratic",
              "params": [
                [
                  0.4985545386253931,
                  -0.036687515707035115
                ]
              ]
            }
          },
          {
            "endpoints": [
              4,
              5
            ]
          },
          {
            "endpoints": [
              5,
              6
            ],
            "curvature": {
              "type": "quadratic",
              "params": [
                [
                  0.5014454624827704,
                  -0.03668751567354582
                ]
              ]
            }
          },
          {
            "endpoints": [
              6,
              0
            ]
          }
        ],
        "label": "leg"
      },
      "wb_front": {
        "translation": [
          -22.598999999999997,
          104.77250000000001,
          20.0
        ],
        "rotation": [
          0.0,
          0.0,
          0.0
        ],
        "vertices": [
          [
            0,
            0
          ],
          [
            45.19799999999999,
            0
          ],
          [
            45.19799999999999,
            4.69674
          ],
          [
            0,
            4.69674
          ]
        ],
        "edges": [
          {
            "endpoints": [
              0,
              1
            ]
          },
          {
            "endpoints": [
              1,
              2
            ]
          },
          {
            "endpoints": [
              2,
              3
            ],
            "label": "lower_interface"
          },
          {
            "endpoints": [
              3,
              0
            ]
          }
        ],
        "label": "body"
      },