Generation,BestFitness,AvgFitness,SurvivalRate,AvgChildFitness,AllFitnesses
1,0.6007810708737072,0.49141788039187395,0.3333333333333333,0.47584533634612747,[0.6007810708737072, 0.5910285000801087, 0.5471773189994982, 0.5406931185029463, 0.5110272794474257, 0.4917922985139794, 0.4693732104186853, 0.4683874220417908, 0.4677518715261445, 0.4677050421507147, 0.4677050421507146, 0.46744830526059705, 0.46722097315196237, 0.4672209731519623, 0.4671741969278737, 0.46717419692787365, 0.46717419692787365, 0.4671741969278736, 0.4671741969278736, 0.4671741969278735]
2,0.6073586660034098,0.49443683648838077,0.6666666666666666,0.47585697016531725,[0.6073586660034098, 0.6007810708737072, 0.5910285000801087, 0.5471773189994982, 0.5110272794474257, 0.4827267447567091, 0.46937321041868524, 0.4685869866927524, 0.46831219556309195, 0.4683121955630919, 0.4677518715261445, 0.46775187152614445, 0.4677050421507147, 0.4677050421507146, 0.4672209731519625, 0.46722097315196237, 0.4671741969278737, 0.46717419692787365, 0.46717419692787365, 0.4671741969278736]
3,0.6073586660034098,0.5109358421163702,1.0,0.4952675650217755,[0.6073586660034098, 0.6007810708737072, 0.5910285000801087, 0.578960149506372, 0.5688770733555095, 0.5545648937918711, 0.5443585640848049, 0.5233078497733061, 0.4890984066922139, 0.48449773320577283, 0.46937321041868524, 0.46831219556309184, 0.4677050421507147, 0.46744830526059694, 0.4671741969278737, 0.46717419692787365, 0.46717419692787365, 0.46717419692787365, 0.46717419692787365, 0.46717419692787365]
4,0.621062104272909,0.503656823925507,0.6666666666666666,0.4849373316094188,[0.621062104272909, 0.6073586660034098, 0.6007810708737072, 0.5910285000801087, 0.5451418193728199, 0.5361931856235328, 0.4818972051625651, 0.47874019691686076, 0.4689185740232401, 0.4685869716015889, 0.46831219556309195, 0.46744830526059694, 0.4674483052605969, 0.4671741969278737, 0.46717419692787365, 0.46717419692787365, 0.46717419692787365, 0.4671741969278736, 0.4671741969278736, 0.4671741969278736]
5,0.6404344950528573,0.5042691708892872,0.6666666666666666,0.4833251854386219,[0.6404344950528573, 0.621062104272909, 0.6073586660034098, 0.6007810708737072, 0.5451418193728198, 0.5110272794474257, 0.47874019691686076, 0.4693732104186853, 0.4689185740232401, 0.46858697160158885, 0.46831219556309195, 0.4677050421507146, 0.46744830526059694, 0.46744830526059694, 0.4671741969278737, 0.46717419692787365, 0.46717419692787365, 0.46717419692787365, 0.4671741969278736, 0.4671741969278736]
