Generation,BestFitness,AvgFitness,SurvivalRate,AvgChildFitness,AllFitnesses
1,0.6114447034862124,0.48961149332547943,0.3333333333333333,0.46783514983190627,[0.6114447034862124, 0.5406304750988927, 0.4691937058463453, 0.46831219556309195, 0.46831219556309195, 0.46831219556309195, 0.46811276301772414, 0.4674483052605969, 0.4671741969278736, 0.4671741969278735]
2,0.6114447034862124,0.5036563723040468,0.6666666666666666,0.4675776915670216,[0.6114447034862124, 0.6114447034862124, 0.5406304750988927, 0.4691937058463453, 0.4677050421507146, 0.4674483052605969, 0.46717419692787365, 0.46717419692787365, 0.4671741969278736, 0.4671741969278735]
3,0.6114447034862124,0.5038528288776383,1.0,0.4678583438150094,[0.6114447034862124, 0.6114447034862124, 0.5406304750988927, 0.46915638264454673, 0.46831219556309195, 0.46831219556309195, 0.4677050421507146, 0.4671741969278736, 0.4671741969278735, 0.4671741969278735]
4,0.6114447034862124,0.5262158243516063,0.6666666666666666,0.48968916186534656,[0.6114447034862124, 0.6114447034862124, 0.6114447034862124, 0.5474548159702942, 0.5406304750988927, 0.46937321041868507, 0.46831219556309195, 0.46770504215071473, 0.4671741969278736, 0.4671741969278735]
5,0.6114447034862124,0.5112346491416928,1.0,0.46828748299404144,[0.6114447034862124, 0.6114447034862124, 0.6114447034862124, 0.4693732104186852, 0.4693732104186852, 0.4691563826445469, 0.4685869866927522, 0.46717419692787365, 0.4671741969278736, 0.4671741969278736]
