{
  "pattern": {
    "panels": {
      "skirt_back": {
        "translation": [
          -29.11862172901215,
          3.772500000000008,
          -20.0
        ],
        "rotation": [
          0.0,
          0.0,
          0.0
        ],
        "vertices": [
          [
            -0.11862172901215118,
            0.0
          ],
          [
            2,
            80.58376790355348
          ],
          [
            4.127992822930928,
            105.24165290355347
          ],
          [
            12.299518077285981,
            105.24165290355347
          ],
          [
            13.728507371553249,
            86.27360738731542
          ],
          [
            15.157496665820517,
            105.24165290355347
          ],
          [
            19.716046605358557,
            105.24165290355347
          ],
          [
            21.145035899625825,
            84.15468622254954
          ],
          [
            22.574025193893092,
            105.24165290355347
          ],
          [
            36.24967517337137,
            105.24165290355347
          ],
          [
            37.67866446763864,
            84.15468622254954
          ],
          [
            39.10765376190591,
            105.24165290355347
          ],
          [
            43.66620363029078,
            105.24165290355347
          ],
          [
            45.09519292455805,
            86.27360738731542
          ],
          [
            46.52418221882532,
            105.24165290355347
          ],
          [
            54.695707177069075,
            105.24165290355347
          ],
          [
            56.8237,
            80.58376790355348
          ],
          [
            57.35309345941816,
            50.38502526858794
          ],
          [
            58.94232172901215,
            0.0
          ],
          [
            30.41184970875213,
            0.0
          ],
          [
            29.411849708752133,
            15.023453815004189
          ],
          [
            28.41184970875213,
            0.0
          ]
        ],
        "edges": [
          {
            "endpoints": [
              0,
              1
            ],
            "curvature": {
              "type": "quadratic",
              "params": [
                [
                  0.7504237829820086,
                  -0.006561536533505325
                ]
              ]
            }
          },
          {
            "endpoints": [
              1,
              2
            ],
            "curvature": {
              "type": "quadratic",
              "params": [
                [
                  0.4980453961471247,
                  0.04298166012488582
                ]
              ]
            }
          },
          {
            "endpoints": [
              2,
              3
            ],
            "label": "lower_interface"
          },
          {
            "endpoints": [
              3,
              4
            ]
          },
          {
            "endpoints": [
              4,
              5
            ]
          },
          {
            "endpoints": [
              5,
              6
            ],
            "label": "lower_interface"
          },
          {
            "endpoints": [
              6,
              7
            ]
          },
          {
            "endpoints": [
              7,
              8
            ]
          },
          {
            "endpoints": [
              8,
              9
            ],
            "label": "lower_interface"
          },
          {
            "endpoints": [
              9,
              10
            ]
          },
          {
            "endpoints": [
              10,
              11
            ]
          },
          {
            "endpoints": [
              11,
              12
            ],
            "label": "lower_interface"
          },
          {
            "endpoints": [
              12,
              13
            ]
          },
          {
            "endpoints": [
              13,
              14
            ]
          },
          {
            "endpoints": [
              14,
              15
            ],
            "label": "lower_interface"
          },
          {
            "endpoints": [
              15,
              16
            ],
            "curvature": {
              "type": "quadratic",
              "params": [
                [
                  0.5019546015423715,
                  0.042981660247787205
                ]
              ]
            }
          },
          {
            "endpoints": [
              16,
              17
            ],
            "curvature": {
              "type": "quadratic",
              "params": [
                [
                  0.333035284691331,
                  -0.0058381428274278694
                ]
              ]
            }
          },
          {
            "endpoints": [
              17,
              18
            ],
            "curvature": {
              "type": "quadratic",
              "params": [
                [
                  0.3998234529530209,
                  -0.002098943760815929
                ]
              ]
            }
          },
          {
            "endpoints": [
              18,
              19
            ]
          },
          {
            "endpoints": [
              19,
              20
            ]
          },
          {
            "endpoints": [
              20,
              21
            ]
          },
          {
            "endpoints": [
              21,
              0
            ]
          }
        ],
        "label": "leg"
      },
      "skirt_front": {
        "translation": [
          -26.11862172901215,
          4.772500000000008,
          25.0
        ],
        "rotation": [
          0.0,
          0.0,
          0.0
        ],
        "vertices": [
          [
            -0.11862172901215118,
            0.0
          ],
          [
            52.77292172901214,
            0.0
          ],
          [
            51.18369345941815,
            50.38502526858794
          ],
          [
            50.65429999999999,
            80.58376790355348
          ],
          [
            48.92614999999999,
            104.06746790355348
          ],
          [
            3.7281499999999994,
            104.06746790355348
          ],
          [
            2,
            80.58376790355348
          ]
        ],
        "edges": [
          {
            "endpoints": [
              0,
              1
            ]
          },
          {
            "endpoints": [
              1,
              2
            ],
            "curvature": {
              "type": "quadratic",
              "params": [
                [
                  0.6001765470469791,
                  0.002098943760815929
                ]
              ]
            }
          },
          {
            "endpoints": [
              2,
              3
            ],
            "curvature": {
              "type": "quadratic",
              "params": [
                [
                  0.6669647153086691,
                  0.0058381428274278694
                ]
              ]
            }
          },
          {
            "endpoints": [
              3,
              4
            ],
            "curvature": {
              "type": "quadratic",
              "params": [
                [
                  0.4985545385734096,
                  -0.03668751570317946
                ]
              ]
            }
          },
          {
            "endpoints": [
              4,
              5
            ],
            "label": "lower_interface"
          },
          {
            "endpoints": [
              5,
              6
            ],
            "curvature": {
              "type": "quadratic",