{
  "pattern": {
    "panels": {
      "skirt_back": {
        "translation": [
          -38.8390000334767,
          18.772500000000008,
          -20.0
        ],
        "rotation": [
          0.0,
          0.0,
          0.0
        ],
        "vertices": [
          [
            -0.8390000334767009,
            0.0
          ],
          [
            11,
            65.3430507473064
          ],
          [
            13.127992822930928,
            90.00093574730641
          ],
          [
            21.29951807728598,
            90.00093574730641
          ],
          [
            22.72850737155325,
            71.03289023106836
          ],
          [
            24.157496665820517,
            90.00093574730641
          ],
          [
            28.716046605358557,
            90.00093574730641
          ],
          [
            30.145035899625825,
            68.91396906630249
          ],
          [
            31.574025193893092,
            90.00093574730641
          ],
          [
            45.24967517337137,
            90.00093574730641
          ],
          [
            46.67866446763864,
            68.91396906630249
          ],
          [
            48.10765376190591,
            90.00093574730641
          ],
          [
            52.66620363029078,
            90.00093574730641
          ],
          [
            54.09519292455805,
            71.03289023106836
          ],
          [
            55.52418221882532,
            90.00093574730641
          ],
          [
            63.695707177069075,
            90.00093574730641
          ],
          [
            65.8237,
            65.3430507473064
          ],
          [
            69.45394441492763,
            37.068562029140736
          ],
          [
            77.66270003347671,
            0.0
          ],
          [
            39.41184959862638,
            0.0
          ],
          [
            38.41184959862639,
            34.86176957318405
          ],
          [
            37.41184959862638,
            0.0
          ]
        ],
        "edges": [
          {
            "endpoints": [
              0,
              1
            ],
            "curvature": {
              "type": "quadratic",
              "params": [
                [
                  0.7530122779255083,
                  -0.044749789199433974
                ]
              ]
            }
          },
          {
            "endpoints": [
              1,
              2
            ],
            "curvature": {
              "type": "quadratic",
              "params": [
                [
                  0.4980453961474161,
                  0.04298166012491112
                ]
              ]
            }
          },
          {
            "endpoints": [
              2,
              3
            ],
            "label": "lower_interface"
          },
          {
            "endpoints": [
              3,
              4
            ]
          },
          {
            "endpoints": [
              4,
              5
            ]
          },
          {
            "endpoints": [
              5,
              6
            ],
            "label": "lower_interface"
          },
          {
            "endpoints": [
              6,
              7
            ]
          },
          {
            "endpoints": [
              7,
              8
            ]
          },
          {
            "endpoints": [
              8,
              9
            ],
            "label": "lower_interface"
          },
          {
            "endpoints": [
              9,
              10
            ]
          },
          {
            "endpoints": [
              10,
              11
            ]
          },
          {
            "endpoints": [
              11,
              12
            ],
            "label": "lower_interface"
          },
          {
            "endpoints": [
              12,
              13
            ]
          },
          {
            "endpoints": [
              13,
              14
            ]
          },
          {
            "endpoints": [
              14,
              15
            ],
            "label": "lower_interface"
          },
          {
            "endpoints": [
              15,
              16
            ],
            "curvature": {
              "type": "quadratic",
              "params": [
                [
                  0.5019546015423779,
                  0.042981660247787885
                ]
              ]
            }
          },
          {
            "endpoints": [
              16,
              17
            ],
            "curvature": {
              "type": "quadratic",
              "params": [
                [
                  0.32115679897386645,
                  -0.0412342656715444
                ]
              ]
            }
          },
          {
            "endpoints": [
              17,
              18
            ],
            "curvature": {
              "type": "quadratic",
              "params": [
                [
                  0.4113341853546896,
                  -0.01216637496605185
                ]
              ]
            }
          },
          {
            "endpoints": [
              18,
              19
            ]
          },
          {
            "endpoints": [
              19,
              20
            ]
          },
          {
            "endpoints": [
              20,
              21
            ]
          },
          {
            "endpoints": [
              21,
              0
            ]
          }
        ],
        "label": "leg"
      },
      "skirt_front": {
        "translation": [
          -35.8390000334767,
          20.772500000000008,
          25.0
        ],
        "rotation": [
          0.0,
          0.0,
          0.0
        ],
        "vertices": [
          [
            -0.8390000334767009,
            0.0
          ],
          [
            34.32714963036441,
            0.0
          ],
          [
            35.32714963036441,
            8.730745468648792
          ],
          [
            36.32714963036441,
            0.0
          ],
          [
            71.49330003347669,
            0.0
          ],
          [
            63.2845444152615,
            37.068562029209104
          ],
          [
            59.65429999999999,
            65.3430507473064
          ],
          [
            57.92614999999999,
            88.8267507473064
          ],
          [
            12.72815,
            88.8267507473064
          ],
          [
            11,
            65.3430507473064
          ]
        ],
        "edges": [
          {
            "endpoints": [
              0,
              1
            ]
          },
          {
            "endpoints": [
              1,
              2
            ]
          },
          {
            "endpoints": [
              2,
              3
            ]
          },
          {
            "endpoints": [
              3,
              4
            ]
          },
          {
            "endpoints": [
              4,
              5
            ],
            "curvature": {
              "type": "quadratic",
              "params": [
                [
                  0.5886658146539532,
                  0.012166374961284705
                ]
              ]
            }
          },
          {
            "endpoints": [
              5,
              6
            ],
            "curvature": {
              "type": "quadratic",
              "params": [
                [
                  0.6788432010825225,
                  0.04123426566819711
                ]
              ]
            }
          },
          {
            "endpoints": [
              6,
              7
            ],
            "curvature": {
              "type": "quadratic",