Generation,BestFitness,AvgFitness,SurvivalRate,AvgChildFitness,AllFitnesses
1,0.5543942136662197,0.4830664021724642,1.0,0.46799233283488395,[0.5543942136662197, 0.528818624357238, 0.4694316539987416, 0.4690289327640117, 0.46902893276401164, 0.46902893276401164, 0.4688619239613404, 0.4674483052605969, 0.4674483052605969, 0.4671741969278736]
2,0.5692835699222697,0.4932028039487383,0.6,0.4681453534248459,[0.5692835699222697, 0.5543942136662197, 0.528818624357238, 0.4694316539987416, 0.4693732104186852, 0.4690289327640117, 0.46902893276401164, 0.4685869866927522, 0.4674483052605969, 0.466633609642857]
3,0.5692835699222697,0.4932316662422306,0.8,0.4681913892958189,[0.5692835699222697, 0.5543942136662197, 0.528818624357238, 0.46943165399874176, 0.4694316539987416, 0.4693732104186852, 0.4690289327640118, 0.4681596332165615, 0.4672209731519623, 0.4671741969278736]
4,0.5692835699222697,0.4980633553148251,0.8,0.4685460815405265,[0.5692835699222697, 0.5543942136662197, 0.528818624357238, 0.515975083501149, 0.46943165399874176, 0.4694316539987416, 0.4693732104186853, 0.46902893276401164, 0.46744830526059705, 0.46744830526059694]
5,0.584800673154667,0.5120988744475145,0.8,0.47354331597472016,[0.584800673154667, 0.5692835699222697, 0.5543942136662197, 0.528818624357238, 0.515975083501149, 0.49418399346355824, 0.46943165399874176, 0.4694316539987416, 0.4674483052605969, 0.4672209731519624]
