Generation,BestFitness,AvgFitness,SurvivalRate,AvgChildFitness,AllFitnesses
1,0.554780268945956,0.47701741973581485,0.6,0.4678147982638996,[0.554780268945956, 0.4693732104186852, 0.46920335733671, 0.4691563826445469, 0.4685869866927523, 0.4683874220417907, 0.46831219556309206, 0.46775187152614445, 0.46744830526059705, 0.4671741969278737]
2,0.554780268945956,0.4771037022820262,0.8,0.46786408922753087,[0.554780268945956, 0.4693732104186852, 0.46920335733671, 0.46920335733671, 0.4691563826445469, 0.4685869866927523, 0.46835908573028695, 0.4677518715261445, 0.46744830526059683, 0.4671741969278736]
3,0.554780268945956,0.4848198955761367,0.8,0.468099388470097,[0.554780268945956, 0.5451418193728199, 0.4693732104186852, 0.46920335733671, 0.46920335733671, 0.4691563826445469, 0.468359085730287, 0.46831219556309184, 0.46744830526059694, 0.46722097315196237]
4,0.554780268945956,0.4919499704904434,0.8,0.46795125217941325,[0.554780268945956, 0.5451418193728199, 0.541244787933197, 0.4693732104186852, 0.46920335733671, 0.46920335733671, 0.46835908573028695, 0.4677518715261446, 0.46722097315196237, 0.46722097315196237]
5,0.554780268945956,0.4982230411501873,0.6,0.46882210093290516,[0.554780268945956, 0.5451418193728199, 0.541244787933197, 0.5194877807023123, 0.4774652498830614, 0.4693732104186852, 0.46920335733671, 0.46920335733671, 0.4691563826445469, 0.46717419692787365]
