Generation,BestFitness,AvgChildFitness,SurvivalRate,DeltaBest,SuccessRatio,CrossoverGain,MutationGain
1,0.6121692439419649,0.4729639426459427,0.6666666666666666,0.0,0.14285714285714285,-0.01920941663356141,0.0017443770953664561
2,0.6121692439419649,0.47638372678888946,1.0,0.0,0.2857142857142857,-0.014438079476135068,0.0
3,0.6121692439419649,0.4862889934456767,0.6666666666666666,0.0,0.14285714285714285,-0.001419543518018453,0.0
4,0.6121692439419649,0.5040333262703854,0.6666666666666666,0.0,0.0,-0.024573279550699472,0.0
5,0.6121692439419649,0.5097986305032685,1.0,0.0,0.14285714285714285,-0.015017281603831336,0.0
