generation,avg_improvement_percent,num_patterns
5,0.20000000000000004,20
10,1000.0,20
15,140.0,20
20,0.8208900794834555,20
