generation,avg_improvement_percent,num_patterns
5,0.19999999999999998,72
10,980.5555555555555,72
15,140.0,72
20,0.8277149349822763,72
