mutation_type,avg_gain_total,count_total,avg_gain_early,count_early,avg_gain_mid,count_mid,avg_gain_late,count_late
design_params,-0.058426807314840054,6110,-0.05022722861361696,2647,-0.062101931576308826,2075,-0.03589639307087577,1388
insertion,-0.04049566144146283,2467,-0.03404814698054185,1075,-0.045193556874357575,819,-0.026786555122814464,573
inversion,-0.05170797718759367,2396,-0.04134040683633724,1033,-0.05608884582686052,810,-0.03501964618457417,553
rotate,-0.11336175985281773,2310,-0.09943749662878755,1015,-0.1169568349878402,745,-0.06850046993213116,550
scramble,-0.042253371872253635,2426,-0.03324086423482355,1075,-0.048697615897477925,830,-0.030651033361164166,521
split,-0.06315924874249274,5522,-0.05549861743762681,2414,-0.06599282344982264,1889,-0.03788474140163004,1219
swap,-0.04878165249733109,2417,-0.03904393188861024,1069,-0.05398665322484748,827,-0.03661650724965707,521
