{
  "pattern": {
    "panels": {
      "skirt_back": {
        "translation": [
          -31.750805098874935,
          39.77250000000001,
          -20.0
        ],
        "rotation": [
          0.0,
          0.0,
          0.0
        ],
        "vertices": [
          [
            -0.7508050988749346,
            0.0
          ],
          [
            1.6289672173010885,
            17.822961397931408
          ],
          [
            4,
            44.976538116860645
          ],
          [
            6.127992822930928,
            69.63442311686065
          ],
          [
            14.299518077285981,
            69.63442311686065
          ],
          [
            15.728507371553249,
            50.666377600622596
          ],
          [
            17.157496665820517,
            69.63442311686065
          ],
          [
            21.716046605358557,
            69.63442311686065
          ],
          [
            23.145035899625825,
            48.54745643585672
          ],
          [
            24.574025193893092,
            69.63442311686065
          ],
          [
            38.24967517337137,
            69.63442311686065
          ],
          [
            39.67866446763864,
            48.54745643585672
          ],
          [
            41.10765376190591,
            69.63442311686065
          ],
          [
            45.66620363029078,
            69.63442311686065
          ],
          [
            47.09519292455805,
            50.666377600622596
          ],
          [
            48.52418221882532,
            69.63442311686065
          ],
          [
            56.695707177069075,
            69.63442311686065
          ],
          [
            58.8237,
            44.976538116860645
          ],
          [
            63.57450509887494,
            0.0
          ]
        ],
        "edges": [
          {
            "endpoints": [
              0,
              1
            ],
            "curvature": {
              "type": "quadratic",
              "params": [
                [
                  0.554421762303965,
                  -0.0042177250068060786
                ]
              ]
            }
          },
          {
            "endpoints": [
              1,
              2
            ],
            "curvature": {
              "type": "quadratic",
              "params": [
                [
                  0.7069879933297262,
                  -0.025585624626038566
                ]
              ]
            }
          },
          {
            "endpoints": [
              2,
              3
            ],
            "curvature": {
              "type": "quadratic",
              "params": [
                [
                  0.49804539625805627,
                  0.042981660134458914
                ]
              ]
            }
          },
          {
            "endpoints": [
              3,
              4
            ],
            "label": "lower_interface"
          },
          {
            "endpoints": [
              4,
              5
            ]
          },
          {
            "endpoints": [
              5,
              6
            ]
          },
          {
            "endpoints": [
              6,
              7
            ],
            "label": "lower_interface"
          },
          {
            "endpoints": [
              7,
              8
            ]
          },
          {
            "endpoints": [
              8,
              9
            ]
          },
          {
            "endpoints": [
              9,
              10
            ],
            "label": "lower_interface"
          },
          {
            "endpoints": [
              10,
              11
            ]
          },
          {
            "endpoints": [
              11,
              12
            ]
          },
          {
            "endpoints": [
              12,
              13
            ],
            "label": "lower_interface"
          },
          {
            "endpoints": [
              13,
              14
            ]
          },
          {
            "endpoints": [
              14,
              15
            ]
          },
          {
            "endpoints": [
              15,
              16
            ],
            "label": "lower_interface"
          },
          {
            "endpoints": [
              16,
              17
            ],
            "curvature": {
              "type": "quadratic",
              "params": [
                [
                  0.5019546014275647,
                  0.04298166025769451
                ]
              ]
            }
          },
          {
            "endpoints": [
              17,
              18
            ],
            "curvature": {
              "type": "quadratic",
              "params": [
                [
                  0.24952913995357096,
                  -0.026357398493608037
                ]
              ]
            }
          },
          {
            "endpoints": [
              18,
              0
            ]
          }
        ],
        "label": "leg"
      },
      "skirt_front": {
        "translation": [
          -28.750805098874935,
          40.77250000000001,
          25.0
        ],
        "rotation": [
          0.0,
          0.0,
          0.0
        ],
        "vertices": [
          [
            -0.7508050988749346,
            0.0
          ],
          [
            27.327149703624436,
            0.0
          ],
          [
            28.32714970362444,
            19.4838480944685
          ],
          [
            29.327149703624436,
            0.0
          ],
          [
            57.40510509887493,
            0.0
          ],
          [
            52.65429999999999,
            44.976538116860645
          ],
          [
            50.92614999999999,
            68.46023811686064
          ],
          [
            5.728149999999999,
            68.46023811686064
          ],
          [
            4,
            44.976538116860645
          ],
          [
            1.6289672173010885,
            17.822961397931408
          ]
        ],
        "edges": [
          {
            "endpoints": [
              0,
              1
            ]
          },
          {
            "endpoints": [
              1,
              2
            ]
          },
          {
            "endpoints": [
              2,
              3
            ]
          },
          {
            "endpoints": [
              3,
              4
            ]
          },
          {
            "endpoints": [
              4,
              5
            ],
            "curvature": {
              "type": "quadratic",
              "params": [
                [
                  0.750470860046429,
                  0.026357398493608037
                ]
              ]
            }
          },
          {
            "endpoints": [
              5,
              6
            ],
            "curvature": {
              "type": "quadratic",
              "params": [
                [
                  0.4985545385734096,
                  -0.03668751570317946
                ]
              ]
            }
          },
          {
            "endpoints": [
              6,
              7
            ],
            "label": "lower_interface"
          },
          {
            "endpoints": [
              7,
              8
            ],
            "curvature": {
              "type": "quadratic",
              "params": [
                [
                  0.5014454625191118,
                  -0.03668751567083784
                ]
              ]
            }
          },
          {
            "endpoints": [
              8,
              9
            ],
            "curvature": {
              "type": "quadratic",