Generation,BestFitness,AvgChildFitness,SurvivalRate,DeltaBest,SuccessRatio,CrossoverGain,MutationGain
1,0.5863371448012272,0.4678395090166439,0.2,0.02237104257225231,0.3333333333333333,0.019294926662105454,0.0
2,0.5863371448012272,0.4809751973367928,0.6,0.0,0.26666666666666666,-0.00083453730707533,0.0
3,0.5863371448012272,0.47511467602742213,1.0,0.0,0.2,-0.032883116216627636,0.0021990134908115855
4,0.5863371448012272,0.4783969875860905,0.8,0.0,0.26666666666666666,-0.007410075239669789,0.0
5,0.5863371448012272,0.48676319921405514,0.6,0.0,0.13333333333333333,-0.027220121402853965,0.0006063784601481603
