{
  "pattern": {
    "panels": {
      "skirt_back": {
        "translation": [
          -27.0,
          18.772500000000008,
          -20.0
        ],
        "rotation": [
          0.0,
          0.0,
          0.0
        ],
        "vertices": [
          [
            0.0,
            0.0
          ],
          [
            0,
            77.07264387796684
          ],
          [
            1.1765528503937368,
            90.70582185150583
          ],
          [
            12.85516116930042,
            90.70582185150583
          ],
          [
            13.645239692702875,
            80.21851767545579
          ],
          [
            14.43531821610533,
            90.70582185150583
          ],
          [
            18.993868148522218,
            90.70582185150583
          ],
          [
            19.783946671924674,
            79.04698048355341
          ],
          [
            20.574025195327128,
            90.70582185150583
          ],
          [
            34.24967516857453,
            90.70582185150583
          ],
          [
            35.03975369197698,
            79.04698048355341
          ],
          [
            35.82983221537943,
            90.70582185150583
          ],
          [
            40.388382135915585,
            90.70582185150583
          ],
          [
            41.17846065931804,
            80.21851767545579
          ],
          [
            41.9685391827205,
            90.70582185150583
          ],
          [
            53.64714714960626,
            90.70582185150583
          ],
          [
            54.8237,
            77.07264387796684
          ],
          [
            54.8237,
            10.096289212347685
          ],
          [
            54.8237,
            0.0
          ]
        ],
        "edges": [
          {
            "endpoints": [
              0,
              1
            ]
          },
          {
            "endpoints": [
              1,
              2
            ],
            "curvature": {
              "type": "quadratic",
              "params": [
                [
                  0.498045396320672,
                  0.04298166013986343
                ]
              ]
            }
          },
          {
            "endpoints": [
              2,
              3
            ],
            "label": "lower_interface"
          },
          {
            "endpoints": [
              3,
              4
            ]
          },
          {
            "endpoints": [
              4,
              5
            ]
          },
          {
            "endpoints": [
              5,
              6
            ],
            "label": "lower_interface"
          },
          {
            "endpoints": [
              6,
              7
            ]
          },
          {
            "endpoints": [
              7,
              8
            ]
          },
          {
            "endpoints": [
              8,
              9
            ],
            "label": "lower_interface"
          },
          {
            "endpoints": [
              9,
              10
            ]
          },
          {
            "endpoints": [
              10,
              11
            ]
          },
          {
            "endpoints": [
              11,
              12
            ],
            "label": "lower_interface"
          },
          {
            "endpoints": [
              12,
              13
            ]
          },
          {
            "endpoints": [
              13,
              14
            ]
          },
          {
            "endpoints": [
              14,
              15
            ],
            "label": "lower_interface"
          },
          {
            "endpoints": [
              15,
              16
            ],
            "curvature": {
              "type": "quadratic",
              "params": [
                [
                  0.5019546013137197,
                  0.04298166026751964
                ]
              ]
            }
          },
          {
            "endpoints": [
              16,
              17
            ]
          },
          {
            "endpoints": [
              17,
              18
            ]
          },
          {
            "endpoints": [
              18,
              0
            ]
          }
        ],
        "label": "leg"
      },
      "skirt_front": {
        "translation": [
          -24.0,
          18.772500000000008,
          25.0
        ],
        "rotation": [
          0.0,
          0.0,
          0.0
        ],
        "vertices": [
          [
            0.0,
            0.0
          ],
          [
            48.65429999999999,
            0.0
          ],
          [
            48.65429999999999,
            10.096289212347685
          ],
          [
            48.65429999999999,
            77.07264387796684
          ],
          [
            47.6988175441863,
            90.05662290038492
          ],
          [
            0.9554824558136907,
            90.05662290038492
          ],
          [
            0,
            77.07264387796684
          ]
        ],
        "edges": [
          {
            "endpoints": [
              0,
              1
            ]
          },
          {
            "endpoints": [
              1,
              2
            ]
          },
          {
            "endpoints": [
              2,
              3
            ]
          },
          {
            "endpoints": [
              3,
              4
            ],
            "curvature": {
              "type": "quadratic",
              "params": [
                [
                  0.49855453859929777,
                  -0.03668751570507978
                ]
              ]
            }
          },
          {
            "endpoints": [
              4,
              5
            ],
            "label": "lower_interface"
          },
          {
            "endpoints": [
              5,
              6
            ],
            "curvature": {
              "type": "quadratic",
              "params": [
                [
                  0.5014454624827296,
                  -0.03668751567356506
                ]
              ]
            }
          },
          {
            "endpoints": [
              6,
              0
            ]
          }
        ],
        "label": "leg"
      }
    },
    "stitches": [
      [
        {
          "panel": "skirt_back",
          "edge": 3
        },
        {
          "panel": "skirt_back",
          "edge": 4
        }
      ],
      [
        {
          "panel": "skirt_back",
          "edge": 6
        },
        {
          "panel": "skirt_back",
          "edge": 7
        }
      ],
      [
        {
          "panel": "skirt_back",
          "edge": 9
        },
        {
          "panel": "skirt_back",
          "edge": 10
        }
      ],
      [
        {
          "panel": "skirt_back",
          "edge": 12
        },
        {
          "panel": "skirt_back",
          "edge": 13
        }
      ],
      [
        {
          "panel": "skirt_front",
          "edge": 6
        },
        {
          "panel": "skirt_back",
          "edge": 0
        }
      ],
      [
        {
          "panel": "skirt_front",
          "edge": 5
        },
        {
          "panel": "skirt_back",
          "edge": 1
        }
      ],
      [
        {
          "panel": "skirt_front",
          "edge": 3
        },
        {
          "panel": "skirt_back",
          "edge": 15
        }
      ],
      [
        {
          "panel": "skirt_front",
          "edge": 2
        },
        {
          "panel": "skirt_back",
          "edge": 16
        }
      ]
    ],
    "panel_order": [
      "skirt_back",
      "skirt_front"
    ]
  },
  "parameters": {},
  "parameter_order": [],
  "properties": {
    "curvature_coords": "relative",