{
  "pattern": {
    "panels": {
      "skirt_back": {
        "translation": [
          -27.915468079395637,
          82.38463458680606,
          -20.0
        ],
        "rotation": [
          0.0,
          0.0,
          0.0
        ],
        "vertices": [
          [
            -0.9154680793956373,
            -0.38786541319394985
          ],
          [
            0,
            10.46444051144799
          ],
          [
            1.3864870427919271,
            26.5302080679691
          ],
          [
            12.291261304495706,
            26.5302080679691
          ],
          [
            13.222314792759402,
            14.171637563426923
          ],
          [
            14.153368281023099,
            26.5302080679691
          ],
          [
            18.71191821881615,
            26.5302080679691
          ],
          [
            19.64297170707985,
            12.791061131031308
          ],
          [
            20.574025195343545,
            26.5302080679691
          ],
          [
            34.2496751639158,
            26.5302080679691
          ],
          [
            35.1807286521795,
            12.791061131031308
          ],
          [
            36.1117821404432,
            26.5302080679691
          ],
          [
            40.67033193450018,
            26.5302080679691
          ],
          [
            41.601385422763876,
            14.171637563426923
          ],
          [
            42.532438911027576,
            26.5302080679691
          ],
          [
            53.437212957208075,
            26.5302080679691
          ],
          [
            54.8237,
            10.46444051144799
          ],
          [
            55.73916807939564,
            -25.61213458680605
          ],
          [
            52.99853158038597,
            -24.391924601443385
          ],
          [
            47.80931834303462,
            -5.3047020172826045
          ],
          [
            30.152486246845942,
            -14.220209873092124
          ],
          [
            24.67121334565056,
            -11.7797899454756
          ],
          [
            19.482000108299196,
            7.307432638685182
          ],
          [
            1.8251680121105238,
            -1.6080752171243518
          ]
        ],
        "edges": [
          {
            "endpoints": [
              0,
              1
            ],
            "curvature": {
              "type": "quadratic",
              "params": [
                [
                  0.7500066509856939,
                  -0.02108869735174494
                ]
              ]
            }
          },
          {
            "endpoints": [
              1,
              2
            ],
            "curvature": {
              "type": "quadratic",
              "params": [
                [
                  0.4980453962653202,
                  0.04298166013508572
                ]
              ]
            }
          },
          {
            "endpoints": [
              2,
              3
            ],
            "label": "lower_interface"
          },
          {
            "endpoints": [
              3,
              4
            ]
          },
          {
            "endpoints": [
              4,
              5
            ]
          },
          {
            "endpoints": [
              5,
              6
            ],
            "label": "lower_interface"
          },
          {
            "endpoints": [
              6,
              7
            ]
          },
          {
            "endpoints": [
              7,
              8
            ]
          },
          {
            "endpoints": [
              8,
              9
            ],
            "label": "lower_interface"
          },
          {
            "endpoints": [
              9,
              10
            ]
          },
          {
            "endpoints": [
              10,
              11
            ]
          },
          {
            "endpoints": [
              11,
              12
            ],
            "label": "lower_interface"
          },
          {
            "endpoints": [
              12,
              13
            ]
          },
          {
            "endpoints": [
              13,
              14
            ]
          },
          {
            "endpoints": [
              14,
              15
            ],
            "label": "lower_interface"
          },
          {
            "endpoints": [
              15,
              16
            ],
            "curvature": {
              "type": "quadratic",
              "params": [
                [
                  0.501954601433185,
                  0.04298166025720958
                ]
              ]
            }
          },
          {
            "endpoints": [
              16,
              17
            ],
            "curvature": {
              "type": "quadratic",
              "params": [
                [
                  0.24958154164736235,
                  -0.006333254912954482
                ]
              ]
            }
          },
          {
            "endpoints": [
              17,
              18
            ]
          },
          {
            "endpoints": [
              18,
              19
            ]
          },
          {
            "endpoints": [
              19,
              20
            ]
          },
          {
            "endpoints": [
              20,
              21
            ]
          },
          {
            "endpoints": [
              21,
              22
            ]
          },
          {
            "endpoints": [
              22,
              23
            ]
          },
          {
            "endpoints": [
              23,
              0
            ]
          }
        ],
        "label": "leg"
      },
      "skirt_front": {
        "translation": [
          -24.915468079395637,
          82.01123766123482,
          25.0
        ],
        "rotation": [
          0.0,
          0.0,
          0.0
        ],
        "vertices": [
          [
            -0.9154680793956373,
            -0.7612623387651922
          ],
          [
            1.8251684564678818,
            -1.9814723405362464
          ],
          [
            18.441843356860563,
            8.748677483891178
          ],
          [
            21.58651379000791,
            -10.779790143316262
          ],
          [
            27.067786598619104,
            -13.220210029711652
          ],
          [
            43.684461499011775,
            -2.4900602052842196
          ],
          [
            46.82913193215914,
            -22.018527832491657
          ],
          [
            49.56976807939563,
            -23.238737661234808
          ],
          [
            48.65429999999999,
            11.46444051144799
          ],
          [
            47.528329293153,
            26.765171517658565
          ],
          [
            1.1259707068469922,
            26.765171517658565
          ],
          [
            0,
            11.46444051144799
          ]
        ],
        "edges": [
          {
            "endpoints": [
              0,
              1
            ]
          },
          {
            "endpoints": [
              1,
              2
            ]
          },
          {
            "endpoints": [
              2,
              3
            ]
          },
          {
            "endpoints": [
              3,
              4
            ]
          },
          {
            "endpoints": [
              4,
              5
            ]
          },
          {
            "endpoints": [
              5,
              6
            ]
          },
          {
            "endpoints": [
              6,
              7
            ]
          },
          {
            "endpoints": [
              7,
              8
            ],