{
  "pattern": {
    "panels": {
      "ins_skirt_back_1": {
        "translation": [
          -20.58815,
          41.77250000000001,
          -25.0
        ],
        "rotation": [
          0.0,
          0.0,
          0.0
        ],
        "vertices": [
          [
            0,
            0
          ],
          [
            21.0,
            19
          ],
          [
            42,
            0
          ]
        ],
        "edges": [
          {
            "endpoints": [
              0,
              1
            ]
          },
          {
            "endpoints": [
              1,
              2
            ]
          },
          {
            "endpoints": [
              2,
              0
            ]
          }
        ],
        "label": "leg"
      },
      "skirt_back": {
        "translation": [
          -27.0,
          41.77250000000001,
          -20.0
        ],
        "rotation": [
          0.0,
          0.0,
          0.0
        ],
        "vertices": [
          [
            0.0,
            0.0
          ],
          [
            0,
            43.88793555217835
          ],
          [
            2.026172881596679,
            67.36599307481468
          ],
          [
            10.573014506682487,
            67.36599307481468
          ],
          [
            11.933629695294098,
            49.30552828952506
          ],
          [
            13.294244883905709,
            67.36599307481468
          ],
          [
            17.85279482316725,
            67.36599307481468
          ],
          [
            19.213410011778862,
            47.28799300649877
          ],
          [
            20.574025200390473,
            67.36599307481468
          ],
          [
            34.24967515274026,
            67.36599307481468
          ],
          [
            35.61029034135187,
            47.28799300649877
          ],
          [
            36.97090552996348,
            67.36599307481468
          ],
          [
            41.529455396807386,
            67.36599307481468
          ],
          [
            42.890070585419,
            49.30552828952506
          ],
          [
            44.25068577403061,
            67.36599307481468
          ],
          [
            52.79752711840332,
            67.36599307481468
          ],
          [
            54.8237,
            43.88793555217835
          ],
          [
            54.8237,
            0.0
          ],
          [
            45.686416666666666,
            26.80503783407866
          ],
          [
            36.54913333333333,
            0.0
          ],
          [
            27.411849999999994,
            26.80503783407866
          ],
          [
            18.274566666666665,
            0.0
          ],
          [
            9.137283333333329,
            26.80503783407866
          ]
        ],
        "edges": [
          {
            "endpoints": [
              0,
              1
            ]
          },
          {
            "endpoints": [
              1,
              2
            ],
            "curvature": {
              "type": "quadratic",
              "params": [
                [
                  0.49804539625805627,
                  0.042981660134458914
                ]
              ]
            }
          },
          {
            "endpoints": [
              2,
              3
            ],
            "label": "lower_interface"
          },
          {
            "endpoints": [
              3,
              4
            ]
          },
          {
            "endpoints": [
              4,
              5
            ]
          },
          {
            "endpoints": [
              5,
              6
            ],
            "label": "lower_interface"
          },
          {
            "endpoints": [
              6,
              7
            ]
          },
          {
            "endpoints": [
              7,
              8
            ]
          },
          {
            "endpoints": [
              8,
              9
            ],
            "label": "lower_interface"
          },
          {
            "endpoints": [
              9,
              10
            ]
          },
          {
            "endpoints": [
              10,
              11
            ]
          },
          {
            "endpoints": [
              11,
              12
            ],
            "label": "lower_interface"
          },
          {
            "endpoints": [
              12,
              13
            ]
          },
          {
            "endpoints": [
              13,
              14
            ]
          },
          {
            "endpoints": [
              14,
              15
            ],
            "label": "lower_interface"
          },
          {
            "endpoints": [
              15,
              16
            ],
            "curvature": {
              "type": "quadratic",
              "params": [
                [
                  0.5019546015414282,
                  0.04298166024786797
                ]
              ]
            }
          },
          {
            "endpoints": [
              16,
              17
            ]
          },
          {
            "endpoints": [
              17,
              18
            ]
          },
          {
            "endpoints": [
              18,
              19
            ]
          },
          {
            "endpoints": [
              19,
              20
            ]
          },
          {
            "endpoints": [
              20,
              21
            ]
          },
          {
            "endpoints": [
              21,
              22
            ]
          },
          {
            "endpoints": [
              22,
              0
            ]
          }
        ],
        "label": "leg"
      },
      "skirt_front": {
        "translation": [
          -24.0,
          42.77250000000001,
          25.0
        ],
        "rotation": [
          0.0,
          0.0,
          0.0
        ],
        "vertices": [
          [
            0.0,
            0.0
          ],
          [
            8.109049999999998,
            27.133803789691925
          ],
          [
            16.218099999999996,
            0.0
          ],
          [
            24.327149999999996,
            27.133803789691925
          ],
          [
            32.43619999999999,
            0.0
          ],
          [
            40.54524999999999,
            27.133803789691925
          ],
          [
            48.65429999999999,
            0.0
          ],
          [
            48.65429999999999,
            43.88793555217835
          ],
          [
            47.008838310656245,
            66.24799033564152
          ],
          [
            1.645461689343751,
            66.24799033564152
          ],
          [
            0,
            43.88793555217835
          ]
        ],
        "edges": [
          {
            "endpoints": [
              0,
              1
            ]
          },
          {
            "endpoints": [
              1,
              2
            ]
          },
          {
            "endpoints": [
              2,
              3
            ]
          },
          {
            "endpoints": [
              3,
              4
            ]
          },
          {
            "endpoints": [
              4,
              5
            ]
          },
          {
            "endpoints": [
              5,
              6
            ]
          },
          {
            "endpoints": [
              6,
              7
            ]
          },
          {
            "endpoints": [
              7,
              8
            ],
            "curvature": {
              "type": "quadratic",