Generation,BestFitness,AvgFitness,SurvivalRate,AvgChildFitness,AllFitnesses
1,0.5923689556064483,0.48255831826657164,0.6,0.4676056613442168,[0.5923689556064483, 0.47981547743687814, 0.4763344672841127, 0.46966276519850786, 0.46937321041868524, 0.4687538975626599, 0.4677050421507147, 0.4672209731519623, 0.46717419692787365, 0.4671741969278736]
2,0.5923689556064483,0.4918320458721569,0.8,0.46789655757901166,[0.5923689556064483, 0.5606560053005628, 0.47981547743687814, 0.4763344672841127, 0.46966276519850786, 0.46937321041868524, 0.4685869866927524, 0.4671741969278737, 0.46717419692787365, 0.46717419692787365]
3,0.5923689556064483,0.49323053196522987,0.8,0.4684398825516166,[0.5923689556064483, 0.5606560053005628, 0.4809310012662141, 0.47981547743687814, 0.4763344672841127, 0.46966276519850786, 0.46943435614116796, 0.4687538975626599, 0.4671741969278737, 0.46717419692787365]
4,0.5923689556064483,0.4928465459804219,1.0,0.46767191058200047,[0.5923689556064483, 0.5606560053005628, 0.4809310012662141, 0.47981547743687814, 0.4763344672841127, 0.4696627651985079, 0.4671741969278737, 0.46717419692787365, 0.46717419692787365, 0.4671741969278736]
5,0.5923689556064483,0.5051264343460697,0.6,0.471589328767467,[0.5923689556064483, 0.5606560053005628, 0.531828142350087, 0.5275335951000498, 0.4809310012662141, 0.47981547743687814, 0.4763344672841127, 0.46744830526059694, 0.46717419692787365, 0.4671741969278736]
