{
  "pattern": {
    "panels": {
      "skirt_back": {
        "translation": [
          -35.606093783826054,
          43.0414279491351,
          -20.0
        ],
        "rotation": [
          0.0,
          0.0,
          0.0
        ],
        "vertices": [
          [
            -0.19424378382605312,
            0.0
          ],
          [
            8,
            30.89202064807696
          ],
          [
            9.621274819451585,
            49.678365987518276
          ],
          [
            19.660602751076294,
            49.678365987518276
          ],
          [
            20.74932087789331,
            35.226994611494355
          ],
          [
            21.83803900471033,
            49.678365987518276
          ],
          [
            26.396588944835937,
            49.678365987518276
          ],
          [
            27.485307071652954,
            33.612631305462926
          ],
          [
            28.574025198469972,
            49.678365987518276
          ],
          [
            42.24967516036101,
            49.678365987518276
          ],
          [
            43.33839328717802,
            33.612631305462926
          ],
          [
            44.42711141399504,
            49.678365987518276
          ],
          [
            48.98566122236192,
            49.678365987518276
          ],
          [
            50.07437934917894,
            35.226994611494355
          ],
          [
            51.163097475995954,
            49.678365987518276
          ],
          [
            61.20242518054842,
            49.678365987518276
          ],
          [
            62.8237,
            30.89202064807696
          ],
          [
            71.01794378382606,
            0.0
          ]
        ],
        "edges": [
          {
            "endpoints": [
              0,
              1
            ],
            "curvature": {
              "type": "quadratic",
              "params": [
                [
                  0.75203025081352,
                  -0.06577524504572473
                ]
              ]
            }
          },
          {
            "endpoints": [
              1,
              2
            ],
            "curvature": {
              "type": "quadratic",
              "params": [
                [
                  0.4980453961471247,
                  0.04298166012488582
                ]
              ]
            }
          },
          {
            "endpoints": [
              2,
              3
            ]
          },
          {
            "endpoints": [
              3,
              4
            ]
          },
          {
            "endpoints": [
              4,
              5
            ]
          },
          {
            "endpoints": [
              5,
              6
            ]
          },
          {
            "endpoints": [
              6,
              7
            ]
          },
          {
            "endpoints": [
              7,
              8
            ]
          },
          {
            "endpoints": [
              8,
              9
            ]
          },
          {
            "endpoints": [
              9,
              10
            ]
          },
          {
            "endpoints": [
              10,
              11
            ]
          },
          {
            "endpoints": [
              11,
              12
            ]
          },
          {
            "endpoints": [
              12,
              13
            ]
          },
          {
            "endpoints": [
              13,
              14
            ]
          },
          {
            "endpoints": [
              14,
              15
            ]
          },
          {
            "endpoints": [
              15,
              16
            ],
            "curvature": {
              "type": "quadratic",
              "params": [
                [
                  0.501954601541422,
                  0.042981660247867474
                ]
              ]
            }
          },
          {
            "endpoints": [
              16,
              17
            ],
            "curvature": {
              "type": "quadratic",
              "params": [
                [
                  0.2479697297486421,
                  -0.06577524267334597
                ]
              ]
            }
          },
          {
            "endpoints": [
              17,
              0
            ]
          }
        ],
        "label": "leg"
      },
      "skirt_front": {
        "translation": [
          -32.60609378382606,
          44.0414279491351,
          25.0
        ],
        "rotation": [
          0.0,
          0.0,
          0.0
        ],
        "vertices": [
          [
            -0.19424378382606022,
            0.0
          ],
          [
            64.84854378382605,
            0.0
          ],
          [
            56.65429999999999,
            30.89202064807696
          ],
          [
            55.33765736425262,
            48.78377811421155
          ],
          [
            9.316642635747371,
            48.78377811421155
          ],
          [
            8,
            30.89202064807696
          ]
        ],
        "edges": [
          {
            "endpoints": [
              0,
              1
            ]
          },
          {
            "endpoints": [
              1,
              2
            ],
            "curvature": {
              "type": "quadratic",
              "params": [
                [
                  0.7520302701293434,
                  0.06577524270566974
                ]
              ]
            }
          },
          {
            "endpoints": [
              2,
              3
            ],
            "curvature": {
              "type": "quadratic",
              "params": [
                [
                  0.4985545386251772,
                  -0.03668751570702046
                ]
              ]
            }
          },
          {
            "endpoints": [
              3,
              4
            ]
          },
          {
            "endpoints": [
              4,
              5
            ],
            "curvature": {
              "type": "quadratic",
              "params": [
                [
                  0.5014454624837772,
                  -0.03668751567349065
                ]
              ]
            }
          },
          {
            "endpoints": [
              5,
              0
            ],
            "curvature": {
              "type": "quadratic",
              "params": [
                [
                  0.2479697493073344,
                  0.06577524507773394
                ]
              ]
            }
          }
        ],
        "label": "leg"
      },
      "skirt_back_0": {
        "translation": [
          -56.33056364809536,
          29.08204547537248,
          -20.0
        ],
        "rotation": [
          0.0,
          0.0,
          0.0
        ],
        "vertices": [
          [
            0,
            0
          ],
          [
            20.0,
            9.459382473762613
          ],
          [
            92.66112729619071,
            9.459382473762613
          ],
          [
            112.66112729619071,
            0
          ]
        ],
        "edges": [
          {
            "endpoints": [
              0,
              1
            ]
          },
          {
            "endpoints": [
              1,
              2
            ]
          },
          {
            "endpoints": [
              2,
              3
            ]
          },
          {
            "endpoints": [
              3,
              0
            ]
          }
        ],
        "label": "leg"
      },
      "skirt_front_0": {
        "translation": [
          -53.33056364809536,
          29.08204547537248,
          25.0
        ],