{
  "pattern": {
    "panels": {
      "skirt_back": {
        "translation": [
          -35.12388548238194,
          29.34802462224978,
          -20.0
        ],
        "rotation": [
          0.0,
          0.0,
          0.0
        ],
        "vertices": [
          [
            -0.7120354823819355,
            0.0
          ],
          [
            7,
            30.853682877750227
          ],
          [
            9.127992822930928,
            55.511567877750224
          ],
          [
            17.29951807728598,
            55.511567877750224
          ],
          [
            18.72850737155325,
            36.543522361512174
          ],
          [
            20.157496665820517,
            55.511567877750224
          ],
          [
            24.716046605358557,
            55.511567877750224
          ],
          [
            26.145035899625825,
            34.4246011967463
          ],
          [
            27.574025193893092,
            55.511567877750224
          ],
          [
            41.24967517337137,
            55.511567877750224
          ],
          [
            42.67866446763864,
            34.4246011967463
          ],
          [
            44.10765376190591,
            55.511567877750224
          ],
          [
            48.66620363029078,
            55.511567877750224
          ],
          [
            50.09519292455805,
            36.543522361512174
          ],
          [
            51.52418221882532,
            55.511567877750224
          ],
          [
            59.695707177069075,
            55.511567877750224
          ],
          [
            61.8237,
            30.853682877750227
          ],
          [
            69.53573548238194,
            0.0
          ]
        ],
        "edges": [
          {
            "endpoints": [
              0,
              1
            ],
            "curvature": {
              "type": "quadratic",
              "params": [
                [
                  0.7524363593830292,
                  -0.06188007107070172
                ]
              ]
            }
          },
          {
            "endpoints": [
              1,
              2
            ],
            "curvature": {
              "type": "quadratic",
              "params": [
                [
                  0.4980453961471247,
                  0.04298166012488582
                ]
              ]
            }
          },
          {
            "endpoints": [
              2,
              3
            ]
          },
          {
            "endpoints": [
              3,
              4
            ]
          },
          {
            "endpoints": [
              4,
              5
            ]
          },
          {
            "endpoints": [
              5,
              6
            ]
          },
          {
            "endpoints": [
              6,
              7
            ]
          },
          {
            "endpoints": [
              7,
              8
            ]
          },
          {
            "endpoints": [
              8,
              9
            ]
          },
          {
            "endpoints": [
              9,
              10
            ]
          },
          {
            "endpoints": [
              10,
              11
            ]
          },
          {
            "endpoints": [
              11,
              12
            ]
          },
          {
            "endpoints": [
              12,
              13
            ]
          },
          {
            "endpoints": [
              13,
              14
            ]
          },
          {
            "endpoints": [
              14,
              15
            ]
          },
          {
            "endpoints": [
              15,
              16
            ],
            "curvature": {
              "type": "quadratic",
              "params": [
                [
                  0.5019546015423715,
                  0.042981660247787205
                ]
              ]
            }
          },
          {
            "endpoints": [
              16,
              17
            ],
            "curvature": {
              "type": "quadratic",
              "params": [
                [
                  0.24756362180890906,
                  -0.06188006891467112
                ]
              ]
            }
          },
          {
            "endpoints": [
              17,
              0
            ]
          }
        ],
        "label": "leg"
      },
      "skirt_front": {
        "translation": [
          -32.12388548238194,
          30.34802462224978,
          25.0
        ],
        "rotation": [
          0.0,
          0.0,
          0.0
        ],
        "vertices": [
          [
            -0.7120354823819355,
            0.0
          ],
          [
            63.36633548238193,
            0.0
          ],
          [
            55.65429999999999,
            30.853682877750227
          ],
          [
            53.92614999999999,
            54.33738287775023
          ],
          [
            8.72815,
            54.33738287775023
          ],
          [
            7,
            30.853682877750227
          ]
        ],
        "edges": [
          {
            "endpoints": [
              0,
              1
            ]
          },
          {
            "endpoints": [
              1,
              2
            ],
            "curvature": {
              "type": "quadratic",
              "params": [
                [
                  0.752436378191091,
                  0.06188006891467112
                ]
              ]
            }
          },
          {
            "endpoints": [
              2,
              3
            ],
            "curvature": {
              "type": "quadratic",
              "params": [
                [
                  0.4985545385734096,
                  -0.03668751570317946
                ]
              ]
            }
          },
          {
            "endpoints": [
              3,
              4
            ]
          },
          {
            "endpoints": [
              4,
              5
            ],
            "curvature": {
              "type": "quadratic",
              "params": [
                [
                  0.5014454625191118,
                  -0.03668751567083784
                ]
              ]
            }
          },
          {
            "endpoints": [
              5,
              0
            ],
            "curvature": {
              "type": "quadratic",
              "params": [
                [
                  0.24756364061697078,
                  0.06188007107070172
                ]
              ]
            }
          }
        ],
        "label": "leg"
      },
      "wb_back": {
        "translation": [
          -19.5679,
          89.77250000000001,
          -15.0
        ],
        "rotation": [
          0.0,
          0.0,
          0.0
        ],
        "vertices": [
          [
            0,
            0
          ],
          [
            0,
            19.710044988882277
          ],
          [
            39.1358,
            19.710044988882277
          ],
          [
            39.1358,
            0
          ],
          [
            30.96427504175625,
            0.0
          ],
          [
            26.405725173371373,
            0.0
          ],
          [
            12.73007519389309,
            0.0
          ],
          [
            8.171525254355046,
            0.0
          ]
        ],
        "edges": [
          {
            "endpoints": [
              0,
              1
            ]
          },
          {
            "endpoints": [
              1,
              2
            ],