Generation,BestFitness,AvgFitness,SurvivalRate,AvgChildFitness,AllFitnesses
1,0.5365542999934295,0.48985656691388835,0.6,0.46887664837794285,[0.5365542999934295, 0.5365542999934294, 0.5099334423367263, 0.48816882883488744, 0.48297155609069725, 0.47395279494769227, 0.4685869716015888, 0.46744830526059705, 0.4672209731519623, 0.4671741969278737]
2,0.5365542999934295,0.4895360502359741,1.0,0.4682356150221142,[0.5365542999934295, 0.5365542999934294, 0.5099334423367263, 0.48816882883488744, 0.48297155609069725, 0.4693732104186853, 0.4691563826445469, 0.46775187152614445, 0.46744830526059705, 0.46744830526059694]
3,0.5365542999934295,0.4993776325199109,0.6,0.47516205374632803,[0.5365542999934295, 0.5365542999934294, 0.5340846499963215, 0.5099334423367263, 0.5008393641475627, 0.48816882883488744, 0.48297155609069725, 0.4688619239613405, 0.46858698669275245, 0.4672209731519623]
4,0.5365542999934295,0.5021003845271577,0.8,0.4740168737049008,[0.5365542999934295, 0.5365542999934294, 0.5340846499963215, 0.5337927844271654, 0.5099334423367263, 0.5008393641475627, 0.46744830526059705, 0.46744830526059705, 0.46717419692787365, 0.46717419692787365]
5,0.5365542999934295,0.505829848175223,0.8,0.4761516294696908,[0.5365542999934295, 0.5365542999934294, 0.5365542999934294, 0.5340846499963215, 0.5337927844271654, 0.5099334423367263, 0.4687538975626599, 0.46744830526059705, 0.46744830526059705, 0.46717419692787365]
