{
  "pattern": {
    "panels": {
      "skirt_back": {
        "translation": [
          -27.0,
          20.772500000000008,
          -20.0
        ],
        "rotation": [
          0.0,
          0.0,
          0.0
        ],
        "vertices": [
          [
            0.0,
            0.0
          ],
          [
            0,
            72.84441118950255
          ],
          [
            1.349272719456387,
            88.47896182871436
          ],
          [
            12.391221924050857,
            88.47896182871436
          ],
          [
            13.297285257711192,
            76.45210436910263
          ],
          [
            14.203348591371526,
            88.47896182871436
          ],
          [
            18.761898530270045,
            88.47896182871436
          ],
          [
            19.66796186393038,
            75.10858361494915
          ],
          [
            20.574025197590714,
            88.47896182871436
          ],
          [
            34.249675160605044,
            88.47896182871436
          ],
          [
            35.15573849426538,
            75.10858361494915
          ],
          [
            36.06180182792571,
            88.47896182871436
          ],
          [
            40.62035162512137,
            88.47896182871436
          ],
          [
            41.526414958781714,
            76.45210436910263
          ],
          [
            42.43247829244204,
            88.47896182871436
          ],
          [
            53.474427280543615,
            88.47896182871436
          ],
          [
            54.8237,
            72.84441118950255
          ],
          [
            54.8237,
            0.0
          ],
          [
            53.82369977206506,
            0.0
          ],
          [
            41.11777477206506,
            15.060194882350459
          ],
          [
            28.41184977206506,
            0.0
          ],
          [
            26.411849718764916,
            0.0
          ],
          [
            13.705924718764912,
            15.060194882350459
          ],
          [
            0.999999718764915,
            0.0
          ]
        ],
        "edges": [
          {
            "endpoints": [
              0,
              1
            ]
          },
          {
            "endpoints": [
              1,
              2
            ],
            "curvature": {
              "type": "quadratic",
              "params": [
                [
                  0.4980453962581381,
                  0.04298166013446693
                ]
              ]
            }
          },
          {
            "endpoints": [
              2,
              3
            ],
            "label": "lower_interface"
          },
          {
            "endpoints": [
              3,
              4
            ]
          },
          {
            "endpoints": [
              4,
              5
            ]
          },
          {
            "endpoints": [
              5,
              6
            ],
            "label": "lower_interface"
          },
          {
            "endpoints": [
              6,
              7
            ]
          },
          {
            "endpoints": [
              7,
              8
            ]
          },
          {
            "endpoints": [
              8,
              9
            ],
            "label": "lower_interface"
          },
          {
            "endpoints": [
              9,
              10
            ]
          },
          {
            "endpoints": [
              10,
              11
            ]
          },
          {
            "endpoints": [
              11,
              12
            ],
            "label": "lower_interface"
          },
          {
            "endpoints": [
              12,
              13
            ]
          },
          {
            "endpoints": [
              13,
              14
            ]
          },
          {
            "endpoints": [
              14,
              15
            ],
            "label": "lower_interface"
          },
          {
            "endpoints": [
              15,
              16
            ],
            "curvature": {
              "type": "quadratic",
              "params": [
                [
                  0.5019546014281808,
                  0.04298166025764152
                ]
              ]
            }
          },
          {
            "endpoints": [
              16,
              17
            ]
          },
          {
            "endpoints": [
              17,
              18
            ]
          },
          {
            "endpoints": [
              18,
              19
            ]
          },
          {
            "endpoints": [
              19,
              20
            ]
          },
          {
            "endpoints": [
              20,
              21
            ]
          },
          {
            "endpoints": [
              21,
              22
            ]
          },
          {
            "endpoints": [
              22,
              23
            ]
          },
          {
            "endpoints": [
              23,
              0
            ]
          }
        ],
        "label": "leg"
      },
      "skirt_front": {
        "translation": [
          -24.0,
          21.772500000000008,
          25.0
        ],
        "rotation": [
          0.0,
          0.0,
          0.0
        ],
        "vertices": [
          [
            0.0,
            0.0
          ],
          [
            1.0000002291341339,
            0.0
          ],
          [
            12.163575229134132,
            16.236520354416314
          ],
          [
            23.32715022913413,
            0.0
          ],
          [
            25.32715032294541,
            0.0
          ],
          [
            36.49072532294541,
            16.236520354416314
          ],
          [
            47.6543003229454,
            0.0
          ],
          [
            48.65429999999999,
            0.0
          ],
          [
            48.65429999999999,
            72.84441118950255
          ],
          [
            47.55855116804811,
            87.73445941732332
          ],
          [
            1.0957488319518802,
            87.73445941732332
          ],
          [
            0,
            72.84441118950255
          ]
        ],
        "edges": [
          {
            "endpoints": [
              0,
              1
            ]
          },
          {
            "endpoints": [
              1,
              2
            ]
          },
          {
            "endpoints": [
              2,
              3
            ]
          },
          {
            "endpoints": [
              3,
              4
            ]
          },
          {
            "endpoints": [
              4,
              5
            ]
          },
          {
            "endpoints": [
              5,
              6
            ]
          },
          {
            "endpoints": [
              6,
              7
            ]
          },
          {
            "endpoints": [
              7,
              8
            ]
          },
          {
            "endpoints": [
              8,
              9
            ],
            "curvature": {
              "type": "quadratic",
              "params": [
                [
                  0.49855453862495536,
                  -0.03668751570699061
                ]
              ]
            }
          },
          {
            "endpoints": [
              9,
              10
            ],
            "label": "lower_interface"
          },
          {
            "endpoints": [
              10,
              11
            ],
            "curvature": {
              "type": "quadratic",