{
  "pattern": {
    "panels": {
      "skirt_back": {
        "translation": [
          -33.5193662900014,
          -7.904362473248597,
          -20.0
        ],
        "rotation": [
          0.0,
          0.0,
          0.0
        ],
        "vertices": [
          [
            -0.10751629000139928,
            0.0
          ],
          [
            6,
            80.10606997324861
          ],
          [
            8.127992822930928,
            104.76395497324862
          ],
          [
            16.29951807728598,
            104.76395497324862
          ],
          [
            17.72850737155325,
            85.79590945701057
          ],
          [
            19.157496665820517,
            104.76395497324862
          ],
          [
            23.716046605358557,
            104.76395497324862
          ],
          [
            25.145035899625825,
            83.67698829224469
          ],
          [
            26.574025193893092,
            104.76395497324862
          ],
          [
            40.24967517337137,
            104.76395497324862
          ],
          [
            41.67866446763864,
            83.67698829224469
          ],
          [
            43.10765376190591,
            104.76395497324862
          ],
          [
            47.66620363029078,
            104.76395497324862
          ],
          [
            49.09519292455805,
            85.79590945701057
          ],
          [
            50.52418221882532,
            104.76395497324862
          ],
          [
            58.695707177069075,
            104.76395497324862
          ],
          [
            60.8237,
            80.10606997324861
          ],
          [
            66.9312162900014,
            0.0
          ],
          [
            64.43121606768057,
            0.0
          ],
          [
            53.06239906677849,
            1.0
          ],
          [
            41.69358206587641,
            0.0
          ],
          [
            36.69358203383089,
            0.0
          ],
          [
            25.32476503292882,
            1.0
          ],
          [
            13.955948032026747,
            0.0
          ]
        ],
        "edges": [
          {
            "endpoints": [
              0,
              1
            ],
            "curvature": {
              "type": "quadratic",
              "params": [
                [
                  0.7307711006591319,
                  -0.020526683027472833
                ]
              ]
            }
          },
          {
            "endpoints": [
              1,
              2
            ],
            "curvature": {
              "type": "quadratic",
              "params": [
                [
                  0.4980453961474161,
                  0.04298166012491112
                ]
              ]
            }
          },
          {
            "endpoints": [
              2,
              3
            ]
          },
          {
            "endpoints": [
              3,
              4
            ]
          },
          {
            "endpoints": [
              4,
              5
            ]
          },
          {
            "endpoints": [
              5,
              6
            ]
          },
          {
            "endpoints": [
              6,
              7
            ]
          },
          {
            "endpoints": [
              7,
              8
            ]
          },
          {
            "endpoints": [
              8,
              9
            ]
          },
          {
            "endpoints": [
              9,
              10
            ]
          },
          {
            "endpoints": [
              10,
              11
            ]
          },
          {
            "endpoints": [
              11,
              12
            ]
          },
          {
            "endpoints": [
              12,
              13
            ]
          },
          {
            "endpoints": [
              13,
              14
            ]
          },
          {
            "endpoints": [
              14,
              15
            ]
          },
          {
            "endpoints": [
              15,
              16
            ],
            "curvature": {
              "type": "quadratic",
              "params": [
                [
                  0.5019546015423779,
                  0.042981660247787885
                ]
              ]
            }
          },
          {
            "endpoints": [
              16,
              17
            ],
            "curvature": {
              "type": "quadratic",
              "params": [
                [
                  0.2692288883845718,
                  -0.020526682152754674
                ]
              ]
            }
          },
          {
            "endpoints": [
              17,
              18
            ]
          },
          {
            "endpoints": [
              18,
              19
            ]
          },
          {
            "endpoints": [
              19,
              20
            ]
          },
          {
            "endpoints": [
              20,
              21
            ]
          },
          {
            "endpoints": [
              21,
              22
            ]
          },
          {
            "endpoints": [
              22,
              23
            ]
          },
          {
            "endpoints": [
              23,
              0
            ]
          }
        ],
        "label": "leg"
      },
      "skirt_front": {
        "translation": [
          -30.5193662900014,
          -6.904362473248597,
          25.0
        ],
        "rotation": [
          0.0,
          0.0,
          0.0
        ],
        "vertices": [
          [
            -0.10751629000139928,
            0.0
          ],
          [
            2.3924838932576797,
            0.0
          ],
          [
            13.761300894159753,
            1.0
          ],
          [
            25.130117895061822,
            0.0
          ],
          [
            30.130118073220316,
            0.0
          ],
          [
            41.498935074122386,
            1.0
          ],
          [
            52.867752075024455,
            0.0
          ],
          [
            60.76181629000139,
            0.0
          ],
          [
            54.65429999999999,
            80.10606997324861
          ],
          [
            52.92614999999999,
            103.58976997324861
          ],
          [
            7.728149999999999,
            103.58976997324861
          ],
          [
            6,
            80.10606997324861
          ]
        ],
        "edges": [
          {
            "endpoints": [
              0,
              1
            ]
          },
          {
            "endpoints": [
              1,
              2
            ]
          },
          {
            "endpoints": [
              2,
              3
            ]
          },
          {
            "endpoints": [
              3,
              4
            ]
          },
          {
            "endpoints": [
              4,
              5
            ]
          },
          {
            "endpoints": [
              5,
              6
            ]
          },
          {
            "endpoints": [
              6,
              7
            ]
          },
          {
            "endpoints": [
              7,
              8
            ],
            "curvature": {
              "type": "quadratic",
              "params": [
                [
                  0.7307711116154282,
                  0.020526682152754674
                ]
              ]
            }
          },
          {
            "endpoints": [
              8,
              9
            ],
            "curvature": {
              "type": "quadratic",