{
  "pattern": {
    "panels": {
      "wb_front": {
        "translation": [
          -22.647883643283564,
          108.77250000000001,
          20.0
        ],
        "rotation": [
          0.0,
          0.0,
          0.0
        ],
        "vertices": [
          [
            -0.6478836432835635,
            0
          ],
          [
            -1.084778711435252,
            -4.676375661452439
          ],
          [
            45.08477871143525,
            -4.676375661452439
          ],
          [
            44.64788364328356,
            0
          ]
        ],
        "edges": [
          {
            "endpoints": [
              0,
              1
            ]
          },
          {
            "endpoints": [
              1,
              2
            ],
            "curvature": {
              "type": "circle",
              "params": [
                248.16760698132336,
                0,
                1
              ]
            }
          },
          {
            "endpoints": [
              2,
              3
            ]
          },
          {
            "endpoints": [
              3,
              0
            ],
            "label": "lower_interface",
            "curvature": {
              "type": "circle",
              "params": [
                243.47086698132338,
                0,
                0
              ]
            }
          }
        ],
        "label": "body"
      },
      "wb_back": {
        "translation": [
          -19.495926978481965,
          108.77250000000001,
          -15.0
        ],
        "rotation": [
          0.0,
          0.0,
          0.0
        ],
        "vertices": [
          [
            -0.49592697848196465,
            0
          ],
          [
            38.49592697848196,
            0
          ],
          [
            39.948600450085195,
            -4.4664422544683395
          ],
          [
            30.283302458495154,
            -6.8410382605067
          ],
          [
            25.790267011870128,
            -7.446265462164597
          ],
          [
            12.209733338786412,
            -7.446265497497471
          ],
          [
            7.716697763371675,
            -6.841038297991638
          ],
          [
            -1.9486004500851948,
            -4.4664422544683395
          ]
        ],
        "edges": [
          {
            "endpoints": [
              0,
              1
            ],
            "label": "lower_interface",
            "curvature": {
              "type": "circle",
              "params": [
                63.03364236138937,
                0,
                1
              ]
            }
          },
          {
            "endpoints": [
              1,
              2
            ]
          },
          {
            "endpoints": [
              2,
              3
            ],
            "curvature": {
              "type": "circle",
              "params": [
                67.73038236140093,
                0,
                0
              ]
            }
          },
          {
            "endpoints": [
              3,
              4
            ],
            "curvature": {
              "type": "circle",
              "params": [
                67.73038236134953,
                0,
                0
              ]
            }
          },
          {
            "endpoints": [
              4,
              5
            ],
            "curvature": {
              "type": "circle",
              "params": [
                67.73038236139713,
                0,
                0
              ]
            }
          },
          {
            "endpoints": [
              5,
              6
            ],
            "curvature": {
              "type": "circle",
              "params": [
                67.73038236135936,
                0,
                0
              ]
            }
          },
          {
            "endpoints": [
              6,
              7
            ],
            "curvature": {
              "type": "circle",
              "params": [
                67.73038236139108,
                0,
                0
              ]
            }
          },
          {
            "endpoints": [
              7,
              0
            ]
          }
        ],
        "label": "body"
      },
      "skirt_front": {
        "translation": [
          -28.29644948603536,
          59.39851061890468,
          25.0
        ],
        "rotation": [
          0.0,
          0.0,
          0.0
        ],
        "vertices": [
          [
            -0.8845994860353557,
            -0.6253956621036139
          ],
          [
            55.53889948603535,
            -29.374604337896386
          ],
          [
            51.84972641318754,
            12.736816467486584
          ],
          [
            51.65429999999999,
            19.706741214994473
          ],
          [
            50.332213264218815,
            37.672478145853695
          ],
          [
            4.322086735781177,
            37.672478145853695
          ],
          [
            3,
            19.706741214994473
          ]
        ],
        "edges": [
          {
            "endpoints": [
              0,
              1
            ]
          },
          {
            "endpoints": [
              1,
              2
            ],
            "curvature": {
              "type": "quadratic",
              "params": [
                [
                  0.6669921124160028,
                  0.013123662691370715
                ]
              ]
            }
          },
          {
            "endpoints": [
              2,
              3
            ],
            "curvature": {
              "type": "quadratic",
              "params": [
                [
                  0.5841013408835338,
                  0.01166120436589453
                ]
              ]
            }
          },
          {
            "endpoints": [
              3,
              4
            ],
            "curvature": {
              "type": "quadratic",
              "params": [
                [
                  0.49855453864191623,
                  -0.03668751570831624
                ]
              ]
            }
          },
          {
            "endpoints": [
              4,
              5
            ]
          },
          {
            "endpoints": [
              5,
              6
            ],
            "curvature": {
              "type": "quadratic",
              "params": [
                [
                  0.5014454624570132,
                  -0.036687515675501464
                ]
              ]
            }
          },
          {
            "endpoints": [
              6,
              0
            ],
            "curvature": {
              "type": "quadratic",
              "params": [
                [
                  0.24693080286781688,
                  0.04717815209241891
                ]
              ]
            }
          }
        ],
        "label": "leg"
      },
      "skirt_back": {
        "translation": [
          -31.29644948603536,
          59.970243772960146,
          -20.0
        ],
        "rotation": [
          0.0,
          0.0,
          0.0
        ],