{
  "pattern": {
    "panels": {
      "skirt_back": {
        "translation": [
          -26.27355687945875,
          8.812971567519341,
          -20.0
        ],
        "rotation": [
          0.0,
          0.0,
          0.0
        ],
        "vertices": [
          [
            -0.8617068794587475,
            0.0
          ],
          [
            -1.9267936971337,
            55.6156445937148
          ],
          [
            -2,
            66.12267236866438
          ],
          [
            -0.034106795544957436,
            88.90224569963485
          ],
          [
            8.734930488952525,
            88.90224569963485
          ],
          [
            10.055066681409135,
            71.37908895758943
          ],
          [
            11.375202873865746,
            88.90224569963485
          ],
          [
            15.933752811749766,
            88.90224569963485
          ],
          [
            17.25388900420638,
            69.42157637873973
          ],
          [
            18.574025196662987,
            88.90224569963485
          ],
          [
            32.24967515339507,
            88.90224569963485
          ],
          [
            33.569811345851676,
            69.42157637873973
          ],
          [
            34.889947538308284,
            88.90224569963485
          ],
          [
            39.44849739658505,
            88.90224569963485
          ],
          [
            40.768633589041656,
            71.37908895758943
          ],
          [
            42.08876978149827,
            88.90224569963485
          ],
          [
            50.85780679554496,
            88.90224569963485
          ],
          [
            52.8237,
            66.12267236866438
          ],
          [
            51.68540687945875,
            0.0
          ]
        ],
        "edges": [
          {
            "endpoints": [
              0,
              1
            ],
            "curvature": {
              "type": "quadratic",
              "params": [
                [
                  0.6657329141769055,
                  0.00252734656866611
                ]
              ]
            }
          },
          {
            "endpoints": [
              1,
              2
            ],
            "curvature": {
              "type": "quadratic",
              "params": [
                [
                  0.601257749199019,
                  0.002778155199968956
                ]
              ]
            }
          },
          {
            "endpoints": [
              2,
              3
            ],
            "curvature": {
              "type": "quadratic",
              "params": [
                [
                  0.4980453962580173,
                  0.04298166013445659
                ]
              ]
            }
          },
          {
            "endpoints": [
              3,
              4
            ]
          },
          {
            "endpoints": [
              4,
              5
            ]
          },
          {
            "endpoints": [
              5,
              6
            ]
          },
          {
            "endpoints": [
              6,
              7
            ]
          },
          {
            "endpoints": [
              7,
              8
            ]
          },
          {
            "endpoints": [
              8,
              9
            ]
          },
          {
            "endpoints": [
              9,
              10
            ]
          },
          {
            "endpoints": [
              10,
              11
            ]
          },
          {
            "endpoints": [
              11,
              12
            ]
          },
          {
            "endpoints": [
              12,
              13
            ]
          },
          {
            "endpoints": [
              13,
              14
            ]
          },
          {
            "endpoints": [
              14,
              15
            ]
          },
          {
            "endpoints": [
              15,
              16
            ]
          },
          {
            "endpoints": [
              16,
              17
            ],
            "curvature": {
              "type": "quadratic",
              "params": [
                [
                  0.5019546015423715,
                  0.04298166024778719
                ]
              ]
            }
          },
          {
            "endpoints": [
              17,
              18
            ],
            "curvature": {
              "type": "quadratic",
              "params": [
                [
                  0.24978608887346526,
                  0.004300017295494704
                ]
              ]
            }
          },
          {
            "endpoints": [
              18,
              0
            ]
          }
        ],
        "label": "leg"
      },
      "skirt_front": {
        "translation": [
          -23.27355687945875,
          9.812971567519341,
          25.0
        ],
        "rotation": [
          0.0,
          0.0,
          0.0
        ],
        "vertices": [
          [
            -0.8617068794587475,
            0.0
          ],
          [
            45.51600687945874,
            0.0
          ],
          [
            46.65429999999999,
            66.12267236866438
          ],
          [
            45.0577916355593,
            87.81750411244577
          ],
          [
            -0.40349163555930545,
            87.81750411244577
          ],
          [
            -2,
            66.12267236866438
          ],
          [
            -1.9267936971337,
            55.6156445937148
          ]
        ],
        "edges": [
          {
            "endpoints": [
              0,
              1
            ]
          },
          {
            "endpoints": [
              1,
              2
            ],
            "curvature": {
              "type": "quadratic",
              "params": [
                [
                  0.7502139111265347,
                  -0.004300017295494704
                ]
              ]
            }
          },
          {
            "endpoints": [
              2,
              3
            ],
            "curvature": {
              "type": "quadratic",
              "params": [
                [
                  0.4985545386253931,
                  -0.03668751570703506
                ]
              ]
            }
          },
          {
            "endpoints": [
              3,
              4
            ]
          },
          {
            "endpoints": [
              4,
              5
            ],
            "curvature": {
              "type": "quadratic",
              "params": [
                [
                  0.5014454624838185,
                  -0.03668751567347165
                ]
              ]
            }
          },
          {
            "endpoints": [
              5,
              6
            ],
            "curvature": {
              "type": "quadratic",
              "params": [
                [
                  0.398742250800981,
                  -0.002778155199968956
                ]
              ]
            }
          },
          {
            "endpoints": [
              6,
              0
            ],
            "curvature": {
              "type": "quadratic",
              "params": [
                [
                  0.3342670858230945,
                  -0.00252734656866611
                ]
              ]
            }
          }
        ],
        "label": "leg"
      },
      "wb_front": {
        "translation": [
          -22.565001190024535,
          108.77250000000001,
          20.0
        ],
        "rotation": [
          0.0,
          0.0,
          0.0
        ],