Generation,BestFitness,AvgFitness,SurvivalRate,AvgChildFitness,AllFitnesses
1,0.5606560053005627,0.4903786710270592,0.8,0.46843744920211544,[0.5606560053005627, 0.5191492661199318, 0.5110272794474257, 0.49335051334240154, 0.4774164000496938, 0.46875389756265984, 0.46875389756265984, 0.4685869866927523, 0.46838742204179074, 0.46770504215071473]
2,0.5606560053005627,0.49020426399338346,1.0,0.46808863513476384,[0.5606560053005627, 0.5191492661199318, 0.5110272794474257, 0.49335051334240154, 0.4774164000496938, 0.46875389756265984, 0.46875389756265984, 0.4685869866927524, 0.46717419692787365, 0.4671741969278736]
3,0.5606560053005627,0.4965889873867737,0.8,0.47169666163664836,[0.5606560053005627, 0.5232235014741732, 0.5191492661199318, 0.5110272794474257, 0.49335051334240154, 0.4774164000496938, 0.4774164000496938, 0.4687538975626598, 0.46744830526059705, 0.46744830526059694]
4,0.5606560053005627,0.4965376466979328,1.0,0.4715939802589665,[0.5606560053005627, 0.5232235014741732, 0.5191492661199318, 0.5110272794474257, 0.49335051334240154, 0.488117764386796, 0.46775187152614445, 0.46775187152614445, 0.4671741969278737, 0.4671741969278736]
5,0.5606560053005627,0.49438725432133984,1.0,0.46729319550578063,[0.5606560053005627, 0.5232235014741732, 0.5191492661199318, 0.5110272794474257, 0.49335051334240154, 0.46744830526059694, 0.4674483052605969, 0.4672209731519623, 0.46717419692787365, 0.4671741969278736]
