{
  "pattern": {
    "panels": {
      "skirt_back": {
        "translation": [
          -27.0,
          38.74959746617,
          -20.0
        ],
        "rotation": [
          0.0,
          0.0,
          0.0
        ],
        "vertices": [
          [
            0.0,
            -0.022902533830006178
          ],
          [
            0,
            53.7449900464742
          ],
          [
            1.4618761739434518,
            70.68432094689034
          ],
          [
            12.088760130856809,
            70.68432094689034
          ],
          [
            13.070438912664144,
            57.65376299215452
          ],
          [
            14.05211769447148,
            70.68432094689034
          ],
          [
            18.61066763389804,
            70.68432094689034
          ],
          [
            19.59234641570537,
            56.198118813350696
          ],
          [
            20.57402519751271,
            70.68432094689034
          ],
          [
            34.249675160068264,
            70.68432094689034
          ],
          [
            35.231353941875604,
            56.198118813350696
          ],
          [
            36.213032723682936,
            70.68432094689034
          ],
          [
            40.77158252343515,
            70.68432094689034
          ],
          [
            41.75326130524248,
            57.65376299215452
          ],
          [
            42.73494008704982,
            70.68432094689034
          ],
          [
            53.36182382605655,
            70.68432094689034
          ],
          [
            54.8237,
            53.7449900464742
          ],
          [
            54.8237,
            -19.977097466169994
          ],
          [
            28.35154234966447,
            -10.342020044645537
          ],
          [
            28.611832569610947,
            -6.703074142674637
          ],
          [
            26.472157108092652,
            -9.657979757994198
          ]
        ],
        "edges": [
          {
            "endpoints": [
              0,
              1
            ]
          },
          {
            "endpoints": [
              1,
              2
            ],
            "curvature": {
              "type": "quadratic",
              "params": [
                [
                  0.4980453962581381,
                  0.04298166013446693
                ]
              ]
            }
          },
          {
            "endpoints": [
              2,
              3
            ],
            "label": "lower_interface"
          },
          {
            "endpoints": [
              3,
              4
            ]
          },
          {
            "endpoints": [
              4,
              5
            ]
          },
          {
            "endpoints": [
              5,
              6
            ],
            "label": "lower_interface"
          },
          {
            "endpoints": [
              6,
              7
            ]
          },
          {
            "endpoints": [
              7,
              8
            ]
          },
          {
            "endpoints": [
              8,
              9
            ],
            "label": "lower_interface"
          },
          {
            "endpoints": [
              9,
              10
            ]
          },
          {
            "endpoints": [
              10,
              11
            ]
          },
          {
            "endpoints": [
              11,
              12
            ],
            "label": "lower_interface"
          },
          {
            "endpoints": [
              12,
              13
            ]
          },
          {
            "endpoints": [
              13,
              14
            ]
          },
          {
            "endpoints": [
              14,
              15
            ],
            "label": "lower_interface"
          },
          {
            "endpoints": [
              15,
              16
            ],
            "curvature": {
              "type": "quadratic",
              "params": [
                [
                  0.5019546015423715,
                  0.042981660247787185
                ]
              ]
            }
          },
          {
            "endpoints": [
              16,
              17
            ]
          },
          {
            "endpoints": [
              17,
              18
            ]
          },
          {
            "endpoints": [
              18,
              19
            ]
          },
          {
            "endpoints": [
              19,
              20
            ]
          },
          {
            "endpoints": [
              20,
              0
            ]
          }
        ],
        "label": "leg"
      },
      "skirt_front": {
        "translation": [
          -24.0,
          38.62685848452905,
          25.0
        ],
        "rotation": [
          0.0,
          0.0,
          0.0
        ],
        "vertices": [
          [
            0.0,
            -0.14564151547095605
          ],
          [
            48.65429999999999,
            -17.854358484529044
          ],
          [
            48.65429999999999,
            54.7449900464742
          ],
          [
            47.467105530743844,
            70.87768614210862
          ],
          [
            1.1871944692561485,
            70.87768614210862
          ],
          [
            0,
            54.7449900464742
          ]
        ],
        "edges": [
          {
            "endpoints": [
              0,
              1
            ]
          },
          {
            "endpoints": [
              1,
              2
            ]
          },
          {
            "endpoints": [
              2,
              3
            ],
            "curvature": {
              "type": "quadratic",
              "params": [
                [
                  0.49855453857354093,
                  -0.03668751570319716
                ]
              ]
            }
          },
          {
            "endpoints": [
              3,
              4
            ],
            "label": "lower_interface"
          },
          {
            "endpoints": [
              4,
              5
            ],
            "curvature": {
              "type": "quadratic",
              "params": [
                [
                  0.5014454625202256,
                  -0.036687515670738115
                ]
              ]
            }
          },
          {
            "endpoints": [
              5,
              0
            ]
          }
        ],
        "label": "leg"
      }
    },
    "stitches": [
      [
        {
          "panel": "skirt_back",
          "edge": 3
        },
        {
          "panel": "skirt_back",
          "edge": 4
        }
      ],
      [
        {
          "panel": "skirt_back",
          "edge": 6
        },
        {
          "panel": "skirt_back",
          "edge": 7
        }
      ],
      [
        {
          "panel": "skirt_back",
          "edge": 9
        },
        {
          "panel": "skirt_back",
          "edge": 10
        }
      ],
      [
        {
          "panel": "skirt_back",
          "edge": 12
        },
        {
          "panel": "skirt_back",
          "edge": 13
        }
      ],
      [
        {
          "panel": "skirt_front",
          "edge": 5
        },
        {
          "panel": "skirt_back",
          "edge": 0
        }
      ],
      [
        {
          "panel": "skirt_front",
          "edge": 4
        },
        {
          "panel": "skirt_back",
          "edge": 1
        }
      ],
      [
        {
          "panel": "skirt_front",
          "edge": 2
        },
        {
          "panel": "skirt_back",
          "edge": 15
        }
      ],
      [
        {
          "panel": "skirt_front",