{
  "pattern": {
    "panels": {
      "skirt_back": {
        "translation": [
          -21.753514745195275,
          39.77250000000001,
          -20.0
        ],
        "rotation": [
          0.0,
          0.0,
          0.0
        ],
        "vertices": [
          [
            -0.7535147451952753,
            0.0
          ],
          [
            -6,
            50.787778234674455
          ],
          [
            -4.383709779462947,
            69.51636507724434
          ],
          [
            5.673991776153622,
            69.51636507724434
          ],
          [
            6.759362646152699,
            55.10942434876408
          ],
          [
            7.844733516151777,
            69.51636507724434
          ],
          [
            12.403283457507252,
            69.51636507724434
          ],
          [
            13.488654327506328,
            53.500024392244
          ],
          [
            14.574025197505406,
            69.51636507724434
          ],
          [
            28.249675163503927,
            69.51636507724434
          ],
          [
            29.335046033503005,
            53.500024392244
          ],
          [
            30.42041690350208,
            69.51636507724434
          ],
          [
            34.97896671049643,
            69.51636507724434
          ],
          [
            36.064337580495504,
            55.10942434876408
          ],
          [
            37.149708450494586,
            69.51636507724434
          ],
          [
            47.20740977946295,
            69.51636507724434
          ],
          [
            48.8237,
            50.787778234674455
          ],
          [
            45.05083097497014,
            10.962252200782743
          ],
          [
            43.57721474519528,
            0.0
          ],
          [
            22.41184977099842,
            0.0
          ],
          [
            21.411849770998423,
            37.665544188531946
          ],
          [
            20.41184977099842,
            0.0
          ]
        ],
        "edges": [
          {
            "endpoints": [
              0,
              1
            ],
            "curvature": {
              "type": "quadratic",
              "params": [
                [
                  0.7503791243341555,
                  0.025786141837559794
                ]
              ]
            }
          },
          {
            "endpoints": [
              1,
              2
            ],
            "curvature": {
              "type": "quadratic",
              "params": [
                [
                  0.49804539625805627,
                  0.042981660134458914
                ]
              ]
            }
          },
          {
            "endpoints": [
              2,
              3
            ],
            "label": "lower_interface"
          },
          {
            "endpoints": [
              3,
              4
            ]
          },
          {
            "endpoints": [
              4,
              5
            ]
          },
          {
            "endpoints": [
              5,
              6
            ],
            "label": "lower_interface"
          },
          {
            "endpoints": [
              6,
              7
            ]
          },
          {
            "endpoints": [
              7,
              8
            ]
          },
          {
            "endpoints": [
              8,
              9
            ],
            "label": "lower_interface"
          },
          {
            "endpoints": [
              9,
              10
            ]
          },
          {
            "endpoints": [
              10,
              11
            ]
          },
          {
            "endpoints": [
              11,
              12
            ],
            "label": "lower_interface"
          },
          {
            "endpoints": [
              12,
              13
            ]
          },
          {
            "endpoints": [
              13,
              14
            ]
          },
          {
            "endpoints": [
              14,
              15
            ],
            "label": "lower_interface"
          },
          {
            "endpoints": [
              15,
              16
            ],
            "curvature": {
              "type": "quadratic",
              "params": [
                [
                  0.501954601541422,
                  0.042981660247867474
                ]
              ]
            }
          },
          {
            "endpoints": [
              16,
              17
            ],
            "curvature": {
              "type": "quadratic",
              "params": [
                [
                  0.2704018832881578,
                  0.0256162654709084
                ]
              ]
            }
          },
          {
            "endpoints": [
              17,
              18
            ],
            "curvature": {
              "type": "quadratic",
              "params": [
                [
                  0.4732290079931267,
                  0.001929185989451473
                ]
              ]
            }
          },
          {
            "endpoints": [
              18,
              19
            ]
          },
          {
            "endpoints": [
              19,
              20
            ]
          },
          {
            "endpoints": [
              20,
              21
            ]
          },
          {
            "endpoints": [
              21,
              0
            ]
          }
        ],
        "label": "leg"
      },
      "skirt_front": {
        "translation": [
          -18.753514745195275,
          40.77250000000001,
          25.0
        ],
        "rotation": [
          0.0,
          0.0,
          0.0
        ],
        "vertices": [
          [
            -0.7535147451952753,
            0.0
          ],
          [
            17.327149802187435,
            0.0
          ],
          [
            18.32714980218744,
            38.08389815971835
          ],
          [
            19.327149802187435,
            0.0
          ],
          [
            37.40781474519527,
            0.0
          ],
          [
            38.88143097497013,
            10.962252200782743
          ],
          [
            42.65429999999999,
            50.787778234674455
          ],
          [
            41.341705373494634,
            68.62452760855054
          ],
          [
            -4.687405373494645,
            68.62452760855054
          ],
          [
            -6,
            50.787778234674455
          ]
        ],
        "edges": [
          {
            "endpoints": [
              0,
              1
            ]
          },
          {
            "endpoints": [
              1,
              2
            ]
          },
          {
            "endpoints": [
              2,
              3
            ]
          },
          {
            "endpoints": [
              3,
              4
            ]
          },
          {
            "endpoints": [
              4,
              5
            ],
            "curvature": {
              "type": "quadratic",
              "params": [
                [
                  0.5267709920068733,
                  -0.001929185989451473
                ]
              ]
            }
          },
          {
            "endpoints": [
              5,
              6
            ],
            "curvature": {
              "type": "quadratic",
              "params": [
                [
                  0.7295981167118422,
                  -0.025616265470908582
                ]
              ]
            }
          },
          {
            "endpoints": [
              6,
              7
            ],
            "curvature": {
              "type": "quadratic",