{
  "pattern": {
    "panels": {
      "skirt_back": {
        "translation": [
          -21.88452258246782,
          11.772500000000008,
          -20.0
        ],
        "rotation": [
          0.0,
          0.0,
          0.0
        ],
        "vertices": [
          [
            -0.8845225824678202,
            0.0
          ],
          [
            -6,
            72.53851704507045
          ],
          [
            -3.8720071770690723,
            97.19640204507044
          ],
          [
            4.299518077285981,
            97.19640204507044
          ],
          [
            5.728507371553249,
            78.22835652883239
          ],
          [
            7.157496665820517,
            97.19640204507044
          ],
          [
            11.716046605358555,
            97.19640204507044
          ],
          [
            13.145035899625823,
            76.10943536406651
          ],
          [
            14.574025193893092,
            97.19640204507044
          ],
          [
            28.249675173371372,
            97.19640204507044
          ],
          [
            29.67866446763864,
            76.10943536406651
          ],
          [
            31.107653761905908,
            97.19640204507044
          ],
          [
            35.66620363029078,
            97.19640204507044
          ],
          [
            37.09519292455805,
            78.22835652883239
          ],
          [
            38.52418221882532,
            97.19640204507044
          ],
          [
            46.695707177069075,
            97.19640204507044
          ],
          [
            48.8237,
            72.53851704507045
          ],
          [
            44.7237622062037,
            10.621993915612975
          ],
          [
            43.708222582467826,
            0.0
          ],
          [
            22.41184977637705,
            0.0
          ],
          [
            21.41184977637705,
            1.7803431681623465
          ],
          [
            20.41184977637705,
            0.0
          ]
        ],
        "edges": [
          {
            "endpoints": [
              0,
              1
            ],
            "curvature": {
              "type": "quadratic",
              "params": [
                [
                  0.7236369081408905,
                  0.019489634846866083
                ]
              ]
            }
          },
          {
            "endpoints": [
              1,
              2
            ],
            "curvature": {
              "type": "quadratic",
              "params": [
                [
                  0.4980453961471247,
                  0.04298166012488582
                ]
              ]
            }
          },
          {
            "endpoints": [
              2,
              3
            ],
            "label": "lower_interface"
          },
          {
            "endpoints": [
              3,
              4
            ]
          },
          {
            "endpoints": [
              4,
              5
            ]
          },
          {
            "endpoints": [
              5,
              6
            ],
            "label": "lower_interface"
          },
          {
            "endpoints": [
              6,
              7
            ]
          },
          {
            "endpoints": [
              7,
              8
            ]
          },
          {
            "endpoints": [
              8,
              9
            ],
            "label": "lower_interface"
          },
          {
            "endpoints": [
              9,
              10
            ]
          },
          {
            "endpoints": [
              10,
              11
            ]
          },
          {
            "endpoints": [
              11,
              12
            ],
            "label": "lower_interface"
          },
          {
            "endpoints": [
              12,
              13
            ]
          },
          {
            "endpoints": [
              13,
              14
            ]
          },
          {
            "endpoints": [
              14,
              15
            ],
            "label": "lower_interface"
          },
          {
            "endpoints": [
              15,
              16
            ],
            "curvature": {
              "type": "quadratic",
              "params": [
                [
                  0.5019546015423715,
                  0.042981660247787205
                ]
              ]
            }
          },
          {
            "endpoints": [
              16,
              17
            ],
            "curvature": {
              "type": "quadratic",
              "params": [
                [
                  0.2900295618391507,
                  0.01920523083178865
                ]
              ]
            }
          },
          {
            "endpoints": [
              17,
              18
            ],
            "curvature": {
              "type": "quadratic",
              "params": [
                [
                  0.4832467669517899,
                  0.0010402971807274
                ]
              ]
            }
          },
          {
            "endpoints": [
              18,
              19
            ]
          },
          {
            "endpoints": [
              19,
              20
            ]
          },
          {
            "endpoints": [
              20,
              21
            ]
          },
          {
            "endpoints": [
              21,
              0
            ]
          }
        ],
        "label": "leg"
      },
      "skirt_front": {
        "translation": [
          -18.88452258246782,
          12.772500000000008,
          25.0
        ],
        "rotation": [
          0.0,
          0.0,
          0.0
        ],
        "vertices": [
          [
            -0.8845225824678202,
            0.0
          ],
          [
            17.327149807260135,
            0.0
          ],
          [
            18.327149807260138,
            22.291263994483245
          ],
          [
            19.327149807260135,
            0.0
          ],
          [
            37.538822582467816,
            0.0
          ],
          [
            38.55436220620369,
            10.621993915612975
          ],
          [
            42.65429999999999,
            72.53851704507045
          ],
          [
            40.92614999999999,
            96.02221704507045
          ],
          [
            -4.271850000000001,
            96.02221704507045
          ],
          [
            -6,
            72.53851704507045
          ]
        ],
        "edges": [
          {
            "endpoints": [
              0,
              1
            ]
          },
          {
            "endpoints": [
              1,
              2
            ]
          },
          {
            "endpoints": [
              2,
              3
            ]
          },
          {
            "endpoints": [
              3,
              4
            ]
          },
          {
            "endpoints": [
              4,
              5
            ],
            "curvature": {
              "type": "quadratic",
              "params": [
                [
                  0.5167532330482101,
                  -0.0010402971807274
                ]
              ]
            }
          },
          {
            "endpoints": [
              5,
              6
            ],
            "curvature": {
              "type": "quadratic",
              "params": [
                [
                  0.7099704381608494,
                  -0.019205230831788763
                ]
              ]
            }
          },
          {
            "endpoints": [
              6,
              7
            ],
            "curvature": {
              "type": "quadratic",