{
  "pattern": {
    "panels": {
      "skirt_back": {
        "translation": [
          -35.77165919379664,
          6.805472356890789,
          -20.0
        ],
        "rotation": [
          0.0,
          0.0,
          0.0
        ],
        "vertices": [
          [
            -0.3598091937966359,
            0.0
          ],
          [
            8,
            66.26273299855129
          ],
          [
            10.127992822930928,
            90.92061799855128
          ],
          [
            18.29951807728598,
            90.92061799855128
          ],
          [
            19.72850737155325,
            71.95257248231323
          ],
          [
            21.157496665820517,
            90.92061799855128
          ],
          [
            25.716046605358557,
            90.92061799855128
          ],
          [
            27.145035899625825,
            69.83365131754735
          ],
          [
            28.574025193893092,
            90.92061799855128
          ],
          [
            42.24967517337137,
            90.92061799855128
          ],
          [
            43.67866446763864,
            69.83365131754735
          ],
          [
            45.10765376190591,
            90.92061799855128
          ],
          [
            49.66620363029078,
            90.92061799855128
          ],
          [
            51.09519292455805,
            71.95257248231323
          ],
          [
            52.52418221882532,
            90.92061799855128
          ],
          [
            60.695707177069075,
            90.92061799855128
          ],
          [
            62.8237,
            66.26273299855129
          ],
          [
            71.18350919379664,
            0.0
          ],
          [
            36.41184963299022,
            0.0
          ],
          [
            35.41184963299022,
            10.233499591841706
          ],
          [
            34.41184963299022,
            0.0
          ]
        ],
        "edges": [
          {
            "endpoints": [
              0,
              1
            ],
            "curvature": {
              "type": "quadratic",
              "params": [
                [
                  0.7518258638569912,
                  -0.031309963739011126
                ]
              ]
            }
          },
          {
            "endpoints": [
              1,
              2
            ],
            "curvature": {
              "type": "quadratic",
              "params": [
                [
                  0.4980453961471247,
                  0.04298166012488582
                ]
              ]
            }
          },
          {
            "endpoints": [
              2,
              3
            ]
          },
          {
            "endpoints": [
              3,
              4
            ]
          },
          {
            "endpoints": [
              4,
              5
            ]
          },
          {
            "endpoints": [
              5,
              6
            ]
          },
          {
            "endpoints": [
              6,
              7
            ]
          },
          {
            "endpoints": [
              7,
              8
            ]
          },
          {
            "endpoints": [
              8,
              9
            ]
          },
          {
            "endpoints": [
              9,
              10
            ]
          },
          {
            "endpoints": [
              10,
              11
            ]
          },
          {
            "endpoints": [
              11,
              12
            ]
          },
          {
            "endpoints": [
              12,
              13
            ]
          },
          {
            "endpoints": [
              13,
              14
            ]
          },
          {
            "endpoints": [
              14,
              15
            ]
          },
          {
            "endpoints": [
              15,
              16
            ],
            "curvature": {
              "type": "quadratic",
              "params": [
                [
                  0.5019546015423715,
                  0.042981660247787205
                ]
              ]
            }
          },
          {
            "endpoints": [
              16,
              17
            ],
            "curvature": {
              "type": "quadratic",
              "params": [
                [
                  0.24817412179829712,
                  -0.03130996256270672
                ]
              ]
            }
          },
          {
            "endpoints": [
              17,
              18
            ]
          },
          {
            "endpoints": [
              18,
              19
            ]
          },
          {
            "endpoints": [
              19,
              20
            ]
          },
          {
            "endpoints": [
              20,
              0
            ]
          }
        ],
        "label": "leg"
      },
      "skirt_front": {
        "translation": [
          -32.771659193796644,
          7.805472356890789,
          25.0
        ],
        "rotation": [
          0.0,
          0.0,
          0.0
        ],
        "vertices": [
          [
            -0.359809193796643,
            0.0
          ],
          [
            65.01410919379663,
            0.0
          ],
          [
            56.65429999999999,
            66.26273299855129
          ],
          [
            54.92614999999999,
            89.74643299855128
          ],
          [
            9.72815,
            89.74643299855128
          ],
          [
            8,
            66.26273299855129
          ]
        ],
        "edges": [
          {
            "endpoints": [
              0,
              1
            ]
          },
          {
            "endpoints": [
              1,
              2
            ],
            "curvature": {
              "type": "quadratic",
              "params": [
                [
                  0.7518258783105405,
                  0.03130996254895007
                ]
              ]
            }
          },
          {
            "endpoints": [
              2,
              3
            ],
            "curvature": {
              "type": "quadratic",
              "params": [
                [
                  0.4985545385734096,
                  -0.03668751570317946
                ]
              ]
            }
          },
          {
            "endpoints": [
              3,
              4
            ]
          },
          {
            "endpoints": [
              4,
              5
            ],
            "curvature": {
              "type": "quadratic",
              "params": [
                [
                  0.5014454625191118,
                  -0.03668751567083784
                ]
              ]
            }
          },
          {
            "endpoints": [
              5,
              0
            ],
            "curvature": {
              "type": "quadratic",
              "params": [
                [
                  0.24817413602739957,
                  0.03130996372442409
                ]
              ]
            }
          }
        ],
        "label": "leg"
      },
      "wb_back": {
        "translation": [
          -19.475825264771256,
          108.77250000000001,
          -15.0
        ],
        "rotation": [
          0.0,
          0.0,
          0.0
        ],