Generation,BestFitness,AvgChildFitness,SurvivalRate,DeltaBest,SuccessRatio,CrossoverGain,MutationGain
1,0.6323874085135184,0.47754839238945157,0.6666666666666666,0.05194494234362845,0.23529411764705882,-1.4596056188234511e-05,-0.0638865646205945
2,0.6323874085135184,0.47389113701070035,0.6666666666666666,0.0,0.17647058823529413,-0.019044593808353407,-0.000274108332723344
3,0.6323874085135184,0.4799536424076707,0.6666666666666666,0.0,0.11764705882352941,-0.028114718134346028,0.026380987857464122
4,0.6323874085135184,0.5229022593900857,0.3333333333333333,0.0,0.4117647058823529,0.015876562444297214,0.03502550184183528
5,0.6323874085135184,0.4907767596963811,1.0,0.0,0.17647058823529413,-0.03344231065554265,0.03292816182608088
