{
  "pattern": {
    "panels": {
      "skirt_back": {
        "translation": [
          -33.48231607784105,
          44.863155002466364,
          -20.0
        ],
        "rotation": [
          0.0,
          0.0,
          0.0
        ],
        "vertices": [
          [
            -0.48231607784104824,
            -0.9093449975336441
          ],
          [
            6,
            41.26585976900383
          ],
          [
            7.921364237665241,
            63.52945854853786
          ],
          [
            16.854538808970993,
            63.52945854853786
          ],
          [
            18.144772918985538,
            46.40321454969272
          ],
          [
            19.43500702900008,
            63.52945854853786
          ],
          [
            23.993556979783033,
            63.52945854853786
          ],
          [
            25.283791089797575,
            44.49004111012926
          ],
          [
            26.57402519981212,
            63.52945854853786
          ],
          [
            40.24967515802426,
            63.52945854853786
          ],
          [
            41.539909268038805,
            44.49004111012926
          ],
          [
            42.83014337805335,
            63.52945854853786
          ],
          [
            47.38869322583693,
            63.52945854853786
          ],
          [
            48.67892733585147,
            46.40321454969272
          ],
          [
            49.969161445866014,
            63.52945854853786
          ],
          [
            58.902335762334765,
            63.52945854853786
          ],
          [
            60.8237,
            41.26585976900383
          ],
          [
            67.30601607784105,
            -31.09065500246635
          ]
        ],
        "edges": [
          {
            "endpoints": [
              0,
              1
            ],
            "curvature": {
              "type": "quadratic",
              "params": [
                [
                  0.7525636861755519,
                  -0.03803089052991194
                ]
              ]
            }
          },
          {
            "endpoints": [
              1,
              2
            ],
            "curvature": {
              "type": "quadratic",
              "params": [
                [
                  0.498045396320672,
                  0.04298166013986343
                ]
              ]
            }
          },
          {
            "endpoints": [
              2,
              3
            ],
            "label": "lower_interface"
          },
          {
            "endpoints": [
              3,
              4
            ]
          },
          {
            "endpoints": [
              4,
              5
            ]
          },
          {
            "endpoints": [
              5,
              6
            ],
            "label": "lower_interface"
          },
          {
            "endpoints": [
              6,
              7
            ]
          },
          {
            "endpoints": [
              7,
              8
            ]
          },
          {
            "endpoints": [
              8,
              9
            ],
            "label": "lower_interface"
          },
          {
            "endpoints": [
              9,
              10
            ]
          },
          {
            "endpoints": [
              10,
              11
            ]
          },
          {
            "endpoints": [
              11,
              12
            ],
            "label": "lower_interface"
          },
          {
            "endpoints": [
              12,
              13
            ]
          },
          {
            "endpoints": [
              13,
              14
            ]
          },
          {
            "endpoints": [
              14,
              15
            ],
            "label": "lower_interface"
          },
          {
            "endpoints": [
              15,
              16
            ],
            "curvature": {
              "type": "quadratic",
              "params": [
                [
                  0.5019546014327683,
                  0.0429816602572453
                ]
              ]
            }
          },
          {
            "endpoints": [
              16,
              17
            ],
            "curvature": {
              "type": "quadratic",
              "params": [
                [
                  0.2499431100091194,
                  -0.02239204579793844
                ]
              ]
            }
          },
          {
            "endpoints": [
              17,
              0
            ]
          }
        ],
        "label": "leg"
      },
      "skirt_front": {
        "translation": [
          -30.48231607784105,
          44.489758076895114,
          25.0
        ],
        "rotation": [
          0.0,
          0.0,
          0.0
        ],
        "vertices": [
          [
            -0.48231607784104824,
            -0.28274192310489354
          ],
          [
            61.13661607784104,
            -27.717258076895106
          ],
          [
            54.65429999999999,
            43.26585976900383
          ],
          [
            53.09395375656298,
            64.46928717808386
          ],
          [
            7.560346243437007,
            64.46928717808386
          ],
          [
            6,
            43.26585976900383
          ]
        ],
        "edges": [
          {
            "endpoints": [
              0,
              1
            ]
          },
          {
            "endpoints": [
              1,
              2
            ],
            "curvature": {
              "type": "quadratic",
              "params": [
                [
                  0.7500806830857143,
                  0.022823114863184803
                ]
              ]
            }
          },
          {
            "endpoints": [
              2,
              3
            ],
            "curvature": {
              "type": "quadratic",
              "params": [
                [
                  0.49855453864191623,
                  -0.03668751570831624
                ]
              ]
            }
          },
          {
            "endpoints": [
              3,
              4
            ],
            "label": "lower_interface"
          },
          {
            "endpoints": [
              4,
              5
            ],
            "curvature": {
              "type": "quadratic",
              "params": [
                [
                  0.5014454625191118,
                  -0.036687515670837945
                ]
              ]
            }
          },
          {
            "endpoints": [
              5,
              0
            ],
            "curvature": {
              "type": "quadratic",
              "params": [
                [
                  0.24753927144504062,
                  0.036846831268373105
                ]
              ]
            }
          }
        ],
        "label": "leg"
      }
    },
    "stitches": [
      [
        {
          "panel": "skirt_back",
          "edge": 3
        },
        {
          "panel": "skirt_back",
          "edge": 4
        }
      ],
      [
        {
          "panel": "skirt_back",
          "edge": 6
        },
        {
          "panel": "skirt_back",
          "edge": 7
        }
      ],
      [
        {
          "panel": "skirt_back",
          "edge": 9
        },
        {
          "panel": "skirt_back",
          "edge": 10
        }
      ],
      [
        {
          "panel": "skirt_back",
          "edge": 12
        },
        {
          "panel": "skirt_back",
          "edge": 13
        }
      ],
      [
        {
          "panel": "skirt_front",
          "edge": 5
        },
        {
          "panel": "skirt_back",