Generation,BestFitness,AvgFitness,SurvivalRate,AvgChildFitness,AllFitnesses
1,0.6014706356934165,0.5006175189891353,0.6666666666666666,0.4738435610308975,[0.6014706356934165, 0.5592062020646442, 0.5285934249170088, 0.5110832500156465, 0.4689185740232401, 0.4681127630177241, 0.46722097315196237, 0.46722097315196237, 0.4671741969278737, 0.46717419692787365]
2,0.6014706356934165,0.5090620970416213,0.6666666666666666,0.48291988425624705,[0.6014706356934165, 0.5592062020646442, 0.5495049428644236, 0.5285934249170088, 0.5110272794474257, 0.46891857402324016, 0.4685869716015888, 0.4681127630177242, 0.4677518715261445, 0.4674483052605969]
3,0.6014706356934165,0.5132821497066025,0.6666666666666666,0.4823850806314708,[0.6014706356934165, 0.5954490948876678, 0.5592062020646442, 0.5495049428644236, 0.4887235300414846, 0.4689185740232401, 0.4677050421507147, 0.46744830526059683, 0.46722097315196237, 0.4671741969278737]
4,0.6014706356934165,0.5220764846541321,1.0,0.49494841627079883,[0.6014706356934165, 0.5954490948876678, 0.5592062020646442, 0.5592062020646442, 0.519149266119932, 0.5150562556174016, 0.4691563826445468, 0.46744830526059694, 0.46744830526059694, 0.46717419692787365]
5,0.6014706356934165,0.5227251158379543,0.6666666666666666,0.4906974761301128,[0.6014706356934165, 0.5954490948876678, 0.5954490948876678, 0.5592062020646442, 0.5378146969347912, 0.4685869716015889, 0.4677518715261445, 0.4671741969278737, 0.46717419692787365, 0.46717419692787365]
