{
  "pattern": {
    "panels": {
      "ins_skirt_front_0": {
        "translation": [
          -35.089890679099454,
          19.1227723050648,
          30.0
        ],
        "rotation": [
          0.0,
          0.0,
          0.0
        ],
        "vertices": [
          [
            0,
            0
          ],
          [
            35,
            0
          ],
          [
            17.5,
            35
          ]
        ],
        "edges": [
          {
            "endpoints": [
              0,
              1
            ]
          },
          {
            "endpoints": [
              1,
              2
            ]
          },
          {
            "endpoints": [
              2,
              0
            ]
          }
        ],
        "label": "leg"
      },
      "skirt_back": {
        "translation": [
          -27.417040679099447,
          18.1227723050648,
          -20.0
        ],
        "rotation": [
          0.0,
          0.0,
          0.0
        ],
        "vertices": [
          [
            0.0,
            0.0
          ],
          [
            0,
            63.15978072833282
          ],
          [
            1.5904122709429842,
            81.58850964927329
          ],
          [
            11.743502003042396,
            81.58850964927329
          ],
          [
            12.811495317756027,
            67.41223423153932
          ],
          [
            13.87948863246966,
            81.58850964927329
          ],
          [
            18.438038569214683,
            81.58850964927329
          ],
          [
            19.506031883928316,
            65.82860190661309
          ],
          [
            20.574025198641948,
            81.58850964927329
          ],
          [
            34.249675156063596,
            81.58850964927329
          ],
          [
            35.31766847077723,
            65.82860190661309
          ],
          [
            36.38566178549085,
            81.58850964927329
          ],
          [
            40.944211596572565,
            81.58850964927329
          ],
          [
            42.0122049112862,
            67.41223423153932
          ],
          [
            43.08019822599982,
            81.58850964927329
          ],
          [
            53.23328772905702,
            81.58850964927329
          ],
          [
            54.8237,
            63.15978072833282
          ],
          [
            54.8237,
            0.0
          ],
          [
            50.82369972164811,
            0.0
          ],
          [
            41.11777472164811,
            37.90837664546419
          ],
          [
            31.411849721648114,
            0.0
          ],
          [
            23.41184964260585,
            0.0
          ],
          [
            13.705924642605845,
            37.90837664546419
          ],
          [
            3.99999964260585,
            0.0
          ]
        ],
        "edges": [
          {
            "endpoints": [
              0,
              1
            ]
          },
          {
            "endpoints": [
              1,
              2
            ],
            "curvature": {
              "type": "quadratic",
              "params": [
                [
                  0.4980453962653202,
                  0.04298166013508572
                ]
              ]
            }
          },
          {
            "endpoints": [
              2,
              3
            ]
          },
          {
            "endpoints": [
              3,
              4
            ]
          },
          {
            "endpoints": [
              4,
              5
            ]
          },
          {
            "endpoints": [
              5,
              6
            ]
          },
          {
            "endpoints": [
              6,
              7
            ]
          },
          {
            "endpoints": [
              7,
              8
            ]
          },
          {
            "endpoints": [
              8,
              9
            ]
          },
          {
            "endpoints": [
              9,
              10
            ]
          },
          {
            "endpoints": [
              10,
              11
            ]
          },
          {
            "endpoints": [
              11,
              12
            ]
          },
          {
            "endpoints": [
              12,
              13
            ]
          },
          {
            "endpoints": [
              13,
              14
            ]
          },
          {
            "endpoints": [
              14,
              15
            ]
          },
          {
            "endpoints": [
              15,
              16
            ],
            "curvature": {
              "type": "quadratic",
              "params": [
                [
                  0.5019546013841197,
                  0.04298166026144425
                ]
              ]
            }
          },
          {
            "endpoints": [
              16,
              17
            ]
          },
          {
            "endpoints": [
              17,
              18
            ]
          },
          {
            "endpoints": [
              18,
              19
            ]
          },
          {
            "endpoints": [
              19,
              20
            ]
          },
          {
            "endpoints": [
              20,
              21
            ]
          },
          {
            "endpoints": [
              21,
              22
            ]
          },
          {
            "endpoints": [
              22,
              23
            ]
          },
          {
            "endpoints": [
              23,
              0
            ]
          }
        ],
        "label": "leg"
      },
      "skirt_front": {
        "translation": [
          -24.417040679099447,
          19.1227723050648,
          25.0
        ],
        "rotation": [
          0.0,
          0.0,
          0.0
        ],
        "vertices": [
          [
            0.0,
            0.0
          ],
          [
            4.000000189842993,
            0.0
          ],
          [
            12.163575189842991,
            38.270171716617305
          ],
          [
            20.32715018984299,
            0.0
          ],
          [
            28.327150326880435,
            0.0
          ],
          [
            36.49072532688044,
            38.270171716617305
          ],
          [
            44.65430032688043,
            0.0
          ],
          [
            48.65429999999999,
            0.0
          ],
          [
            48.65429999999999,
            63.15978072833282
          ],
          [
            47.36272094183165,
            80.7109511292285
          ],
          [
            1.2915790581683453,
            80.7109511292285
          ],
          [
            0,
            63.15978072833282
          ]
        ],
        "edges": [
          {
            "endpoints": [
              0,
              1
            ]
          },
          {
            "endpoints": [
              1,
              2
            ]
          },
          {
            "endpoints": [
              2,
              3
            ]
          },
          {
            "endpoints": [
              3,
              4
            ]
          },
          {
            "endpoints": [
              4,
              5
            ]
          },
          {
            "endpoints": [
              5,
              6
            ]
          },
          {
            "endpoints": [
              6,
              7
            ]
          },
          {
            "endpoints": [
              7,
              8
            ]
          },
          {
            "endpoints": [
              8,
              9
            ],