{
  "pattern": {
    "panels": {
      "skirt_back": {
        "translation": [
          -39.465747200402674,
          30.772500000000008,
          -20.0
        ],
        "rotation": [
          0.0,
          0.0,
          0.0
        ],
        "vertices": [
          [
            -0.46574720040267437,
            0.0
          ],
          [
            8.719316660114327,
            37.43307437686637
          ],
          [
            12,
            61.52906671589289
          ],
          [
            13.422688569159199,
            78.01431551519335
          ],
          [
            24.19402114141919,
            78.01431551519335
          ],
          [
            25.149384671078472,
            65.3330596178753
          ],
          [
            26.104748200737756,
            78.01431551519335
          ],
          [
            30.663298135449487,
            78.01431551519335
          ],
          [
            31.61866166510877,
            63.916435986640565
          ],
          [
            32.574025194768055,
            78.01431551519335
          ],
          [
            46.24967516800069,
            78.01431551519335
          ],
          [
            47.20503869765997,
            63.916435986640565
          ],
          [
            48.16040222731926,
            78.01431551519335
          ],
          [
            52.718952016141074,
            78.01431551519335
          ],
          [
            53.674315545800354,
            65.3330596178753
          ],
          [
            54.62967907545964,
            78.01431551519335
          ],
          [
            65.40101143084081,
            78.01431551519335
          ],
          [
            66.8237,
            61.52906671589289
          ],
          [
            79.28944720040268,
            0.0
          ]
        ],
        "edges": [
          {
            "endpoints": [
              0,
              1
            ],
            "curvature": {
              "type": "quadratic",
              "params": [
                [
                  0.5984652325855918,
                  -0.01532854458485979
                ]
              ]
            }
          },
          {
            "endpoints": [
              1,
              2
            ],
            "curvature": {
              "type": "quadratic",
              "params": [
                [
                  0.669389305429682,
                  -0.045013256224527155
                ]
              ]
            }
          },
          {
            "endpoints": [
              2,
              3
            ],
            "curvature": {
              "type": "quadratic",
              "params": [
                [
                  0.498045396320672,
                  0.04298166013986343
                ]
              ]
            }
          },
          {
            "endpoints": [
              3,
              4
            ],
            "label": "lower_interface"
          },
          {
            "endpoints": [
              4,
              5
            ]
          },
          {
            "endpoints": [
              5,
              6
            ]
          },
          {
            "endpoints": [
              6,
              7
            ],
            "label": "lower_interface"
          },
          {
            "endpoints": [
              7,
              8
            ]
          },
          {
            "endpoints": [
              8,
              9
            ]
          },
          {
            "endpoints": [
              9,
              10
            ],
            "label": "lower_interface"
          },
          {
            "endpoints": [
              10,
              11
            ]
          },
          {
            "endpoints": [
              11,
              12
            ]
          },
          {
            "endpoints": [
              12,
              13
            ],
            "label": "lower_interface"
          },
          {
            "endpoints": [
              13,
              14
            ]
          },
          {
            "endpoints": [
              14,
              15
            ]
          },
          {
            "endpoints": [
              15,
              16
            ],
            "label": "lower_interface"
          },
          {
            "endpoints": [
              16,
              17
            ],
            "curvature": {
              "type": "quadratic",
              "params": [
                [
                  0.5019546013841197,
                  0.04298166026144425
                ]
              ]
            }
          },
          {
            "endpoints": [
              17,
              18
            ],
            "curvature": {
              "type": "quadratic",
              "params": [
                [
                  0.2469245967523792,
                  -0.050027077004906044
                ]
              ]
            }
          },
          {
            "endpoints": [
              18,
              0
            ]
          }
        ],
        "label": "leg"
      },
      "skirt_front": {
        "translation": [
          -36.46574720040268,
          31.772500000000008,
          25.0
        ],
        "rotation": [
          0.0,
          0.0,
          0.0
        ],
        "vertices": [
          [
            -0.46574720040268147,
            0.0
          ],
          [
            73.12004720040267,
            0.0
          ],
          [
            60.65429999999999,
            61.52906671589289
          ],
          [
            59.49892991402096,
            77.22930366760761
          ],
          [
            13.15537008597903,
            77.22930366760761
          ],
          [
            12,
            61.52906671589289
          ],
          [
            8.719316660300407,
            37.43307437670585
          ]
        ],
        "edges": [
          {
            "endpoints": [
              0,
              1
            ]
          },
          {
            "endpoints": [
              1,
              2
            ],
            "curvature": {
              "type": "quadratic",
              "params": [
                [
                  0.7530754032189071,
                  0.050027077010695725
                ]
              ]
            }
          },
          {
            "endpoints": [
              2,
              3
            ],
            "curvature": {
              "type": "quadratic",
              "params": [
                [
                  0.4985545386247834,
                  -0.036687515707044815
                ]
              ]
            }
          },
          {
            "endpoints": [
              3,
              4
            ],
            "label": "lower_interface"
          },
          {
            "endpoints": [
              4,
              5
            ],
            "curvature": {
              "type": "quadratic",
              "params": [
                [
                  0.50144546248277,
                  -0.03668751567354576
                ]
              ]
            }
          },
          {
            "endpoints": [
              5,
              6
            ],
            "curvature": {
              "type": "quadratic",
              "params": [
                [
                  0.3306106946041455,
                  0.045013256226278116
                ]
              ]
            }
          },
          {
            "endpoints": [
              6,
              0
            ],
            "curvature": {
              "type": "quadratic",
              "params": [
                [
                  0.4015347674209149,
                  0.015328544588392142
                ]
              ]
            }
          }
        ],
        "label": "leg"
      }
    },