{
  "pattern": {
    "panels": {
      "skirt_back": {
        "translation": [
          -22.292259625394454,
          33.77250000000001,
          -20.0
        ],
        "rotation": [
          0.0,
          0.0,
          0.0
        ],
        "vertices": [
          [
            -0.29225962539445405,
            0.0
          ],
          [
            -5,
            50.36495699425247
          ],
          [
            -2.8720071770690723,
            75.02284199425247
          ],
          [
            5.299518077285981,
            75.02284199425247
          ],
          [
            6.728507371553249,
            56.054796478014424
          ],
          [
            8.157496665820517,
            75.02284199425247
          ],
          [
            12.716046605358555,
            75.02284199425247
          ],
          [
            14.145035899625823,
            53.93587531324855
          ],
          [
            15.574025193893092,
            75.02284199425247
          ],
          [
            29.249675173371372,
            75.02284199425247
          ],
          [
            30.67866446763864,
            53.93587531324855
          ],
          [
            32.10765376190591,
            75.02284199425247
          ],
          [
            36.66620363029078,
            75.02284199425247
          ],
          [
            38.09519292455805,
            56.054796478014424
          ],
          [
            39.52418221882532,
            75.02284199425247
          ],
          [
            47.695707177069075,
            75.02284199425247
          ],
          [
            49.8237,
            50.36495699425247
          ],
          [
            45.11595962539445,
            0.0
          ],
          [
            23.41184976663764,
            0.0
          ],
          [
            22.411849766637644,
            35.18789660074043
          ],
          [
            21.41184976663764,
            0.0
          ]
        ],
        "edges": [
          {
            "endpoints": [
              0,
              1
            ],
            "curvature": {
              "type": "quadratic",
              "params": [
                [
                  0.7501160637460317,
                  0.023357262297587444
                ]
              ]
            }
          },
          {
            "endpoints": [
              1,
              2
            ],
            "curvature": {
              "type": "quadratic",
              "params": [
                [
                  0.49804539625805627,
                  0.042981660134458914
                ]
              ]
            }
          },
          {
            "endpoints": [
              2,
              3
            ],
            "label": "lower_interface"
          },
          {
            "endpoints": [
              3,
              4
            ]
          },
          {
            "endpoints": [
              4,
              5
            ]
          },
          {
            "endpoints": [
              5,
              6
            ],
            "label": "lower_interface"
          },
          {
            "endpoints": [
              6,
              7
            ]
          },
          {
            "endpoints": [
              7,
              8
            ]
          },
          {
            "endpoints": [
              8,
              9
            ],
            "label": "lower_interface"
          },
          {
            "endpoints": [
              9,
              10
            ]
          },
          {
            "endpoints": [
              10,
              11
            ]
          },
          {
            "endpoints": [
              11,
              12
            ],
            "label": "lower_interface"
          },
          {
            "endpoints": [
              12,
              13
            ]
          },
          {
            "endpoints": [
              13,
              14
            ]
          },
          {
            "endpoints": [
              14,
              15
            ],
            "label": "lower_interface"
          },
          {
            "endpoints": [
              15,
              16
            ],
            "curvature": {
              "type": "quadratic",
              "params": [
                [
                  0.5019546014275647,
                  0.04298166025769451
                ]
              ]
            }
          },
          {
            "endpoints": [
              16,
              17
            ],
            "curvature": {
              "type": "quadratic",
              "params": [
                [
                  0.2498839298228452,
                  0.023357261999548656
                ]
              ]
            }
          },
          {
            "endpoints": [
              17,
              18
            ]
          },
          {
            "endpoints": [
              18,
              19
            ]
          },
          {
            "endpoints": [
              19,
              20
            ]
          },
          {
            "endpoints": [
              20,
              0
            ]
          }
        ],
        "label": "leg"
      },
      "skirt_front": {
        "translation": [
          -19.292259625394454,
          35.77250000000001,
          25.0
        ],
        "rotation": [
          0.0,
          0.0,
          0.0
        ],
        "vertices": [
          [
            -0.29225962539445405,
            0.0
          ],
          [
            18.327149796049945,
            0.0
          ],
          [
            19.327149796049945,
            4.0795081912960995
          ],
          [
            20.327149796049945,
            0.0
          ],
          [
            38.94655962539444,
            0.0
          ],
          [
            43.65429999999999,
            50.36495699425247
          ],
          [
            41.92614999999999,
            73.84865699425248
          ],
          [
            -3.2718500000000006,
            73.84865699425248
          ],
          [
            -5,
            50.36495699425247
          ]
        ],
        "edges": [
          {
            "endpoints": [
              0,
              1
            ]
          },
          {
            "endpoints": [
              1,
              2
            ]
          },
          {
            "endpoints": [
              2,
              3
            ]
          },
          {
            "endpoints": [
              3,
              4
            ]
          },
          {
            "endpoints": [
              4,
              5
            ],
            "curvature": {
              "type": "quadratic",
              "params": [
                [
                  0.7501160701771548,
                  -0.023357261999548656
                ]
              ]
            }
          },
          {
            "endpoints": [
              5,
              6
            ],
            "curvature": {
              "type": "quadratic",
              "params": [
                [
                  0.4985545385734096,
                  -0.03668751570317952
                ]
              ]
            }
          },
          {
            "endpoints": [
              6,
              7
            ],
            "label": "lower_interface"
          },
          {
            "endpoints": [
              7,
              8
            ],
            "curvature": {
              "type": "quadratic",
              "params": [
                [
                  0.5014454625191118,
                  -0.036687515670837945
                ]
              ]
            }
          },
          {
            "endpoints": [
              8,
              0
            ],
            "curvature": {
              "type": "quadratic",