{
  "pattern": {
    "panels": {
      "skirt_back": {
        "translation": [
          -30.37430754138251,
          49.77250000000001,
          -20.0
        ],
        "rotation": [
          0.0,
          0.0,
          0.0
        ],
        "vertices": [
          [
            -0.3743075413825103,
            0.0
          ],
          [
            2.769752261838107,
            28.918393037145133
          ],
          [
            3,
            34.656234349374124
          ],
          [
            5.127992822930928,
            59.314119349374124
          ],
          [
            13.299518077285981,
            59.314119349374124
          ],
          [
            14.728507371553249,
            40.346073833136074
          ],
          [
            16.157496665820517,
            59.314119349374124
          ],
          [
            20.716046605358557,
            59.314119349374124
          ],
          [
            22.145035899625825,
            38.2271526683702
          ],
          [
            23.574025193893092,
            59.314119349374124
          ],
          [
            37.24967517337137,
            59.314119349374124
          ],
          [
            38.67866446763864,
            38.2271526683702
          ],
          [
            40.10765376190591,
            59.314119349374124
          ],
          [
            44.66620363029078,
            59.314119349374124
          ],
          [
            46.09519292455805,
            40.346073833136074
          ],
          [
            47.52418221882532,
            59.314119349374124
          ],
          [
            55.695707177069075,
            59.314119349374124
          ],
          [
            57.8237,
            34.656234349374124
          ],
          [
            61.19800754138251,
            0.0
          ],
          [
            31.411849677239015,
            0.0
          ],
          [
            30.41184967723902,
            14.113550724729848
          ],
          [
            29.411849677239015,
            0.0
          ]
        ],
        "edges": [
          {
            "endpoints": [
              0,
              1
            ],
            "curvature": {
              "type": "quadratic",
              "params": [
                [
                  0.6636317795575781,
                  -0.01405247845208767
                ]
              ]
            }
          },
          {
            "endpoints": [
              1,
              2
            ],
            "curvature": {
              "type": "quadratic",
              "params": [
                [
                  0.6027799578036445,
                  -0.015939543511213714
                ]
              ]
            }
          },
          {
            "endpoints": [
              2,
              3
            ],
            "curvature": {
              "type": "quadratic",
              "params": [
                [
                  0.49804539625805627,
                  0.042981660134458914
                ]
              ]
            }
          },
          {
            "endpoints": [
              3,
              4
            ],
            "label": "lower_interface"
          },
          {
            "endpoints": [
              4,
              5
            ]
          },
          {
            "endpoints": [
              5,
              6
            ]
          },
          {
            "endpoints": [
              6,
              7
            ],
            "label": "lower_interface"
          },
          {
            "endpoints": [
              7,
              8
            ]
          },
          {
            "endpoints": [
              8,
              9
            ]
          },
          {
            "endpoints": [
              9,
              10
            ],
            "label": "lower_interface"
          },
          {
            "endpoints": [
              10,
              11
            ]
          },
          {
            "endpoints": [
              11,
              12
            ]
          },
          {
            "endpoints": [
              12,
              13
            ],
            "label": "lower_interface"
          },
          {
            "endpoints": [
              13,
              14
            ]
          },
          {
            "endpoints": [
              14,
              15
            ]
          },
          {
            "endpoints": [
              15,
              16
            ],
            "label": "lower_interface"
          },
          {
            "endpoints": [
              16,
              17
            ],
            "curvature": {
              "type": "quadratic",
              "params": [
                [
                  0.5019546014275647,
                  0.04298166025769451
                ]
              ]
            }
          },
          {
            "endpoints": [
              17,
              18
            ],
            "curvature": {
              "type": "quadratic",
              "params": [
                [
                  0.2498012636389628,
                  -0.024321874883673822
                ]
              ]
            }
          },
          {
            "endpoints": [
              18,
              19
            ]
          },
          {
            "endpoints": [
              19,
              20
            ]
          },
          {
            "endpoints": [
              20,
              21
            ]
          },
          {
            "endpoints": [
              21,
              0
            ]
          }
        ],
        "label": "leg"
      },
      "skirt_front": {
        "translation": [
          -27.37430754138251,
          50.77250000000001,
          25.0
        ],
        "rotation": [
          0.0,
          0.0,
          0.0
        ],
        "vertices": [
          [
            -0.3743075413825103,
            0.0
          ],
          [
            26.32714971710237,
            0.0
          ],
          [
            27.32714971710237,
            7.2395916778429665
          ],
          [
            28.32714971710237,
            0.0
          ],
          [
            55.0286075413825,
            0.0
          ],
          [
            51.65429999999999,
            34.656234349374124
          ],
          [
            49.92614999999999,
            58.13993434937412
          ],
          [
            4.728149999999999,
            58.13993434937412
          ],
          [
            3,
            34.656234349374124
          ],
          [
            2.769752261838107,
            28.918393037145133
          ]
        ],
        "edges": [
          {
            "endpoints": [
              0,
              1
            ]
          },
          {
            "endpoints": [
              1,
              2
            ]
          },
          {
            "endpoints": [
              2,
              3
            ]
          },
          {
            "endpoints": [
              3,
              4
            ]
          },
          {
            "endpoints": [
              4,
              5
            ],
            "curvature": {
              "type": "quadratic",
              "params": [
                [
                  0.7501987363610372,
                  0.024321874883673822
                ]
              ]
            }
          },
          {
            "endpoints": [
              5,
              6
            ],
            "curvature": {
              "type": "quadratic",
              "params": [
                [
                  0.4985545385734096,
                  -0.03668751570317946
                ]
              ]
            }
          },
          {
            "endpoints": [
              6,
              7
            ],