Generation,BestFitness,AvgChildFitness,SurvivalRate,DeltaBest,SuccessRatio,CrossoverGain,MutationGain
20,0.5368488231691024,0.49393344739743966,0.0,0.0,0.058823529411764705,-0.0016563017170174786,-0.022975069473063825
40,0.582777450430441,0.5512195082009724,0.0,0.0014786427078132824,0.17647058823529413,-0.0040114187328164986,0.0
60,0.6118910304806552,0.5837566497175443,0.0,0.0,0.0,0.0007071572459051793,-0.04337753413091794
80,0.6269612070540311,0.5950038271262632,0.0,0.0,0.0,-0.004739223758460985,-0.01340296991822909
100,0.6270092504528482,0.5799986922025291,0.0,0.0,0.11764705882352941,-0.002604356630911637,-0.05166850117538346
120,0.6270092504528482,0.5709248659389781,0.0,0.0,0.058823529411764705,-0.005297834027491445,-0.003412730255448193
140,0.6270092504528482,0.5778273384315975,0.0,0.0,0.058823529411764705,-0.00565171499006298,-0.011009441909182571
150,0.6270092504528482,0.5837415785971641,0.0,0.0,0.11764705882352941,-0.0046887890100851945,-0.006072863818567901
