Generation,BestFitness,AvgFitness,SurvivalRate,AvgChildFitness,AllFitnesses
1,0.5938942024472466,0.503370387549327,0.6666666666666666,0.4765026562991543,[0.5938942024472466, 0.5599941552184037, 0.544296923733539, 0.5284829639312165, 0.46943165399874176, 0.46831219556309195, 0.46744830526059705, 0.4674483052605969, 0.46722097315196237, 0.4671741969278736]
2,0.5938942024472466,0.49714734301780944,1.0,0.4676125926827006,[0.5938942024472466, 0.5599941552184037, 0.544296923733539, 0.46838742204179074, 0.4681127630177242, 0.4677702914510832, 0.46744830526059694, 0.46722097315196237, 0.46717419692787365, 0.4671741969278736]
3,0.5938942024472466,0.5046206017162911,1.0,0.47828867653767443,[0.5938942024472466, 0.5599941552184037, 0.544296923733539, 0.544296923733539, 0.46757108967766076, 0.46744830526059705, 0.46744830526059694, 0.4674483052605969, 0.46717419692787365, 0.4666336096428571]
4,0.5938942024472466,0.5220303078439441,0.3333333333333333,0.4946374510213722,[0.5938942024472466, 0.5845655298149539, 0.5793811890276348, 0.5599941552184037, 0.544296923733539, 0.48583896264744264, 0.46902893276401164, 0.46863390437364894, 0.46744830526059694, 0.46722097315196237]
5,0.5938942024472466,0.5146914565438379,1.0,0.48415337773550615,[0.5938942024472466, 0.5845655298149539, 0.5793811890276348, 0.5793811890276348, 0.4707458801510551, 0.4690289327640117, 0.46838742204179074, 0.46744830526059694, 0.46744830526059694, 0.4666336096428571]
