{
  "pattern": {
    "panels": {
      "skirt_back": {
        "translation": [
          -27.0,
          -0.4221365720655683,
          -20.0
        ],
        "rotation": [
          0.0,
          0.0,
          0.0
        ],
        "vertices": [
          [
            0.0,
            -0.19463657206557627
          ],
          [
            0.0,
            74.20516777783908
          ],
          [
            0,
            90.81969558701097
          ],
          [
            1.646261133759051,
            109.89556712133802
          ],
          [
            11.593487536664812,
            109.89556712133802
          ],
          [
            12.698984468026568,
            95.22147810173941
          ],
          [
            13.804481399388324,
            109.89556712133802
          ],
          [
            18.363031335603964,
            109.89556712133802
          ],
          [
            19.46852826696572,
            93.58223499834915
          ],
          [
            20.574025198327476,
            109.89556712133802
          ],
          [
            34.24967516759598,
            109.89556712133802
          ],
          [
            35.35517209895774,
            93.58223499834915
          ],
          [
            36.460669030319494,
            109.89556712133802
          ],
          [
            41.01921883425065,
            109.89556712133802
          ],
          [
            42.12471576561241,
            95.22147810173941
          ],
          [
            43.230212696974164,
            109.89556712133802
          ],
          [
            53.17743886624095,
            109.89556712133802
          ],
          [
            54.8237,
            90.81969558701097
          ],
          [
            54.8237,
            30.194636572065576
          ],
          [
            28.286469436360903,
            15.484809470151362
          ],
          [
            24.990077031701702,
            19.368993448643266
          ],
          [
            26.53723002208211,
            14.5151902296587
          ]
        ],
        "edges": [
          {
            "endpoints": [
              0,
              1
            ]
          },
          {
            "endpoints": [
              1,
              2
            ]
          },
          {
            "endpoints": [
              2,
              3
            ],
            "curvature": {
              "type": "quadratic",
              "params": [
                [
                  0.4980453961474161,
                  0.04298166012491112
                ]
              ]
            }
          },
          {
            "endpoints": [
              3,
              4
            ],
            "label": "lower_interface"
          },
          {
            "endpoints": [
              4,
              5
            ]
          },
          {
            "endpoints": [
              5,
              6
            ]
          },
          {
            "endpoints": [
              6,
              7
            ],
            "label": "lower_interface"
          },
          {
            "endpoints": [
              7,
              8
            ]
          },
          {
            "endpoints": [
              8,
              9
            ]
          },
          {
            "endpoints": [
              9,
              10
            ],
            "label": "lower_interface"
          },
          {
            "endpoints": [
              10,
              11
            ]
          },
          {
            "endpoints": [
              11,
              12
            ]
          },
          {
            "endpoints": [
              12,
              13
            ],
            "label": "lower_interface"
          },
          {
            "endpoints": [
              13,
              14
            ]
          },
          {
            "endpoints": [
              14,
              15
            ]
          },
          {
            "endpoints": [
              15,
              16
            ],
            "label": "lower_interface"
          },
          {
            "endpoints": [
              16,
              17
            ],
            "curvature": {
              "type": "quadratic",
              "params": [
                [
                  0.5019546013841197,
                  0.04298166026144429
                ]
              ]
            }
          },
          {
            "endpoints": [
              17,
              18
            ]
          },
          {
            "endpoints": [
              18,
              19
            ]
          },
          {
            "endpoints": [
              19,
              20
            ]
          },
          {
            "endpoints": [
              20,
              21
            ]
          },
          {
            "endpoints": [
              21,
              0
            ]
          }
        ],
        "label": "leg"
      },
      "skirt_front": {
        "translation": [
          -24.0,
          2.2877405589507873,
          25.0
        ],
        "rotation": [
          0.0,
          0.0,
          0.0
        ],
        "vertices": [
          [
            0.0,
            -0.48475944104922064
          ],
          [
            23.452530041949206,
            12.515190240671203
          ],
          [
            23.745521289928682,
            14.04928537706698
          ],
          [
            25.201769456228,
            13.484809481163879
          ],
          [
            48.65429999999999,
            26.48475944104922
          ],
          [
            48.65429999999999,
            88.81969558701097
          ],
          [
            47.31736589587682,
            106.98719228637006
          ],
          [
            1.33693410412317,
            106.98719228637006
          ],
          [
            0,
            88.81969558701097
          ],
          [
            0.0,
            72.51730324562327
          ]
        ],
        "edges": [
          {
            "endpoints": [
              0,
              1
            ]
          },
          {
            "endpoints": [
              1,
              2
            ]
          },
          {
            "endpoints": [
              2,
              3
            ]
          },
          {
            "endpoints": [
              3,
              4
            ]
          },
          {
            "endpoints": [
              4,
              5
            ]
          },
          {
            "endpoints": [
              5,
              6
            ],
            "curvature": {
              "type": "quadratic",
              "params": [
                [
                  0.4985545386249549,
                  -0.03668751570699072
                ]
              ]
            }
          },
          {
            "endpoints": [
              6,
              7
            ],
            "label": "lower_interface"
          },
          {
            "endpoints": [
              7,
              8
            ],
            "curvature": {
              "type": "quadratic",
              "params": [
                [
                  0.50144546248277,
                  -0.03668751567354566
                ]
              ]
            }
          },
          {
            "endpoints": [
              8,
              9
            ]
          },
          {
            "endpoints": [
              9,
              0
            ]
          }
        ],
        "label": "leg"
      }
    },
    "stitches": [
      [
        {
          "panel": "skirt_back",
          "edge": 4
        },
        {
          "panel": "skirt_back",
          "edge": 5
        }
      ],
      [
        {
          "panel": "skirt_back",
          "edge": 7
        },
        {
          "panel": "skirt_back",