{
  "pattern": {
    "panels": {
      "skirt_back": {
        "translation": [
          -27.932379347221925,
          -7.3103093994845665,
          -20.0
        ],
        "rotation": [
          0.0,
          0.0,
          0.0
        ],
        "vertices": [
          [
            -0.5205293472219239,
            0.0
          ],
          [
            -0.21208960571093627,
            37.34929761335381
          ],
          [
            0,
            78.28218715658036
          ],
          [
            1.7207869569000493,
            98.22161854728418
          ],
          [
            11.39330526815676,
            98.22161854728418
          ],
          [
            12.548847764647942,
            82.88323724707227
          ],
          [
            13.704390261139125,
            98.22161854728418
          ],
          [
            18.26294020512783,
            98.22161854728418
          ],
          [
            19.418482701619013,
            81.16978602499222
          ],
          [
            20.574025198110192,
            98.22161854728418
          ],
          [
            34.24967517139051,
            98.22161854728418
          ],
          [
            35.405217667881686,
            81.16978602499222
          ],
          [
            36.56076016437287,
            98.22161854728418
          ],
          [
            41.1193099710962,
            98.22161854728418
          ],
          [
            42.27485246758738,
            82.88323724707227
          ],
          [
            43.43039496407856,
            98.22161854728418
          ],
          [
            53.10291304309995,
            98.22161854728418
          ],
          [
            54.8237,
            78.28218715658036
          ],
          [
            55.344229347221926,
            0.0
          ],
          [
            28.411849719413137,
            0.0
          ],
          [
            27.411849719413144,
            66.3803409138467
          ],
          [
            26.411849719413137,
            0.0
          ]
        ],
        "edges": [
          {
            "endpoints": [
              0,
              1
            ],
            "curvature": {
              "type": "quadratic",
              "params": [
                [
                  0.5685457696349954,
                  -0.000345494902558097
                ]
              ]
            }
          },
          {
            "endpoints": [
              1,
              2
            ],
            "curvature": {
              "type": "quadratic",
              "params": [
                [
                  0.6948163670907911,
                  -0.0015813627779492061
                ]
              ]
            }
          },
          {
            "endpoints": [
              2,
              3
            ],
            "curvature": {
              "type": "quadratic",
              "params": [
                [
                  0.49804539632067096,
                  0.04298166013986349
                ]
              ]
            }
          },
          {
            "endpoints": [
              3,
              4
            ]
          },
          {
            "endpoints": [
              4,
              5
            ]
          },
          {
            "endpoints": [
              5,
              6
            ]
          },
          {
            "endpoints": [
              6,
              7
            ]
          },
          {
            "endpoints": [
              7,
              8
            ]
          },
          {
            "endpoints": [
              8,
              9
            ]
          },
          {
            "endpoints": [
              9,
              10
            ]
          },
          {
            "endpoints": [
              10,
              11
            ]
          },
          {
            "endpoints": [
              11,
              12
            ]
          },
          {
            "endpoints": [
              12,
              13
            ]
          },
          {
            "endpoints": [
              13,
              14
            ]
          },
          {
            "endpoints": [
              14,
              15
            ]
          },
          {
            "endpoints": [
              15,
              16
            ]
          },
          {
            "endpoints": [
              16,
              17
            ],
            "curvature": {
              "type": "quadratic",
              "params": [
                [
                  0.5019546013841197,
                  0.04298166026144425
                ]
              ]
            }
          },
          {
            "endpoints": [
              17,
              18
            ],
            "curvature": {
              "type": "quadratic",
              "params": [
                [
                  0.24999049413070298,
                  -0.0016623555371695637
                ]
              ]
            }
          },
          {
            "endpoints": [
              18,
              19
            ]
          },
          {
            "endpoints": [
              19,
              20
            ]
          },
          {
            "endpoints": [
              20,
              21
            ]
          },
          {
            "endpoints": [
              21,
              0
            ]
          }
        ],
        "label": "leg"
      },
      "skirt_front": {
        "translation": [
          -24.932379347221925,
          -6.3103093994845665,
          25.0
        ],
        "rotation": [
          0.0,
          0.0,
          0.0
        ],
        "vertices": [
          [
            -0.5205293472219239,
            0.0
          ],
          [
            23.327149744964135,
            0.0
          ],
          [
            24.327149744964142,
            65.82373826788276
          ],
          [
            25.327149744964135,
            0.0
          ],
          [
            49.174829347221916,
            0.0
          ],
          [
            48.65429999999999,
            78.28218715658036
          ],
          [
            47.25684322875441,
            97.27212181439351
          ],
          [
            1.3974567712455794,
            97.27212181439351
          ],
          [
            0,
            78.28218715658036
          ],
          [
            -0.21208960571093627,
            37.34929761335381
          ]
        ],
        "edges": [
          {
            "endpoints": [
              0,
              1
            ]
          },
          {
            "endpoints": [
              1,
              2
            ]
          },
          {
            "endpoints": [
              2,
              3
            ]
          },
          {
            "endpoints": [
              3,
              4
            ]
          },
          {
            "endpoints": [
              4,
              5
            ],
            "curvature": {
              "type": "quadratic",
              "params": [
                [
                  0.750009505869297,
                  0.0016623555371695637
                ]
              ]
            }
          },
          {
            "endpoints": [
              5,
              6
            ],
            "curvature": {
              "type": "quadratic",
              "params": [
                [
                  0.4985545386256174,
                  -0.03668751570703662
                ]
              ]
            }
          },
          {
            "endpoints": [
              6,
              7
            ]
          },
          {
            "endpoints": [
              7,
              8
            ],
            "curvature": {
              "type": "quadratic",