Generation,BestFitness,AvgFitness,SurvivalRate,AvgChildFitness,AllFitnesses
1,0.5356276548243026,0.4746471697562732,0.6666666666666666,0.46751734344686735,[0.5356276548243026, 0.46919370584634534, 0.46902893276401164, 0.46875389756265984, 0.46744830526059694, 0.4674483052605969, 0.4674483052605969, 0.4671741969278736, 0.4671741969278736, 0.4671741969278736]
2,0.6080661321079939,0.48873636327428516,0.6666666666666666,0.46778230570917273,[0.6080661321079939, 0.5356276548243026, 0.46919370584634534, 0.46902893276401164, 0.46875389756265984, 0.4674483052605969, 0.4674483052605969, 0.4674483052605969, 0.4671741969278736, 0.4671741969278736]
3,0.6080661321079939,0.4971786334793843,0.6666666666666666,0.4683283843056,[0.6080661321079939, 0.5497938577223456, 0.5356276548243026, 0.46919370584634534, 0.4688619239613404, 0.46875389756265984, 0.4687538975626597, 0.4681127630177243, 0.46744830526059694, 0.4671741969278736]
4,0.6080661321079939,0.5019719348138156,1.0,0.4751759576405022,[0.6080661321079939, 0.5497938577223456, 0.5356276548243026, 0.5192070300578585, 0.4689185740232401, 0.4685869866927523, 0.46744830526059705, 0.46744830526059694, 0.46744830526059683, 0.46717419692787365]
5,0.6080661321079939,0.5076023826899358,0.6666666666666666,0.4777556446557677,[0.6080661321079939, 0.573874324478645, 0.5497938577223456, 0.5356276548243026, 0.46891857402324005, 0.4687538975626599, 0.46838742204179074, 0.46797946194991014, 0.46744830526059694, 0.46717419692787365]
