Generation,BestFitness,AvgFitness,SurvivalRate,AvgChildFitness,AllFitnesses
1,0.5531224944212805,0.476908116608461,0.6666666666666666,0.4681318137208765,[0.5531224944212805, 0.4696627651985079, 0.46937321041868524, 0.4689185740232401, 0.46891857402324005, 0.468312195563092, 0.46831219556309184, 0.4681127630177242, 0.4671741969278736, 0.4671741969278736]
2,0.5531224944212805,0.4769732927033153,1.0,0.4682249224278112,[0.5531224944212805, 0.4696627651985079, 0.46937321041868524, 0.46937321041868524, 0.46937321041868507, 0.46891857402324005, 0.4681127630177242, 0.46744830526059694, 0.46717419692787365, 0.4671741969278736]
3,0.5531224944212805,0.47663098535491544,1.0,0.46773591193009717,[0.5531224944212805, 0.4696627651985079, 0.46937321041868524, 0.46937321041868524, 0.46831219556309195, 0.46744830526059694, 0.46744830526059694, 0.46722097315196237, 0.46717419692787365, 0.4671741969278736]
4,0.5531224944212805,0.4769780726747623,1.0,0.46823175095844993,[0.5531224944212805, 0.4696627651985079, 0.46937321041868524, 0.46937321041868524, 0.4693732104186852, 0.4691937058463453, 0.46811276301772414, 0.46722097315196237, 0.46717419692787365, 0.4671741969278735]
5,0.5531224944212805,0.4766537853363563,1.0,0.4677684833321555,[0.5531224944212805, 0.4696627651985079, 0.46937321041868524, 0.4693732104186852, 0.4685869716015887, 0.46744830526059694, 0.46744830526059694, 0.46717419692787365, 0.46717419692787365, 0.4671741969278736]
