Generation,BestFitness,AvgFitness,SurvivalRate,AvgChildFitness,AllFitnesses
1,0.6487198460623096,0.5300492137020884,0.6666666666666666,0.48666271624221225,[0.6487198460623096, 0.6487198460623096, 0.5964134312007773, 0.5467903924059238, 0.5194877807023123, 0.46919370584634545, 0.46843186953470967, 0.46811276301772414, 0.46744830526059694, 0.46717419692787365]
2,0.6487198460623096,0.5374335298764997,1.0,0.49721173934851437,[0.6487198460623096, 0.6487198460623096, 0.5964134312007773, 0.5467903924059238, 0.5361931856235329, 0.5247038423392263, 0.46875389756265984, 0.46875389756265984, 0.4681127630177242, 0.46717419692787365]
3,0.6487198460623096,0.5238318082095973,1.0,0.4777807083957965,[0.6487198460623096, 0.6487198460623096, 0.5964134312007773, 0.5361931856235329, 0.4693732104186853, 0.46875389756265984, 0.4677702914510832, 0.4677518715261445, 0.46744830526059694, 0.4671741969278737]
4,0.6487198460623096,0.5426230394006005,0.6666666666666666,0.49715297940272507,[0.6487198460623096, 0.6487198460623096, 0.6487198460623096, 0.5964134312007773, 0.5070426645313483, 0.4967598974888681, 0.47739370572461054, 0.4681127630177242, 0.46717419692787365, 0.4671741969278736]
5,0.6487198460623096,0.5308864586371975,1.0,0.48038643545500637,[0.6487198460623096, 0.6487198460623096, 0.6487198460623096, 0.5361931856235329, 0.48939825170364326, 0.4683874220417908, 0.46720359803245676, 0.4671741969278737, 0.4671741969278737, 0.46717419692787365]
