Generation,BestFitness,AvgChildFitness,SurvivalRate,DeltaBest,SuccessRatio,CrossoverGain,MutationGain
1,0.5427083999651141,0.4686052851484777,1.0,0.0,0.0,-0.022213699477933897,-5.551115123125783e-17
2,0.559206202064644,0.47610274139141545,0.6666666666666666,0.01649780209952989,0.14285714285714285,0.006341461604553654,-0.057429807594009286
3,0.559206202064644,0.47533419456030146,1.0,0.0,0.2857142857142857,-0.020551160541498137,0.0006071534123772704
4,0.559206202064644,0.4842851781796611,0.6666666666666666,0.0,0.2857142857142857,0.006188452445348769,0.0
5,0.559206202064644,0.47137798623961374,1.0,0.0,0.2857142857142857,-0.028483783628710426,0.0
