{
  "pattern": {
    "panels": {
      "skirt_back": {
        "translation": [
          -17.49948668809749,
          68.77250000000001,
          -20.0
        ],
        "rotation": [
          0.0,
          0.0,
          0.0
        ],
        "vertices": [
          [
            -0.4994866880974911,
            0.0
          ],
          [
            -5.431864499988357,
            10.09406733928095
          ],
          [
            -10,
            25.432705063241563
          ],
          [
            -8.666376199610088,
            40.885925557653366
          ],
          [
            2.433256161924268,
            40.885925557653366
          ],
          [
            3.328810936734273,
            28.998556072782065
          ],
          [
            4.224365711544278,
            40.885925557653366
          ],
          [
            8.782915647916283,
            40.885925557653366
          ],
          [
            9.678470422726289,
            27.670617526171
          ],
          [
            10.574025197536294,
            40.885925557653366
          ],
          [
            24.249675167920728,
            40.885925557653366
          ],
          [
            25.145229942730737,
            27.670617526171
          ],
          [
            26.04078471754074,
            40.885925557653366
          ],
          [
            30.599334505748974,
            40.885925557653366
          ],
          [
            31.49488928055898,
            28.998556072782065
          ],
          [
            32.39044405536899,
            40.885925557653366
          ],
          [
            43.49007619961009,
            40.885925557653366
          ],
          [
            44.8237,
            25.432705063241563
          ],
          [
            35.32318668809749,
            0.0
          ]
        ],
        "edges": [
          {
            "endpoints": [
              0,
              1
            ],
            "curvature": {
              "type": "quadratic",
              "params": [
                [
                  0.5580548934673251,
                  0.015864370209333914
                ]
              ]
            }
          },
          {
            "endpoints": [
              1,
              2
            ],
            "curvature": {
              "type": "quadratic",
              "params": [
                [
                  0.6962843152138175,
                  0.09045221648517097
                ]
              ]
            }
          },
          {
            "endpoints": [
              2,
              3
            ],
            "curvature": {
              "type": "quadratic",
              "params": [
                [
                  0.498045396263442,
                  0.042981660134924236
                ]
              ]
            }
          },
          {
            "endpoints": [
              3,
              4
            ],
            "label": "lower_interface"
          },
          {
            "endpoints": [
              4,
              5
            ]
          },
          {
            "endpoints": [
              5,
              6
            ]
          },
          {
            "endpoints": [
              6,
              7
            ],
            "label": "lower_interface"
          },
          {
            "endpoints": [
              7,
              8
            ]
          },
          {
            "endpoints": [
              8,
              9
            ]
          },
          {
            "endpoints": [
              9,
              10
            ],
            "label": "lower_interface"
          },
          {
            "endpoints": [
              10,
              11
            ]
          },
          {
            "endpoints": [
              11,
              12
            ]
          },
          {
            "endpoints": [
              12,
              13
            ],
            "label": "lower_interface"
          },
          {
            "endpoints": [
              13,
              14
            ]
          },
          {
            "endpoints": [
              14,
              15
            ]
          },
          {
            "endpoints": [
              15,
              16
            ],
            "label": "lower_interface"
          },
          {
            "endpoints": [
              16,
              17
            ],
            "curvature": {
              "type": "quadratic",
              "params": [
                [
                  0.5019546013841236,
                  0.042981660261445245
                ]
              ]
            }
          },
          {
            "endpoints": [
              17,
              18
            ],
            "curvature": {
              "type": "quadratic",
              "params": [
                [
                  0.25237207880613594,
                  0.09427481281191726
                ]
              ]
            }
          },
          {
            "endpoints": [
              18,
              0
            ]
          }
        ],
        "label": "leg"
      },
      "skirt_front": {
        "translation": [
          -14.499486688097491,
          68.77250000000001,
          25.0
        ],
        "rotation": [
          0.0,
          0.0,
          0.0
        ],
        "vertices": [
          [
            -0.4994866880974911,
            0.0
          ],
          [
            13.327149851185407,
            0.0
          ],
          [
            14.327149851185407,
            13.30231466840242
          ],
          [
            15.327149851185407,
            0.0
          ],
          [
            29.153786688097483,
            0.0
          ],
          [
            38.65429999999999,
            25.432705063241563
          ],
          [
            37.571259706908435,
            40.15005791506233
          ],
          [
            -8.916959706908447,
            40.15005791506233
          ],
          [
            -10,
            25.432705063241563
          ],
          [
            -5.431864499988357,
            10.09406733928095
          ]
        ],
        "edges": [
          {
            "endpoints": [
              0,
              1
            ]
          },
          {
            "endpoints": [
              1,
              2
            ]
          },
          {
            "endpoints": [
              2,
              3
            ]
          },
          {
            "endpoints": [
              3,
              4
            ]
          },
          {
            "endpoints": [
              4,
              5
            ],
            "curvature": {
              "type": "quadratic",
              "params": [
                [
                  0.7476279211938641,
                  -0.09427481281191726
                ]
              ]
            }
          },
          {
            "endpoints": [
              5,
              6
            ],
            "curvature": {
              "type": "quadratic",
              "params": [
                [
                  0.4985545386247472,
                  -0.03668751570703406
                ]
              ]
            }
          },
          {
            "endpoints": [
              6,
              7
            ],
            "label": "lower_interface"
          },
          {
            "endpoints": [
              7,
              8
            ],
            "curvature": {
              "type": "quadratic",
              "params": [
                [
                  0.5014454624570132,
                  -0.036687515675501416
                ]
              ]
            }
          },
          {
            "endpoints": [
              8,
              9
            ],
            "curvature": {
              "type": "quadratic",