{
  "pattern": {
    "panels": {
      "skirt_back": {
        "translation": [
          -27.411850000000005,
          62.25531024023535,
          -20.0
        ],
        "rotation": [
          0.0,
          0.0,
          0.0
        ],
        "vertices": [
          [
            0.0,
            -0.924893701340558
          ],
          [
            0.0,
            13.902715370419006
          ],
          [
            0,
            17.730056117494776
          ],
          [
            1.7117304147823198,
            37.56454581308091
          ],
          [
            11.41763186645684,
            37.56454581308091
          ],
          [
            12.567092715684057,
            22.306890773436088
          ],
          [
            13.716553564911273,
            37.56454581308091
          ],
          [
            18.27510349923953,
            37.56454581308091
          ],
          [
            19.424564348466745,
            20.602457485329342
          ],
          [
            20.574025197693963,
            37.56454581308091
          ],
          [
            34.24967516728402,
            37.56454581308091
          ],
          [
            35.399136016511235,
            20.602457485329342
          ],
          [
            36.548596865738446,
            37.56454581308091
          ],
          [
            41.10714667561914,
            37.56454581308091
          ],
          [
            42.25660752484636,
            22.306890773436088
          ],
          [
            43.40606837407357,
            37.56454581308091
          ],
          [
            53.111969585217686,
            37.56454581308091
          ],
          [
            54.8237,
            17.730056117494776
          ],
          [
            54.8237,
            -23.075106298659442
          ],
          [
            28.339033583819614,
            -12.374606484026955
          ],
          [
            32.825690437174025,
            1.3997260720546763
          ],
          [
            26.48466587468604,
            -11.625393297195131
          ]
        ],
        "edges": [
          {
            "endpoints": [
              0,
              1
            ]
          },
          {
            "endpoints": [
              1,
              2
            ]
          },
          {
            "endpoints": [
              2,
              3
            ],
            "curvature": {
              "type": "quadratic",
              "params": [
                [
                  0.4980453962580173,
                  0.04298166013445659
                ]
              ]
            }
          },
          {
            "endpoints": [
              3,
              4
            ]
          },
          {
            "endpoints": [
              4,
              5
            ]
          },
          {
            "endpoints": [
              5,
              6
            ]
          },
          {
            "endpoints": [
              6,
              7
            ]
          },
          {
            "endpoints": [
              7,
              8
            ]
          },
          {
            "endpoints": [
              8,
              9
            ]
          },
          {
            "endpoints": [
              9,
              10
            ]
          },
          {
            "endpoints": [
              10,
              11
            ]
          },
          {
            "endpoints": [
              11,
              12
            ]
          },
          {
            "endpoints": [
              12,
              13
            ]
          },
          {
            "endpoints": [
              13,
              14
            ]
          },
          {
            "endpoints": [
              14,
              15
            ]
          },
          {
            "endpoints": [
              15,
              16
            ]
          },
          {
            "endpoints": [
              16,
              17
            ],
            "curvature": {
              "type": "quadratic",
              "params": [
                [
                  0.5019546014275647,
                  0.04298166025769441
                ]
              ]
            }
          },
          {
            "endpoints": [
              17,
              18
            ]
          },
          {
            "endpoints": [
              18,
              19
            ]
          },
          {
            "endpoints": [
              19,
              20
            ]
          },
          {
            "endpoints": [
              20,
              21
            ]
          },
          {
            "endpoints": [
              21,
              0
            ]
          }
        ],
        "label": "leg"
      },
      "skirt_front": {
        "translation": [
          -24.411850000000005,
          62.00901054140164,
          25.0
        ],
        "rotation": [
          0.0,
          0.0,
          0.0
        ],
        "vertices": [
          [
            0.0,
            -0.17119340017426765
          ],
          [
            48.65429999999999,
            -19.828806599825732
          ],
          [
            48.65429999999999,
            19.730056117494776
          ],
          [
            47.26419807652087,
            38.62004630376728
          ],
          [
            1.3901019234791256,
            38.62004630376728
          ],
          [
            0,
            19.730056117494776
          ],
          [
            0.0,
            15.6470184284954
          ]
        ],
        "edges": [
          {
            "endpoints": [
              0,
              1
            ]
          },
          {
            "endpoints": [
              1,
              2
            ]
          },
          {
            "endpoints": [
              2,
              3
            ],
            "curvature": {
              "type": "quadratic",
              "params": [
                [
                  0.49855453862490484,
                  -0.03668751570698456
                ]
              ]
            }
          },
          {
            "endpoints": [
              3,
              4
            ]
          },
          {
            "endpoints": [
              4,
              5
            ],
            "curvature": {
              "type": "quadratic",
              "params": [
                [
                  0.5014454624564859,
                  -0.036687515675542064
                ]
              ]
            }
          },
          {
            "endpoints": [
              5,
              6
            ]
          },
          {
            "endpoints": [
              6,
              0
            ]
          }
        ],
        "label": "leg"
      },
      "wb_back": {
        "translation": [
          -39.00652498841307,
          105.77250000000001,
          -15.0
        ],
        "rotation": [
          0.0,
          0.0,
          0.0
        ],
        "vertices": [
          [
            0,
            0
          ],
          [
            0,
            3.8210144503318944
          ],
          [
            78.01304997682614,
            3.8210144503318944
          ],
          [
            78.01304997682614,
            0
          ],
          [
            60.072166502970745,
            0.0
          ],
          [
            51.645910231689925,
            0.0
          ],
          [
            26.367140419780085,
            0.0
          ],
          [
            17.940883918464046,
            0.0
          ]
        ],
        "edges": [
          {
            "endpoints": [
              0,
              1
            ]
          },
          {
            "endpoints": [
              1,
              2
            ],