{
  "pattern": {
    "panels": {
      "skirt_back": {
        "translation": [
          -27.308529318742174,
          22.834102248375544,
          -20.0
        ],
        "rotation": [
          0.0,
          0.0,
          0.0
        ],
        "vertices": [
          [
            -0.30852931874217404,
            -0.9383977516244641
          ],
          [
            0,
            61.03076216658434
          ],
          [
            2.1279928229309277,
            85.68864716658433
          ],
          [
            10.299518077285981,
            85.68864716658433
          ],
          [
            11.728507371553249,
            66.72060165034628
          ],
          [
            13.157496665820517,
            85.68864716658433
          ],
          [
            17.716046605358557,
            85.68864716658433
          ],
          [
            19.145035899625825,
            64.6016804855804
          ],
          [
            20.574025193893092,
            85.68864716658433
          ],
          [
            34.24967517337137,
            85.68864716658433
          ],
          [
            35.67866446763864,
            64.6016804855804
          ],
          [
            37.10765376190591,
            85.68864716658433
          ],
          [
            41.66620363029078,
            85.68864716658433
          ],
          [
            43.09519292455805,
            66.72060165034628
          ],
          [
            44.52418221882532,
            85.68864716658433
          ],
          [
            52.695707177069075,
            85.68864716658433
          ],
          [
            54.8237,
            61.03076216658434
          ],
          [
            54.85962652459357,
            47.73653864694795
          ],
          [
            55.132229318742176,
            2.938397751624464
          ],
          [
            28.409413778531597,
            1.0697564547430432
          ],
          [
            24.95449277061231,
            36.14184170609555
          ],
          [
            26.41428567801195,
            0.9302435072547866
          ]
        ],
        "edges": [
          {
            "endpoints": [
              0,
              1
            ],
            "curvature": {
              "type": "quadratic",
              "params": [
                [
                  0.750003170092027,
                  -0.0012446959422700036
                ]
              ]
            }
          },
          {
            "endpoints": [
              1,
              2
            ],
            "curvature": {
              "type": "quadratic",
              "params": [
                [
                  0.4980453961471247,
                  0.04298166012488582
                ]
              ]
            }
          },
          {
            "endpoints": [
              2,
              3
            ],
            "label": "lower_interface"
          },
          {
            "endpoints": [
              3,
              4
            ]
          },
          {
            "endpoints": [
              4,
              5
            ]
          },
          {
            "endpoints": [
              5,
              6
            ],
            "label": "lower_interface"
          },
          {
            "endpoints": [
              6,
              7
            ]
          },
          {
            "endpoints": [
              7,
              8
            ]
          },
          {
            "endpoints": [
              8,
              9
            ],
            "label": "lower_interface"
          },
          {
            "endpoints": [
              9,
              10
            ]
          },
          {
            "endpoints": [
              10,
              11
            ]
          },
          {
            "endpoints": [
              11,
              12
            ],
            "label": "lower_interface"
          },
          {
            "endpoints": [
              12,
              13
            ]
          },
          {
            "endpoints": [
              13,
              14
            ]
          },
          {
            "endpoints": [
              14,
              15
            ],
            "label": "lower_interface"
          },
          {
            "endpoints": [
              15,
              16
            ],
            "curvature": {
              "type": "quadratic",
              "params": [
                [
                  0.5019546015423715,
                  0.042981660247787205
                ]
              ]
            }
          },
          {
            "endpoints": [
              16,
              17
            ],
            "curvature": {
              "type": "quadratic",
              "params": [
                [
                  0.3727880453994327,
                  -0.0010074708177148831
                ]
              ]
            }
          },
          {
            "endpoints": [
              17,
              18
            ],
            "curvature": {
              "type": "quadratic",
              "params": [
                [
                  0.359312267509321,
                  -0.0006382774078593585
                ]
              ]
            }
          },
          {
            "endpoints": [
              18,
              19
            ]
          },
          {
            "endpoints": [
              19,
              20
            ]
          },
          {
            "endpoints": [
              20,
              21
            ]
          },
          {
            "endpoints": [
              21,
              0
            ]
          }
        ],
        "label": "leg"
      },
      "skirt_front": {
        "translation": [
          -24.308529318742174,
          24.0498054851777,
          25.0
        ],
        "rotation": [
          0.0,
          0.0,
          0.0
        ],
        "vertices": [
          [
            -0.30852931874217404,
            -0.7226945148223081
          ],
          [
            23.329585697704154,
            0.9302435086318042
          ],
          [
            23.037575288188123,
            19.441773944809796
          ],
          [
            25.3247137982238,
            1.0697564561200466
          ],
          [
            48.962829318742166,
            2.722694514822308
          ],
          [
            48.69022652636584,
            47.68717685365701
          ],
          [
            48.65429999999999,
            61.03076216658434
          ],
          [
            46.92614999999999,
            84.51446216658434
          ],
          [
            1.7281499999999994,
            84.51446216658434
          ],
          [
            0,
            61.03076216658434
          ]
        ],
        "edges": [
          {
            "endpoints": [
              0,
              1
            ]
          },
          {
            "endpoints": [
              1,
              2
            ]
          },
          {
            "endpoints": [
              2,
              3
            ]
          },
          {
            "endpoints": [
              3,
              4
            ]
          },
          {
            "endpoints": [
              4,
              5
            ],
            "curvature": {
              "type": "quadratic",
              "params": [
                [
                  0.6406877082130193,
                  0.000635916281411374
                ]
              ]
            }
          },
          {
            "endpoints": [
              5,
              6
            ],
            "curvature": {
              "type": "quadratic",