{
  "pattern": {
    "panels": {
      "skirt_back": {
        "translation": [
          -27.75378743241047,
          47.649483896902055,
          -20.0
        ],
        "rotation": [
          0.0,
          0.0,
          0.0
        ],
        "vertices": [
          [
            -0.34193743241046803,
            0.0
          ],
          [
            -0.13495488645145315,
            12.537234617882092
          ],
          [
            0,
            25.66093785450731
          ],
          [
            2.1279928229309277,
            50.31882285450731
          ],
          [
            10.299518077285981,
            50.31882285450731
          ],
          [
            11.728507371553249,
            31.350777338269257
          ],
          [
            13.157496665820517,
            50.31882285450731
          ],
          [
            17.716046605358557,
            50.31882285450731
          ],
          [
            19.145035899625825,
            29.231856173503388
          ],
          [
            20.574025193893092,
            50.31882285450731
          ],
          [
            34.24967517337137,
            50.31882285450731
          ],
          [
            35.67866446763864,
            29.231856173503388
          ],
          [
            37.10765376190591,
            50.31882285450731
          ],
          [
            41.66620363029078,
            50.31882285450731
          ],
          [
            43.09519292455805,
            31.350777338269257
          ],
          [
            44.52418221882532,
            50.31882285450731
          ],
          [
            52.695707177069075,
            50.31882285450731
          ],
          [
            54.8237,
            25.66093785450731
          ],
          [
            55.10354998294332,
            3.5531155704827313
          ],
          [
            55.16563743241047,
            0.0
          ],
          [
            28.411849716372277,
            0.0
          ],
          [
            27.411849716372277,
            3.1922929379751537
          ],
          [
            26.411849716372277,
            0.0
          ]
        ],
        "edges": [
          {
            "endpoints": [
              0,
              1
            ],
            "curvature": {
              "type": "quadratic",
              "params": [
                [
                  0.5707503525461631,
                  -0.0007167110332779286
                ]
              ]
            }
          },
          {
            "endpoints": [
              1,
              2
            ],
            "curvature": {
              "type": "quadratic",
              "params": [
                [
                  0.6930083309855842,
                  -0.0031568921751687234
                ]
              ]
            }
          },
          {
            "endpoints": [
              2,
              3
            ],
            "curvature": {
              "type": "quadratic",
              "params": [
                [
                  0.49804539625805627,
                  0.042981660134458914
                ]
              ]
            }
          },
          {
            "endpoints": [
              3,
              4
            ]
          },
          {
            "endpoints": [
              4,
              5
            ]
          },
          {
            "endpoints": [
              5,
              6
            ]
          },
          {
            "endpoints": [
              6,
              7
            ]
          },
          {
            "endpoints": [
              7,
              8
            ]
          },
          {
            "endpoints": [
              8,
              9
            ]
          },
          {
            "endpoints": [
              9,
              10
            ]
          },
          {
            "endpoints": [
              10,
              11
            ]
          },
          {
            "endpoints": [
              11,
              12
            ]
          },
          {
            "endpoints": [
              12,
              13
            ]
          },
          {
            "endpoints": [
              13,
              14
            ]
          },
          {
            "endpoints": [
              14,
              15
            ]
          },
          {
            "endpoints": [
              15,
              16
            ]
          },
          {
            "endpoints": [
              16,
              17
            ],
            "curvature": {
              "type": "quadratic",
              "params": [
                [
                  0.5019546014275647,
                  0.04298166025769451
                ]
              ]
            }
          },
          {
            "endpoints": [
              17,
              18
            ],
            "curvature": {
              "type": "quadratic",
              "params": [
                [
                  0.26241074330928804,
                  -0.0033217098928771203
                ]
              ]
            }
          },
          {
            "endpoints": [
              18,
              19
            ],
            "curvature": {
              "type": "quadratic",
              "params": [
                [
                  0.4835845506963661,
                  -0.00015045856963925703
                ]
              ]
            }
          },
          {
            "endpoints": [
              19,
              20
            ]
          },
          {
            "endpoints": [
              20,
              21
            ]
          },
          {
            "endpoints": [
              21,
              22
            ]
          },
          {
            "endpoints": [
              22,
              0
            ]
          }
        ],
        "label": "leg"
      },
      "skirt_front": {
        "translation": [
          -24.75378743241047,
          48.649483896902055,
          25.0
        ],
        "rotation": [
          0.0,
          0.0,
          0.0
        ],
        "vertices": [
          [
            -0.34193743241046803,
            0.0
          ],
          [
            23.32714974726202,
            0.0
          ],
          [
            24.32714974726202,
            11.715980697755299
          ],
          [
            25.32714974726202,
            0.0
          ],
          [
            48.99623743241046,
            0.0
          ],
          [
            48.93414998294331,
            3.5531155704827313
          ],
          [
            48.65429999999999,
            25.66093785450731
          ],
          [
            46.92614999999999,
            49.14463785450731
          ],
          [
            1.7281499999999994,
            49.14463785450731
          ],
          [
            0,
            25.66093785450731
          ],
          [
            -0.13495488645145315,
            12.537234617882092
          ]
        ],
        "edges": [
          {
            "endpoints": [
              0,
              1
            ]
          },
          {
            "endpoints": [
              1,
              2
            ]
          },
          {
            "endpoints": [
              2,
              3
            ]
          },
          {
            "endpoints": [
              3,
              4
            ]
          },
          {
            "endpoints": [
              4,
              5
            ],
            "curvature": {
              "type": "quadratic",
              "params": [
                [
                  0.5164154493036339,
                  0.00015045856963925703
                ]
              ]
            }
          },
          {
            "endpoints": [
              5,
              6
            ],
            "curvature": {
              "type": "quadratic",